# -*- coding: utf-8 -*-

# Resource object code
#
# Created by: The Resource Compiler for PyQt5 (Qt v5.7.0)
#
# WARNING! All changes made in this file will be lost!

from PyQt5 import QtCore

qt_resource_data = b"\
\x00\x00\x0a\xcc\
\x3c\
\x3f\x78\x6d\x6c\x20\x76\x65\x72\x73\x69\x6f\x6e\x3d\x22\x31\x2e\
\x30\x22\x20\x65\x6e\x63\x6f\x64\x69\x6e\x67\x3d\x22\x55\x54\x46\
\x2d\x38\x22\x20\x73\x74\x61\x6e\x64\x61\x6c\x6f\x6e\x65\x3d\x22\
\x6e\x6f\x22\x3f\x3e\x0a\x3c\x21\x2d\x2d\x20\x43\x72\x65\x61\x74\
\x65\x64\x20\x77\x69\x74\x68\x20\x49\x6e\x6b\x73\x63\x61\x70\x65\
\x20\x28\x68\x74\x74\x70\x3a\x2f\x2f\x77\x77\x77\x2e\x69\x6e\x6b\
\x73\x63\x61\x70\x65\x2e\x6f\x72\x67\x2f\x29\x20\x2d\x2d\x3e\x0a\
\x0a\x3c\x73\x76\x67\x0a\x20\x20\x20\x78\x6d\x6c\x6e\x73\x3a\x64\
\x63\x3d\x22\x68\x74\x74\x70\x3a\x2f\x2f\x70\x75\x72\x6c\x2e\x6f\
\x72\x67\x2f\x64\x63\x2f\x65\x6c\x65\x6d\x65\x6e\x74\x73\x2f\x31\
\x2e\x31\x2f\x22\x0a\x20\x20\x20\x78\x6d\x6c\x6e\x73\x3a\x63\x63\
\x3d\x22\x68\x74\x74\x70\x3a\x2f\x2f\x63\x72\x65\x61\x74\x69\x76\
\x65\x63\x6f\x6d\x6d\x6f\x6e\x73\x2e\x6f\x72\x67\x2f\x6e\x73\x23\
\x22\x0a\x20\x20\x20\x78\x6d\x6c\x6e\x73\x3a\x72\x64\x66\x3d\x22\
\x68\x74\x74\x70\x3a\x2f\x2f\x77\x77\x77\x2e\x77\x33\x2e\x6f\x72\
\x67\x2f\x31\x39\x39\x39\x2f\x30\x32\x2f\x32\x32\x2d\x72\x64\x66\
\x2d\x73\x79\x6e\x74\x61\x78\x2d\x6e\x73\x23\x22\x0a\x20\x20\x20\
\x78\x6d\x6c\x6e\x73\x3a\x73\x76\x67\x3d\x22\x68\x74\x74\x70\x3a\
\x2f\x2f\x77\x77\x77\x2e\x77\x33\x2e\x6f\x72\x67\x2f\x32\x30\x30\
\x30\x2f\x73\x76\x67\x22\x0a\x20\x20\x20\x78\x6d\x6c\x6e\x73\x3d\
\x22\x68\x74\x74\x70\x3a\x2f\x2f\x77\x77\x77\x2e\x77\x33\x2e\x6f\
\x72\x67\x2f\x32\x30\x30\x30\x2f\x73\x76\x67\x22\x0a\x20\x20\x20\
\x78\x6d\x6c\x6e\x73\x3a\x73\x6f\x64\x69\x70\x6f\x64\x69\x3d\x22\
\x68\x74\x74\x70\x3a\x2f\x2f\x73\x6f\x64\x69\x70\x6f\x64\x69\x2e\
\x73\x6f\x75\x72\x63\x65\x66\x6f\x72\x67\x65\x2e\x6e\x65\x74\x2f\
\x44\x54\x44\x2f\x73\x6f\x64\x69\x70\x6f\x64\x69\x2d\x30\x2e\x64\
\x74\x64\x22\x0a\x20\x20\x20\x78\x6d\x6c\x6e\x73\x3a\x69\x6e\x6b\
\x73\x63\x61\x70\x65\x3d\x22\x68\x74\x74\x70\x3a\x2f\x2f\x77\x77\
\x77\x2e\x69\x6e\x6b\x73\x63\x61\x70\x65\x2e\x6f\x72\x67\x2f\x6e\
\x61\x6d\x65\x73\x70\x61\x63\x65\x73\x2f\x69\x6e\x6b\x73\x63\x61\
\x70\x65\x22\x0a\x20\x20\x20\x77\x69\x64\x74\x68\x3d\x22\x33\x32\
\x22\x0a\x20\x20\x20\x68\x65\x69\x67\x68\x74\x3d\x22\x33\x32\x22\
\x0a\x20\x20\x20\x76\x69\x65\x77\x42\x6f\x78\x3d\x22\x30\x20\x30\
\x20\x33\x32\x20\x33\x32\x22\x0a\x20\x20\x20\x69\x64\x3d\x22\x73\
\x76\x67\x34\x37\x35\x37\x22\x0a\x20\x20\x20\x76\x65\x72\x73\x69\
\x6f\x6e\x3d\x22\x31\x2e\x31\x22\x0a\x20\x20\x20\x69\x6e\x6b\x73\
\x63\x61\x70\x65\x3a\x76\x65\x72\x73\x69\x6f\x6e\x3d\x22\x30\x2e\
\x39\x32\x2e\x30\x20\x72\x31\x35\x32\x39\x39\x22\x0a\x20\x20\x20\
\x73\x6f\x64\x69\x70\x6f\x64\x69\x3a\x64\x6f\x63\x6e\x61\x6d\x65\
\x3d\x22\x72\x6f\x6c\x65\x5f\x72\x65\x73\x65\x74\x2e\x73\x76\x67\
\x22\x3e\x0a\x20\x20\x3c\x64\x65\x66\x73\x0a\x20\x20\x20\x20\x20\
\x69\x64\x3d\x22\x64\x65\x66\x73\x34\x37\x35\x39\x22\x20\x2f\x3e\
\x0a\x20\x20\x3c\x73\x6f\x64\x69\x70\x6f\x64\x69\x3a\x6e\x61\x6d\
\x65\x64\x76\x69\x65\x77\x0a\x20\x20\x20\x20\x20\x69\x64\x3d\x22\
\x62\x61\x73\x65\x22\x0a\x20\x20\x20\x20\x20\x70\x61\x67\x65\x63\
\x6f\x6c\x6f\x72\x3d\x22\x23\x66\x66\x66\x66\x66\x66\x22\x0a\x20\
\x20\x20\x20\x20\x62\x6f\x72\x64\x65\x72\x63\x6f\x6c\x6f\x72\x3d\
\x22\x23\x36\x36\x36\x36\x36\x36\x22\x0a\x20\x20\x20\x20\x20\x62\
\x6f\x72\x64\x65\x72\x6f\x70\x61\x63\x69\x74\x79\x3d\x22\x31\x2e\
\x30\x22\x0a\x20\x20\x20\x20\x20\x69\x6e\x6b\x73\x63\x61\x70\x65\
\x3a\x70\x61\x67\x65\x6f\x70\x61\x63\x69\x74\x79\x3d\x22\x30\x2e\
\x30\x22\x0a\x20\x20\x20\x20\x20\x69\x6e\x6b\x73\x63\x61\x70\x65\
\x3a\x70\x61\x67\x65\x73\x68\x61\x64\x6f\x77\x3d\x22\x32\x22\x0a\
\x20\x20\x20\x20\x20\x69\x6e\x6b\x73\x63\x61\x70\x65\x3a\x7a\x6f\
\x6f\x6d\x3d\x22\x32\x32\x2e\x34\x22\x0a\x20\x20\x20\x20\x20\x69\
\x6e\x6b\x73\x63\x61\x70\x65\x3a\x63\x78\x3d\x22\x31\x37\x2e\x35\
\x39\x33\x32\x38\x32\x22\x0a\x20\x20\x20\x20\x20\x69\x6e\x6b\x73\
\x63\x61\x70\x65\x3a\x63\x79\x3d\x22\x31\x33\x2e\x36\x32\x32\x32\
\x31\x33\x22\x0a\x20\x20\x20\x20\x20\x69\x6e\x6b\x73\x63\x61\x70\
\x65\x3a\x64\x6f\x63\x75\x6d\x65\x6e\x74\x2d\x75\x6e\x69\x74\x73\
\x3d\x22\x70\x78\x22\x0a\x20\x20\x20\x20\x20\x69\x6e\x6b\x73\x63\
\x61\x70\x65\x3a\x63\x75\x72\x72\x65\x6e\x74\x2d\x6c\x61\x79\x65\
\x72\x3d\x22\x6c\x61\x79\x65\x72\x31\x22\x0a\x20\x20\x20\x20\x20\
\x73\x68\x6f\x77\x67\x72\x69\x64\x3d\x22\x74\x72\x75\x65\x22\x0a\
\x20\x20\x20\x20\x20\x66\x69\x74\x2d\x6d\x61\x72\x67\x69\x6e\x2d\
\x74\x6f\x70\x3d\x22\x30\x22\x0a\x20\x20\x20\x20\x20\x66\x69\x74\
\x2d\x6d\x61\x72\x67\x69\x6e\x2d\x6c\x65\x66\x74\x3d\x22\x30\x22\
\x0a\x20\x20\x20\x20\x20\x66\x69\x74\x2d\x6d\x61\x72\x67\x69\x6e\
\x2d\x72\x69\x67\x68\x74\x3d\x22\x30\x22\x0a\x20\x20\x20\x20\x20\
\x66\x69\x74\x2d\x6d\x61\x72\x67\x69\x6e\x2d\x62\x6f\x74\x74\x6f\
\x6d\x3d\x22\x30\x22\x0a\x20\x20\x20\x20\x20\x69\x6e\x6b\x73\x63\
\x61\x70\x65\x3a\x77\x69\x6e\x64\x6f\x77\x2d\x77\x69\x64\x74\x68\
\x3d\x22\x31\x36\x38\x30\x22\x0a\x20\x20\x20\x20\x20\x69\x6e\x6b\
\x73\x63\x61\x70\x65\x3a\x77\x69\x6e\x64\x6f\x77\x2d\x68\x65\x69\
\x67\x68\x74\x3d\x22\x39\x33\x32\x22\x0a\x20\x20\x20\x20\x20\x69\
\x6e\x6b\x73\x63\x61\x70\x65\x3a\x77\x69\x6e\x64\x6f\x77\x2d\x78\
\x3d\x22\x2d\x38\x22\x0a\x20\x20\x20\x20\x20\x69\x6e\x6b\x73\x63\
\x61\x70\x65\x3a\x77\x69\x6e\x64\x6f\x77\x2d\x79\x3d\x22\x2d\x38\
\x22\x0a\x20\x20\x20\x20\x20\x69\x6e\x6b\x73\x63\x61\x70\x65\x3a\
\x77\x69\x6e\x64\x6f\x77\x2d\x6d\x61\x78\x69\x6d\x69\x7a\x65\x64\
\x3d\x22\x31\x22\x0a\x20\x20\x20\x20\x20\x75\x6e\x69\x74\x73\x3d\
\x22\x70\x78\x22\x0a\x20\x20\x20\x20\x20\x73\x63\x61\x6c\x65\x2d\
\x78\x3d\x22\x31\x22\x3e\x0a\x20\x20\x20\x20\x3c\x69\x6e\x6b\x73\
\x63\x61\x70\x65\x3a\x67\x72\x69\x64\x0a\x20\x20\x20\x20\x20\x20\
\x20\x74\x79\x70\x65\x3d\x22\x78\x79\x67\x72\x69\x64\x22\x0a\x20\
\x20\x20\x20\x20\x20\x20\x69\x64\x3d\x22\x67\x72\x69\x64\x35\x33\
\x31\x37\x22\x20\x2f\x3e\x0a\x20\x20\x3c\x2f\x73\x6f\x64\x69\x70\
\x6f\x64\x69\x3a\x6e\x61\x6d\x65\x64\x76\x69\x65\x77\x3e\x0a\x20\
\x20\x3c\x6d\x65\x74\x61\x64\x61\x74\x61\x0a\x20\x20\x20\x20\x20\
\x69\x64\x3d\x22\x6d\x65\x74\x61\x64\x61\x74\x61\x34\x37\x36\x32\
\x22\x3e\x0a\x20\x20\x20\x20\x3c\x72\x64\x66\x3a\x52\x44\x46\x3e\
\x0a\x20\x20\x20\x20\x20\x20\x3c\x63\x63\x3a\x57\x6f\x72\x6b\x0a\
\x20\x20\x20\x20\x20\x20\x20\x20\x20\x72\x64\x66\x3a\x61\x62\x6f\
\x75\x74\x3d\x22\x22\x3e\x0a\x20\x20\x20\x20\x20\x20\x20\x20\x3c\
\x64\x63\x3a\x66\x6f\x72\x6d\x61\x74\x3e\x69\x6d\x61\x67\x65\x2f\
\x73\x76\x67\x2b\x78\x6d\x6c\x3c\x2f\x64\x63\x3a\x66\x6f\x72\x6d\
\x61\x74\x3e\x0a\x20\x20\x20\x20\x20\x20\x20\x20\x3c\x64\x63\x3a\
\x74\x79\x70\x65\x0a\x20\x20\x20\x20\x20\x20\x20\x20\x20\x20\x20\
\x72\x64\x66\x3a\x72\x65\x73\x6f\x75\x72\x63\x65\x3d\x22\x68\x74\
\x74\x70\x3a\x2f\x2f\x70\x75\x72\x6c\x2e\x6f\x72\x67\x2f\x64\x63\
\x2f\x64\x63\x6d\x69\x74\x79\x70\x65\x2f\x53\x74\x69\x6c\x6c\x49\
\x6d\x61\x67\x65\x22\x20\x2f\x3e\x0a\x20\x20\x20\x20\x20\x20\x20\
\x20\x3c\x64\x63\x3a\x74\x69\x74\x6c\x65\x3e\x3c\x2f\x64\x63\x3a\
\x74\x69\x74\x6c\x65\x3e\x0a\x20\x20\x20\x20\x20\x20\x3c\x2f\x63\
\x63\x3a\x57\x6f\x72\x6b\x3e\x0a\x20\x20\x20\x20\x3c\x2f\x72\x64\
\x66\x3a\x52\x44\x46\x3e\x0a\x20\x20\x3c\x2f\x6d\x65\x74\x61\x64\
\x61\x74\x61\x3e\x0a\x20\x20\x3c\x67\x0a\x20\x20\x20\x20\x20\x69\
\x6e\x6b\x73\x63\x61\x70\x65\x3a\x6c\x61\x62\x65\x6c\x3d\x22\x4c\
\x61\x79\x65\x72\x20\x31\x22\x0a\x20\x20\x20\x20\x20\x69\x6e\x6b\
\x73\x63\x61\x70\x65\x3a\x67\x72\x6f\x75\x70\x6d\x6f\x64\x65\x3d\
\x22\x6c\x61\x79\x65\x72\x22\x0a\x20\x20\x20\x20\x20\x69\x64\x3d\
\x22\x6c\x61\x79\x65\x72\x31\x22\x0a\x20\x20\x20\x20\x20\x74\x72\
\x61\x6e\x73\x66\x6f\x72\x6d\x3d\x22\x74\x72\x61\x6e\x73\x6c\x61\
\x74\x65\x28\x2d\x33\x35\x2e\x38\x33\x30\x31\x38\x37\x2c\x2d\x33\
\x32\x2e\x36\x30\x31\x33\x34\x39\x29\x22\x3e\x0a\x20\x20\x20\x20\
\x3c\x67\x0a\x20\x20\x20\x20\x20\x20\x20\x74\x72\x61\x6e\x73\x66\
\x6f\x72\x6d\x3d\x22\x6d\x61\x74\x72\x69\x78\x28\x30\x2e\x37\x39\
\x34\x35\x34\x39\x37\x33\x2c\x30\x2c\x30\x2c\x30\x2e\x38\x30\x37\
\x36\x31\x37\x33\x34\x2c\x2d\x32\x35\x31\x2e\x32\x36\x34\x34\x37\
\x2c\x2d\x34\x37\x38\x37\x2e\x33\x38\x30\x31\x29\x22\x0a\x20\x20\
\x20\x20\x20\x20\x20\x69\x64\x3d\x22\x67\x31\x31\x39\x36\x31\x2d\
\x33\x39\x2d\x36\x2d\x38\x2d\x33\x2d\x31\x22\x3e\x0a\x20\x20\x20\
\x20\x20\x20\x3c\x72\x65\x63\x74\x0a\x20\x20\x20\x20\x20\x20\x20\
\x20\x20\x73\x74\x79\x6c\x65\x3d\x22\x66\x69\x6c\x6c\x3a\x6e\x6f\
\x6e\x65\x3b\x73\x74\x72\x6f\x6b\x65\x3a\x23\x30\x31\x37\x39\x66\
\x66\x3b\x73\x74\x72\x6f\x6b\x65\x2d\x77\x69\x64\x74\x68\x3a\x35\
\x3b\x73\x74\x72\x6f\x6b\x65\x2d\x6d\x69\x74\x65\x72\x6c\x69\x6d\
\x69\x74\x3a\x34\x3b\x73\x74\x72\x6f\x6b\x65\x2d\x64\x61\x73\x68\
\x61\x72\x72\x61\x79\x3a\x6e\x6f\x6e\x65\x3b\x73\x74\x72\x6f\x6b\
\x65\x2d\x6f\x70\x61\x63\x69\x74\x79\x3a\x31\x22\x0a\x20\x20\x20\
\x20\x20\x20\x20\x20\x20\x69\x64\x3d\x22\x72\x65\x63\x74\x31\x31\
\x39\x31\x34\x2d\x39\x2d\x38\x2d\x33\x2d\x38\x2d\x31\x2d\x38\x22\
\x0a\x20\x20\x20\x20\x20\x20\x20\x20\x20\x77\x69\x64\x74\x68\x3d\
\x22\x31\x32\x2e\x34\x39\x34\x36\x35\x32\x22\x0a\x20\x20\x20\x20\
\x20\x20\x20\x20\x20\x68\x65\x69\x67\x68\x74\x3d\x22\x32\x30\x2e\
\x33\x35\x37\x36\x36\x38\x22\x0a\x20\x20\x20\x20\x20\x20\x20\x20\
\x20\x78\x3d\x22\x33\x38\x35\x2e\x37\x35\x37\x34\x32\x22\x0a\x20\
\x20\x20\x20\x20\x20\x20\x20\x20\x79\x3d\x22\x35\x39\x38\x31\x2e\
\x33\x32\x34\x32\x22\x0a\x20\x20\x20\x20\x20\x20\x20\x20\x20\x72\
\x78\x3d\x22\x35\x2e\x32\x36\x34\x35\x38\x36\x22\x0a\x20\x20\x20\
\x20\x20\x20\x20\x20\x20\x72\x79\x3d\x22\x35\x2e\x31\x38\x32\x33\
\x33\x30\x36\x22\x20\x2f\x3e\x0a\x20\x20\x20\x20\x20\x20\x3c\x72\
\x65\x63\x74\x0a\x20\x20\x20\x20\x20\x20\x20\x20\x20\x73\x74\x79\
\x6c\x65\x3d\x22\x66\x69\x6c\x6c\x3a\x23\x30\x31\x37\x39\x66\x66\
\x3b\x66\x69\x6c\x6c\x2d\x6f\x70\x61\x63\x69\x74\x79\x3a\x31\x3b\
\x73\x74\x72\x6f\x6b\x65\x3a\x6e\x6f\x6e\x65\x22\x0a\x20\x20\x20\
\x20\x20\x20\x20\x20\x20\x69\x64\x3d\x22\x72\x65\x63\x74\x31\x30\
\x37\x32\x34\x2d\x31\x2d\x32\x2d\x31\x2d\x32\x2d\x35\x2d\x38\x2d\
\x36\x2d\x32\x2d\x34\x2d\x32\x22\x0a\x20\x20\x20\x20\x20\x20\x20\
\x20\x20\x77\x69\x64\x74\x68\x3d\x22\x31\x31\x2e\x30\x30\x32\x33\
\x34\x22\x0a\x20\x20\x20\x20\x20\x20\x20\x20\x20\x68\x65\x69\x67\
\x68\x74\x3d\x22\x39\x2e\x33\x32\x32\x34\x34\x31\x31\x22\x0a\x20\
\x20\x20\x20\x20\x20\x20\x20\x20\x78\x3d\x22\x33\x36\x31\x2e\x35\
\x30\x39\x30\x33\x22\x0a\x20\x20\x20\x20\x20\x20\x20\x20\x20\x79\
\x3d\x22\x35\x39\x38\x36\x2e\x38\x34\x31\x38\x22\x20\x2f\x3e\x0a\
\x20\x20\x20\x20\x20\x20\x3c\x70\x61\x74\x68\x0a\x20\x20\x20\x20\
\x20\x20\x20\x20\x20\x73\x74\x79\x6c\x65\x3d\x22\x66\x69\x6c\x6c\
\x3a\x23\x30\x31\x37\x39\x66\x66\x3b\x66\x69\x6c\x6c\x2d\x6f\x70\
\x61\x63\x69\x74\x79\x3a\x31\x3b\x73\x74\x72\x6f\x6b\x65\x3a\x6e\
\x6f\x6e\x65\x22\x0a\x20\x20\x20\x20\x20\x20\x20\x20\x20\x64\x3d\
\x22\x6d\x20\x33\x37\x30\x2e\x37\x30\x38\x38\x35\x2c\x35\x39\x38\
\x30\x2e\x38\x32\x37\x34\x20\x76\x20\x32\x31\x2e\x33\x35\x31\x34\
\x20\x6c\x20\x31\x32\x2e\x30\x31\x36\x39\x32\x2c\x2d\x31\x30\x2e\
\x36\x37\x35\x37\x20\x7a\x22\x0a\x20\x20\x20\x20\x20\x20\x20\x20\
\x20\x69\x64\x3d\x22\x70\x61\x74\x68\x31\x30\x37\x32\x36\x2d\x34\
\x2d\x33\x2d\x38\x2d\x37\x2d\x34\x2d\x30\x2d\x31\x2d\x39\x2d\x38\
\x2d\x36\x22\x0a\x20\x20\x20\x20\x20\x20\x20\x20\x20\x69\x6e\x6b\
\x73\x63\x61\x70\x65\x3a\x63\x6f\x6e\x6e\x65\x63\x74\x6f\x72\x2d\
\x63\x75\x72\x76\x61\x74\x75\x72\x65\x3d\x22\x30\x22\x0a\x20\x20\
\x20\x20\x20\x20\x20\x20\x20\x73\x6f\x64\x69\x70\x6f\x64\x69\x3a\
\x6e\x6f\x64\x65\x74\x79\x70\x65\x73\x3d\x22\x63\x63\x63\x63\x22\
\x20\x2f\x3e\x0a\x20\x20\x20\x20\x3c\x2f\x67\x3e\x0a\x20\x20\x3c\
\x2f\x67\x3e\x0a\x3c\x2f\x73\x76\x67\x3e\x0a\
\x00\x00\x05\xed\
\x00\
\x00\x14\x84\x78\x9c\xed\x57\x4d\x8f\xdb\x36\x10\xbd\xef\xaf\x60\
\x95\x4b\x82\x9a\x14\xbf\x24\x91\x8e\xbd\x39\x34\x08\x10\xa0\xbd\
\xb4\x29\x7a\x2c\x64\x89\x6b\xab\x91\x25\x43\xa2\xd7\xeb\xfc\xfa\
\x0e\xa9\x4f\xef\x7a\x17\x45\x90\x53\xb1\x6b\x2c\x24\x72\x1e\x87\
\x9c\xc7\xc7\xe1\x68\xf5\xe1\x61\x5f\xa2\x7b\xd3\xb4\x45\x5d\xad\
\x03\x46\x68\x80\x4c\x95\xd5\x79\x51\x6d\xd7\xc1\x9f\x5f\x3e\x61\
\x15\xa0\xd6\xa6\x55\x9e\x96\x75\x65\xd6\x41\x55\x07\x1f\x6e\x6f\
\x56\x3f\x61\x8c\x7e\x69\x4c\x6a\x4d\x8e\x4e\x85\xdd\xa1\xcf\xd5\
\xd7\x36\x4b\x0f\x06\xbd\xdd\x59\x7b\x58\x86\xe1\xe9\x74\x22\x45\
\xdf\x49\xea\x66\x1b\xbe\x43\x18\xdf\xde\xdc\xac\xda\xfb\xed\x0d\
\x42\x08\xe6\xad\xda\x65\x9e\xad\x83\x7e\xc0\xe1\xd8\x94\x1e\x98\
\x67\xa1\x29\xcd\xde\x54\xb6\x0d\x19\x61\x61\x30\xc1\xb3\x09\x9e\
\xb9\xd9\x8b\x7b\x93\xd5\xfb\x7d\x5d\xb5\x7e\x64\xd5\xbe\x99\x81\
\x9b\xfc\x6e\x44\xbb\xd5\x9c\x84\x07\x31\xad\x75\x48\x79\xc8\x39\
\x06\x04\x6e\xcf\x95\x4d\x1f\xf0\xe5\x50\x58\xe3\xb5\xa1\x9c\x52\
\x1a\x82\x6d\x42\xfe\x37\xd4\xb2\x05\x42\x0f\xf0\x3f\xc2\x87\x0e\
\xd2\xd6\xc7\x26\x33\x77\x30\xce\x90\xca\xd8\xf0\xe3\x97\x8f\xa3\
\x11\x53\x92\xdb\x7c\xe6\x66\xe0\xf3\x62\xd6\x0b\x92\xab\x74\x6f\
\xda\x43\x9a\x99\x36\x1c\xfa\xfd\xf8\x53\x91\xdb\xdd\x3a\x10\xfc\
\xf0\xe0\xdb\x3b\x53\x6c\x77\x76\xd6\x51\xe4\xeb\x00\xd6\xcc\x94\
\x52\xc2\x77\xcc\x34\xc1\x3a\x44\xef\x6f\x39\x5a\x28\x91\x8a\x48\
\xd4\x68\x2d\xb4\x87\x0c\x0b\x5f\xe6\x75\xe6\x56\xb2\x0e\x36\x47\
\x6b\xeb\xea\xef\xb6\xd8\xb7\xc6\x5a\x10\x55\x4b\x1c\x33\xb7\x80\
\x5e\x8d\x68\x07\xcd\xef\x0b\x73\x72\x3e\xba\xa5\x6c\xd2\xb6\x5b\
\x38\x42\x87\x74\x0b\x9b\x5c\xd6\xcd\x3a\x78\x73\xe7\xff\x7a\xc3\
\xa6\x6e\x72\xd3\x0c\xa6\xd8\xff\x5d\x98\x6a\x20\xa2\xb0\xe7\x4e\
\xd6\xbd\xef\x21\x08\xe7\x75\xb4\xd3\xeb\xf6\x76\x97\xe6\xf5\x69\
\x1d\xf0\xc7\xc6\x6f\x75\xbd\x5f\x07\x09\xd1\x4c\x51\xc9\x92\xc7\
\xe6\xec\x01\xc6\x48\xc2\xa8\x96\x11\x7b\x62\xf4\xeb\x49\x22\xaa\
\x98\x7e\x3a\xf2\xd8\x34\xa0\x7b\x5c\xa6\x67\x03\x41\xf9\xc7\xe0\
\xa1\xdd\xd5\xa7\x6d\xe3\xc8\xb1\xcd\xd1\x3c\x1e\xe9\x2c\x78\xb3\
\xa9\x1f\xae\x9b\x61\x43\x8e\xee\x44\xe1\x63\x55\x58\x50\x6d\xbf\
\xeb\x33\x44\x5b\xa5\x87\x17\x1c\x78\xf3\xb6\xac\x37\x69\xb9\x0e\
\xee\xd2\xb2\x7d\x82\x38\x15\x15\xb0\x85\x7b\xa5\x31\xcd\x9f\x70\
\xda\x23\x06\xed\x31\xca\xd4\x33\x10\x58\x04\x7e\xce\x76\x7e\xc1\
\xb6\x4f\x1f\x8a\x7d\xf1\xcd\x00\x49\xcc\x8b\x0c\x64\x76\x41\x51\
\x37\xac\xd3\x98\x6b\x83\xde\xf5\x40\x30\x42\xf6\xec\xce\xd6\xc3\
\xd9\x59\x02\x14\x7a\x95\x86\x4f\x65\xea\xfb\x73\x73\xd7\x4e\x7a\
\x75\x2d\x77\x76\xa2\x61\xd8\xde\xd8\x34\x4f\x6d\x3a\x41\x86\x1e\
\x07\x53\xc3\xe2\x20\x03\x2d\x7f\xff\xf8\xe9\xb6\x5f\xc1\x2a\xcb\
\x96\x7f\xd5\xcd\xd7\x61\x41\x08\x39\x40\xba\xa9\x8f\xc0\x57\x70\
\x3b\x76\xaf\xf2\x6c\x09\x39\x63\x9f\xda\xdb\x62\x0f\x4a\x75\xe9\
\xe6\x67\xc8\x11\xab\x70\x32\x5c\x80\x5d\x64\x93\xd3\xce\x6d\x63\
\xba\xe4\x73\x35\x03\xe7\xd9\xbe\x70\x83\xc2\x3f\x6c\x51\x96\x9f\
\xdd\x24\x7d\x68\x33\xa7\x85\x2d\xcd\xd4\xb9\x0a\xfb\xd5\xf7\xb1\
\x85\xb3\xe0\x56\xe1\x10\xbe\x6f\x6d\x9f\xa8\xb7\x3e\x1e\xf6\x75\
\x6e\x7a\xcd\x3f\xde\xde\x32\xdd\x18\xd0\xdd\xaf\xce\x86\xc6\x23\
\x95\x8f\x27\xa4\x9f\x71\x7b\xb1\xbd\x3a\x4e\x22\xac\x30\xc7\x1a\
\x27\x98\xc2\x93\xc3\x33\xc6\x7c\xda\xee\x26\xad\x5a\xc7\x16\x6c\
\x4e\x6a\x9b\xe2\xe1\x2d\xe4\xba\x24\xe2\x52\xab\x05\x85\xdf\xd4\
\x62\x2c\xe2\x24\x12\x52\x2f\xb0\x88\x58\x44\xb8\x62\xf1\xbb\x71\
\x3f\xa6\x79\xe1\x94\xda\x73\x09\x51\xdc\x01\x69\xcb\x37\x8a\xba\
\xdf\x7b\xd7\xc0\x7d\xb2\x59\xb2\xf7\xad\x6d\xea\xaf\x66\xb4\x76\
\xcd\xc9\x1e\x4c\xce\x7c\x18\x0c\x26\xa7\x38\xc2\x0c\xfe\x5d\x04\
\xdc\xc7\x24\x20\x12\x3a\x83\xce\x62\xf1\xaf\x25\x5c\xcd\x6f\xb1\
\x93\x37\x11\x94\x2f\x58\x14\x25\x44\x41\x3a\x7a\x37\x57\xd1\x21\
\xb5\xbb\xb9\x2a\xa6\x3c\x54\x57\x95\xc9\x6c\xdd\x60\xc8\x48\xf7\
\xa9\x3d\x36\x10\xd3\x7c\xba\x6e\x6d\x6e\x3c\x63\x34\x52\xb0\x24\
\x8d\x23\x09\xab\x4b\xb0\x84\x95\xc5\xf0\x64\xf8\x72\x80\x3b\x02\
\x48\x73\x4e\xb8\x14\x5a\x2c\x98\x8c\x34\x89\x19\x67\x88\x2e\x30\
\x8f\x48\x74\x01\xfe\x6e\x1a\x7d\xfa\x59\x8a\xa1\x59\x16\x10\x47\
\x7a\x58\xba\x7b\x68\xde\xf7\x4f\x5d\x54\x4b\x50\xb8\x69\x86\x5e\
\xdf\x28\x21\x7b\xd8\xa5\x7c\xb2\x27\x43\x47\x9e\xc2\x9d\xd0\x34\
\xe9\x79\x59\x41\x35\x74\x79\x20\x7e\x1c\x99\x02\x7e\x8e\x50\xa7\
\x5b\x05\xca\x95\x7e\xcf\xc5\x15\x36\x41\x8a\x2a\x56\x9a\x3b\x36\
\xe1\x3a\xa2\x12\x31\xee\xee\x16\xd8\x71\x0c\x4c\x53\x25\xd4\x2b\
\xad\x13\xad\xdc\x93\xea\x0e\x92\x3b\x3e\x1c\xa8\x8d\x81\x5c\xfd\
\x98\xd8\xdf\x80\x58\x46\x38\xe5\x34\x76\xc4\x0a\xc2\x45\xc2\x91\
\x16\xf0\xa2\x22\x48\x06\x52\xba\xca\x27\x79\x65\x76\xce\xac\xc4\
\xd2\x27\x27\x09\xad\xc8\xbf\x53\xc7\xf5\x15\xd1\x52\x4d\xa4\x16\
\x4a\x3a\x22\x63\xd0\x2f\xe7\xc8\x9d\x7f\x0a\xe5\x00\xa8\xd6\x60\
\xf9\x4a\xec\x25\xb1\xb1\xcf\x00\x91\x27\x96\xfa\x8c\xc0\xa0\x4f\
\x5d\xcb\x07\x4e\xb6\x4c\x4f\x1a\x65\xa8\x4b\x03\x7a\xe1\x13\xc3\
\x2b\xb3\x8f\x99\x8d\xfb\x44\xc0\x7c\x6a\x88\x7d\x62\x10\x57\x65\
\xdb\xe5\x5a\xe5\x72\xad\x80\x57\x48\x0f\x7d\xb2\xe5\x7c\xf1\x7f\
\xc8\xb5\xab\x70\x3b\xbe\x5e\xf2\x3c\x56\xc0\x5d\x7d\x9c\x36\xd9\
\x2c\xd0\x1f\x5e\xf0\x74\x7b\xc4\x22\x77\x03\xaa\xbe\x7e\xa3\x3e\
\xa5\x44\x90\x54\xe6\xc9\x7a\x5c\x97\xfb\xe0\xd2\x1c\xca\x35\x25\
\xf8\x75\x80\xfb\xe8\x92\x52\x12\x0d\x88\x6b\x80\xc6\x79\x20\x09\
\xe7\x09\x4b\xc4\x55\xc0\xf9\x3a\xa0\xd3\x86\xa0\x70\xf9\xc6\x94\
\x2d\xc6\x49\x50\x06\x75\x4d\x44\x44\xac\x13\x84\x25\x11\x91\x00\
\x6b\xe7\x00\xe1\xee\xc9\xc7\x76\x87\x63\x0b\x3a\x99\xba\x31\xb3\
\x76\x8f\x85\x62\xc9\xa3\x15\x1a\x9c\x76\x16\x85\x2e\x91\x0a\x4d\
\x4e\x07\x4b\xe7\xf2\x62\x72\x85\xbe\x5d\x2f\x22\xfb\x82\x18\xe2\
\x52\x52\xaa\xd8\xd7\xc3\x63\x03\xea\xca\x44\x10\x1d\xb9\x80\x23\
\xc5\x09\x93\x2c\x7a\x37\x97\xd2\xf7\xea\xa7\xfb\xbe\x7f\x46\x3f\
\x5e\xaf\x57\xb5\x92\xd0\xbe\x26\x16\x3e\x3b\xba\x9f\xab\x9c\xa2\
\xe7\xb5\x42\x89\x48\xa4\x96\x2f\x68\x05\xca\x29\x95\x3c\xab\x15\
\xee\xc7\x6b\xad\x9e\xd3\xca\x35\xc0\x58\x01\x3b\x8b\xbf\xfe\xba\
\x49\xbc\x56\x18\x11\x10\x08\xc2\x8c\xd0\x58\x08\x48\x29\xe0\x20\
\x42\xd8\x3f\x86\x86\xc7\xc4\xca\xe9\xa4\xeb\xef\xd1\x63\xb3\xc3\
\xd1\x05\xee\xbd\x0d\xce\x7a\xc3\x05\x6a\x72\xd6\x75\xf7\xae\xe6\
\x13\xbe\xac\x0d\x46\xe0\xfe\x8e\xe0\x26\xef\x3f\x96\x86\x16\x54\
\x9e\x5a\x11\x19\x83\x6f\xcd\x28\xa1\x51\xa2\x27\x71\xf4\x59\xc6\
\x3f\x56\xee\xb3\xf5\xf6\xe6\x5f\xdd\x4d\xb0\x5f\
\x00\x00\x09\x50\
\x3c\
\x3f\x78\x6d\x6c\x20\x76\x65\x72\x73\x69\x6f\x6e\x3d\x22\x31\x2e\
\x30\x22\x20\x65\x6e\x63\x6f\x64\x69\x6e\x67\x3d\x22\x55\x54\x46\
\x2d\x38\x22\x20\x73\x74\x61\x6e\x64\x61\x6c\x6f\x6e\x65\x3d\x22\
\x6e\x6f\x22\x3f\x3e\x0a\x3c\x21\x2d\x2d\x20\x43\x72\x65\x61\x74\
\x65\x64\x20\x77\x69\x74\x68\x20\x49\x6e\x6b\x73\x63\x61\x70\x65\
\x20\x28\x68\x74\x74\x70\x3a\x2f\x2f\x77\x77\x77\x2e\x69\x6e\x6b\
\x73\x63\x61\x70\x65\x2e\x6f\x72\x67\x2f\x29\x20\x2d\x2d\x3e\x0a\
\x0a\x3c\x73\x76\x67\x0a\x20\x20\x20\x78\x6d\x6c\x6e\x73\x3a\x64\
\x63\x3d\x22\x68\x74\x74\x70\x3a\x2f\x2f\x70\x75\x72\x6c\x2e\x6f\
\x72\x67\x2f\x64\x63\x2f\x65\x6c\x65\x6d\x65\x6e\x74\x73\x2f\x31\
\x2e\x31\x2f\x22\x0a\x20\x20\x20\x78\x6d\x6c\x6e\x73\x3a\x63\x63\
\x3d\x22\x68\x74\x74\x70\x3a\x2f\x2f\x63\x72\x65\x61\x74\x69\x76\
\x65\x63\x6f\x6d\x6d\x6f\x6e\x73\x2e\x6f\x72\x67\x2f\x6e\x73\x23\
\x22\x0a\x20\x20\x20\x78\x6d\x6c\x6e\x73\x3a\x72\x64\x66\x3d\x22\
\x68\x74\x74\x70\x3a\x2f\x2f\x77\x77\x77\x2e\x77\x33\x2e\x6f\x72\
\x67\x2f\x31\x39\x39\x39\x2f\x30\x32\x2f\x32\x32\x2d\x72\x64\x66\
\x2d\x73\x79\x6e\x74\x61\x78\x2d\x6e\x73\x23\x22\x0a\x20\x20\x20\
\x78\x6d\x6c\x6e\x73\x3a\x73\x76\x67\x3d\x22\x68\x74\x74\x70\x3a\
\x2f\x2f\x77\x77\x77\x2e\x77\x33\x2e\x6f\x72\x67\x2f\x32\x30\x30\
\x30\x2f\x73\x76\x67\x22\x0a\x20\x20\x20\x78\x6d\x6c\x6e\x73\x3d\
\x22\x68\x74\x74\x70\x3a\x2f\x2f\x77\x77\x77\x2e\x77\x33\x2e\x6f\
\x72\x67\x2f\x32\x30\x30\x30\x2f\x73\x76\x67\x22\x0a\x20\x20\x20\
\x78\x6d\x6c\x6e\x73\x3a\x73\x6f\x64\x69\x70\x6f\x64\x69\x3d\x22\
\x68\x74\x74\x70\x3a\x2f\x2f\x73\x6f\x64\x69\x70\x6f\x64\x69\x2e\
\x73\x6f\x75\x72\x63\x65\x66\x6f\x72\x67\x65\x2e\x6e\x65\x74\x2f\
\x44\x54\x44\x2f\x73\x6f\x64\x69\x70\x6f\x64\x69\x2d\x30\x2e\x64\
\x74\x64\x22\x0a\x20\x20\x20\x78\x6d\x6c\x6e\x73\x3a\x69\x6e\x6b\
\x73\x63\x61\x70\x65\x3d\x22\x68\x74\x74\x70\x3a\x2f\x2f\x77\x77\
\x77\x2e\x69\x6e\x6b\x73\x63\x61\x70\x65\x2e\x6f\x72\x67\x2f\x6e\
\x61\x6d\x65\x73\x70\x61\x63\x65\x73\x2f\x69\x6e\x6b\x73\x63\x61\
\x70\x65\x22\x0a\x20\x20\x20\x77\x69\x64\x74\x68\x3d\x22\x33\x32\
\x70\x78\x22\x0a\x20\x20\x20\x68\x65\x69\x67\x68\x74\x3d\x22\x33\
\x32\x70\x78\x22\x0a\x20\x20\x20\x69\x64\x3d\x22\x73\x76\x67\x31\
\x38\x32\x31\x39\x22\x0a\x20\x20\x20\x76\x65\x72\x73\x69\x6f\x6e\
\x3d\x22\x31\x2e\x31\x22\x0a\x20\x20\x20\x69\x6e\x6b\x73\x63\x61\
\x70\x65\x3a\x76\x65\x72\x73\x69\x6f\x6e\x3d\x22\x30\x2e\x34\x38\
\x2e\x34\x20\x72\x39\x39\x33\x39\x22\x0a\x20\x20\x20\x73\x6f\x64\
\x69\x70\x6f\x64\x69\x3a\x64\x6f\x63\x6e\x61\x6d\x65\x3d\x22\x62\
\x75\x74\x74\x6f\x6e\x5f\x70\x61\x75\x73\x65\x73\x69\x6d\x2e\x73\
\x76\x67\x22\x3e\x0a\x20\x20\x3c\x64\x65\x66\x73\x0a\x20\x20\x20\
\x20\x20\x69\x64\x3d\x22\x64\x65\x66\x73\x31\x38\x32\x32\x31\x22\
\x20\x2f\x3e\x0a\x20\x20\x3c\x73\x6f\x64\x69\x70\x6f\x64\x69\x3a\
\x6e\x61\x6d\x65\x64\x76\x69\x65\x77\x0a\x20\x20\x20\x20\x20\x69\
\x64\x3d\x22\x62\x61\x73\x65\x22\x0a\x20\x20\x20\x20\x20\x70\x61\
\x67\x65\x63\x6f\x6c\x6f\x72\x3d\x22\x23\x66\x66\x66\x66\x66\x66\
\x22\x0a\x20\x20\x20\x20\x20\x62\x6f\x72\x64\x65\x72\x63\x6f\x6c\
\x6f\x72\x3d\x22\x23\x36\x36\x36\x36\x36\x36\x22\x0a\x20\x20\x20\
\x20\x20\x62\x6f\x72\x64\x65\x72\x6f\x70\x61\x63\x69\x74\x79\x3d\
\x22\x31\x2e\x30\x22\x0a\x20\x20\x20\x20\x20\x69\x6e\x6b\x73\x63\
\x61\x70\x65\x3a\x70\x61\x67\x65\x6f\x70\x61\x63\x69\x74\x79\x3d\
\x22\x30\x2e\x30\x22\x0a\x20\x20\x20\x20\x20\x69\x6e\x6b\x73\x63\
\x61\x70\x65\x3a\x70\x61\x67\x65\x73\x68\x61\x64\x6f\x77\x3d\x22\
\x32\x22\x0a\x20\x20\x20\x20\x20\x69\x6e\x6b\x73\x63\x61\x70\x65\
\x3a\x7a\x6f\x6f\x6d\x3d\x22\x31\x31\x2e\x31\x39\x37\x38\x30\x32\
\x22\x0a\x20\x20\x20\x20\x20\x69\x6e\x6b\x73\x63\x61\x70\x65\x3a\
\x63\x78\x3d\x22\x31\x37\x2e\x39\x33\x38\x31\x35\x33\x22\x0a\x20\
\x20\x20\x20\x20\x69\x6e\x6b\x73\x63\x61\x70\x65\x3a\x63\x79\x3d\
\x22\x31\x33\x2e\x36\x31\x35\x31\x37\x34\x22\x0a\x20\x20\x20\x20\
\x20\x69\x6e\x6b\x73\x63\x61\x70\x65\x3a\x63\x75\x72\x72\x65\x6e\
\x74\x2d\x6c\x61\x79\x65\x72\x3d\x22\x6c\x61\x79\x65\x72\x31\x22\
\x0a\x20\x20\x20\x20\x20\x73\x68\x6f\x77\x67\x72\x69\x64\x3d\x22\
\x74\x72\x75\x65\x22\x0a\x20\x20\x20\x20\x20\x69\x6e\x6b\x73\x63\
\x61\x70\x65\x3a\x67\x72\x69\x64\x2d\x62\x62\x6f\x78\x3d\x22\x74\
\x72\x75\x65\x22\x0a\x20\x20\x20\x20\x20\x69\x6e\x6b\x73\x63\x61\
\x70\x65\x3a\x64\x6f\x63\x75\x6d\x65\x6e\x74\x2d\x75\x6e\x69\x74\
\x73\x3d\x22\x70\x78\x22\x0a\x20\x20\x20\x20\x20\x69\x6e\x6b\x73\
\x63\x61\x70\x65\x3a\x73\x6e\x61\x70\x2d\x62\x62\x6f\x78\x3d\x22\
\x74\x72\x75\x65\x22\x0a\x20\x20\x20\x20\x20\x69\x6e\x6b\x73\x63\
\x61\x70\x65\x3a\x77\x69\x6e\x64\x6f\x77\x2d\x77\x69\x64\x74\x68\
\x3d\x22\x39\x34\x34\x22\x0a\x20\x20\x20\x20\x20\x69\x6e\x6b\x73\
\x63\x61\x70\x65\x3a\x77\x69\x6e\x64\x6f\x77\x2d\x68\x65\x69\x67\
\x68\x74\x3d\x22\x31\x30\x30\x32\x22\x0a\x20\x20\x20\x20\x20\x69\
\x6e\x6b\x73\x63\x61\x70\x65\x3a\x77\x69\x6e\x64\x6f\x77\x2d\x78\
\x3d\x22\x39\x36\x30\x22\x0a\x20\x20\x20\x20\x20\x69\x6e\x6b\x73\
\x63\x61\x70\x65\x3a\x77\x69\x6e\x64\x6f\x77\x2d\x79\x3d\x22\x30\
\x22\x0a\x20\x20\x20\x20\x20\x69\x6e\x6b\x73\x63\x61\x70\x65\x3a\
\x77\x69\x6e\x64\x6f\x77\x2d\x6d\x61\x78\x69\x6d\x69\x7a\x65\x64\
\x3d\x22\x30\x22\x0a\x20\x20\x20\x20\x20\x69\x6e\x6b\x73\x63\x61\
\x70\x65\x3a\x73\x6e\x61\x70\x2d\x67\x6c\x6f\x62\x61\x6c\x3d\x22\
\x66\x61\x6c\x73\x65\x22\x3e\x0a\x20\x20\x20\x20\x3c\x69\x6e\x6b\
\x73\x63\x61\x70\x65\x3a\x67\x72\x69\x64\x0a\x20\x20\x20\x20\x20\
\x20\x20\x74\x79\x70\x65\x3d\x22\x78\x79\x67\x72\x69\x64\x22\x0a\
\x20\x20\x20\x20\x20\x20\x20\x69\x64\x3d\x22\x67\x72\x69\x64\x31\
\x38\x32\x32\x37\x22\x20\x2f\x3e\x0a\x20\x20\x3c\x2f\x73\x6f\x64\
\x69\x70\x6f\x64\x69\x3a\x6e\x61\x6d\x65\x64\x76\x69\x65\x77\x3e\
\x0a\x20\x20\x3c\x6d\x65\x74\x61\x64\x61\x74\x61\x0a\x20\x20\x20\
\x20\x20\x69\x64\x3d\x22\x6d\x65\x74\x61\x64\x61\x74\x61\x31\x38\
\x32\x32\x34\x22\x3e\x0a\x20\x20\x20\x20\x3c\x72\x64\x66\x3a\x52\
\x44\x46\x3e\x0a\x20\x20\x20\x20\x20\x20\x3c\x63\x63\x3a\x57\x6f\
\x72\x6b\x0a\x20\x20\x20\x20\x20\x20\x20\x20\x20\x72\x64\x66\x3a\
\x61\x62\x6f\x75\x74\x3d\x22\x22\x3e\x0a\x20\x20\x20\x20\x20\x20\
\x20\x20\x3c\x64\x63\x3a\x66\x6f\x72\x6d\x61\x74\x3e\x69\x6d\x61\
\x67\x65\x2f\x73\x76\x67\x2b\x78\x6d\x6c\x3c\x2f\x64\x63\x3a\x66\
\x6f\x72\x6d\x61\x74\x3e\x0a\x20\x20\x20\x20\x20\x20\x20\x20\x3c\
\x64\x63\x3a\x74\x79\x70\x65\x0a\x20\x20\x20\x20\x20\x20\x20\x20\
\x20\x20\x20\x72\x64\x66\x3a\x72\x65\x73\x6f\x75\x72\x63\x65\x3d\
\x22\x68\x74\x74\x70\x3a\x2f\x2f\x70\x75\x72\x6c\x2e\x6f\x72\x67\
\x2f\x64\x63\x2f\x64\x63\x6d\x69\x74\x79\x70\x65\x2f\x53\x74\x69\
\x6c\x6c\x49\x6d\x61\x67\x65\x22\x20\x2f\x3e\x0a\x20\x20\x20\x20\
\x20\x20\x20\x20\x3c\x64\x63\x3a\x74\x69\x74\x6c\x65\x3e\x3c\x2f\
\x64\x63\x3a\x74\x69\x74\x6c\x65\x3e\x0a\x20\x20\x20\x20\x20\x20\
\x3c\x2f\x63\x63\x3a\x57\x6f\x72\x6b\x3e\x0a\x20\x20\x20\x20\x3c\
\x2f\x72\x64\x66\x3a\x52\x44\x46\x3e\x0a\x20\x20\x3c\x2f\x6d\x65\
\x74\x61\x64\x61\x74\x61\x3e\x0a\x20\x20\x3c\x67\x0a\x20\x20\x20\
\x20\x20\x69\x64\x3d\x22\x6c\x61\x79\x65\x72\x31\x22\x0a\x20\x20\
\x20\x20\x20\x69\x6e\x6b\x73\x63\x61\x70\x65\x3a\x6c\x61\x62\x65\
\x6c\x3d\x22\x4c\x61\x79\x65\x72\x20\x31\x22\x0a\x20\x20\x20\x20\
\x20\x69\x6e\x6b\x73\x63\x61\x70\x65\x3a\x67\x72\x6f\x75\x70\x6d\
\x6f\x64\x65\x3d\x22\x6c\x61\x79\x65\x72\x22\x3e\x0a\x20\x20\x20\
\x20\x3c\x67\x0a\x20\x20\x20\x20\x20\x20\x20\x74\x72\x61\x6e\x73\
\x66\x6f\x72\x6d\x3d\x22\x6d\x61\x74\x72\x69\x78\x28\x30\x2e\x35\
\x35\x33\x32\x31\x35\x31\x38\x2c\x30\x2c\x30\x2c\x30\x2e\x35\x35\
\x33\x32\x31\x35\x31\x38\x2c\x31\x30\x38\x34\x2e\x32\x38\x35\x2c\
\x2d\x34\x37\x38\x31\x2e\x30\x39\x39\x38\x29\x22\x0a\x20\x20\x20\
\x20\x20\x20\x20\x69\x64\x3d\x22\x67\x31\x32\x37\x31\x35\x2d\x32\
\x2d\x37\x2d\x32\x2d\x39\x22\x3e\x0a\x20\x20\x20\x20\x20\x20\x3c\
\x70\x61\x74\x68\x0a\x20\x20\x20\x20\x20\x20\x20\x20\x20\x73\x74\
\x79\x6c\x65\x3d\x22\x66\x69\x6c\x6c\x3a\x23\x30\x30\x36\x30\x62\
\x38\x3b\x66\x69\x6c\x6c\x2d\x6f\x70\x61\x63\x69\x74\x79\x3a\x31\
\x3b\x73\x74\x72\x6f\x6b\x65\x3a\x6e\x6f\x6e\x65\x22\x0a\x20\x20\
\x20\x20\x20\x20\x20\x20\x20\x64\x3d\x22\x6d\x20\x2d\x31\x39\x35\
\x38\x2e\x30\x35\x31\x36\x2c\x38\x36\x39\x38\x2e\x33\x39\x33\x39\
\x20\x33\x39\x2e\x33\x32\x33\x32\x2c\x2d\x32\x37\x2e\x30\x38\x34\
\x39\x20\x2d\x33\x39\x2e\x33\x32\x33\x32\x2c\x2d\x32\x37\x2e\x30\
\x38\x34\x39\x20\x7a\x22\x0a\x20\x20\x20\x20\x20\x20\x20\x20\x20\
\x69\x64\x3d\x22\x70\x61\x74\x68\x33\x37\x39\x33\x2d\x30\x2d\x32\
\x2d\x30\x2d\x34\x2d\x33\x2d\x35\x33\x2d\x36\x2d\x32\x2d\x36\x2d\
\x31\x2d\x30\x2d\x35\x2d\x33\x2d\x34\x2d\x38\x2d\x35\x2d\x39\x22\
\x0a\x20\x20\x20\x20\x20\x20\x20\x20\x20\x69\x6e\x6b\x73\x63\x61\
\x70\x65\x3a\x63\x6f\x6e\x6e\x65\x63\x74\x6f\x72\x2d\x63\x75\x72\
\x76\x61\x74\x75\x72\x65\x3d\x22\x30\x22\x20\x2f\x3e\x0a\x20\x20\
\x20\x20\x20\x20\x3c\x72\x65\x63\x74\x0a\x20\x20\x20\x20\x20\x20\
\x20\x20\x20\x72\x79\x3d\x22\x30\x22\x0a\x20\x20\x20\x20\x20\x20\
\x20\x20\x20\x72\x78\x3d\x22\x30\x22\x0a\x20\x20\x20\x20\x20\x20\
\x20\x20\x20\x79\x3d\x22\x38\x36\x34\x34\x2e\x32\x35\x34\x39\x22\
\x0a\x20\x20\x20\x20\x20\x20\x20\x20\x20\x78\x3d\x22\x2d\x31\x39\
\x31\x37\x2e\x30\x37\x34\x38\x22\x0a\x20\x20\x20\x20\x20\x20\x20\
\x20\x20\x68\x65\x69\x67\x68\x74\x3d\x22\x35\x34\x2e\x31\x30\x37\
\x39\x36\x37\x22\x0a\x20\x20\x20\x20\x20\x20\x20\x20\x20\x77\x69\
\x64\x74\x68\x3d\x22\x31\x33\x2e\x30\x33\x30\x35\x37\x39\x22\x0a\
\x20\x20\x20\x20\x20\x20\x20\x20\x20\x69\x64\x3d\x22\x72\x65\x63\
\x74\x31\x30\x38\x37\x31\x2d\x34\x2d\x31\x2d\x35\x2d\x32\x2d\x33\
\x2d\x38\x2d\x39\x2d\x33\x2d\x37\x2d\x33\x2d\x34\x2d\x37\x2d\x31\
\x2d\x31\x2d\x35\x2d\x33\x2d\x30\x2d\x37\x22\x0a\x20\x20\x20\x20\
\x20\x20\x20\x20\x20\x73\x74\x79\x6c\x65\x3d\x22\x66\x69\x6c\x6c\
\x3a\x23\x30\x30\x36\x30\x62\x38\x3b\x66\x69\x6c\x6c\x2d\x6f\x70\
\x61\x63\x69\x74\x79\x3a\x31\x3b\x73\x74\x72\x6f\x6b\x65\x3a\x6e\
\x6f\x6e\x65\x22\x20\x2f\x3e\x0a\x20\x20\x20\x20\x3c\x2f\x67\x3e\
\x0a\x20\x20\x3c\x2f\x67\x3e\x0a\x3c\x2f\x73\x76\x67\x3e\x0a\
\x00\x00\x07\xc1\
\x3c\
\x3f\x78\x6d\x6c\x20\x76\x65\x72\x73\x69\x6f\x6e\x3d\x22\x31\x2e\
\x30\x22\x20\x65\x6e\x63\x6f\x64\x69\x6e\x67\x3d\x22\x55\x54\x46\
\x2d\x38\x22\x20\x73\x74\x61\x6e\x64\x61\x6c\x6f\x6e\x65\x3d\x22\
\x6e\x6f\x22\x3f\x3e\x0a\x3c\x21\x2d\x2d\x20\x43\x72\x65\x61\x74\
\x65\x64\x20\x77\x69\x74\x68\x20\x49\x6e\x6b\x73\x63\x61\x70\x65\
\x20\x28\x68\x74\x74\x70\x3a\x2f\x2f\x77\x77\x77\x2e\x69\x6e\x6b\
\x73\x63\x61\x70\x65\x2e\x6f\x72\x67\x2f\x29\x20\x2d\x2d\x3e\x0a\
\x0a\x3c\x73\x76\x67\x0a\x20\x20\x20\x78\x6d\x6c\x6e\x73\x3a\x64\
\x63\x3d\x22\x68\x74\x74\x70\x3a\x2f\x2f\x70\x75\x72\x6c\x2e\x6f\
\x72\x67\x2f\x64\x63\x2f\x65\x6c\x65\x6d\x65\x6e\x74\x73\x2f\x31\
\x2e\x31\x2f\x22\x0a\x20\x20\x20\x78\x6d\x6c\x6e\x73\x3a\x63\x63\
\x3d\x22\x68\x74\x74\x70\x3a\x2f\x2f\x63\x72\x65\x61\x74\x69\x76\
\x65\x63\x6f\x6d\x6d\x6f\x6e\x73\x2e\x6f\x72\x67\x2f\x6e\x73\x23\
\x22\x0a\x20\x20\x20\x78\x6d\x6c\x6e\x73\x3a\x72\x64\x66\x3d\x22\
\x68\x74\x74\x70\x3a\x2f\x2f\x77\x77\x77\x2e\x77\x33\x2e\x6f\x72\
\x67\x2f\x31\x39\x39\x39\x2f\x30\x32\x2f\x32\x32\x2d\x72\x64\x66\
\x2d\x73\x79\x6e\x74\x61\x78\x2d\x6e\x73\x23\x22\x0a\x20\x20\x20\
\x78\x6d\x6c\x6e\x73\x3a\x73\x76\x67\x3d\x22\x68\x74\x74\x70\x3a\
\x2f\x2f\x77\x77\x77\x2e\x77\x33\x2e\x6f\x72\x67\x2f\x32\x30\x30\
\x30\x2f\x73\x76\x67\x22\x0a\x20\x20\x20\x78\x6d\x6c\x6e\x73\x3d\
\x22\x68\x74\x74\x70\x3a\x2f\x2f\x77\x77\x77\x2e\x77\x33\x2e\x6f\
\x72\x67\x2f\x32\x30\x30\x30\x2f\x73\x76\x67\x22\x0a\x20\x20\x20\
\x78\x6d\x6c\x6e\x73\x3a\x73\x6f\x64\x69\x70\x6f\x64\x69\x3d\x22\
\x68\x74\x74\x70\x3a\x2f\x2f\x73\x6f\x64\x69\x70\x6f\x64\x69\x2e\
\x73\x6f\x75\x72\x63\x65\x66\x6f\x72\x67\x65\x2e\x6e\x65\x74\x2f\
\x44\x54\x44\x2f\x73\x6f\x64\x69\x70\x6f\x64\x69\x2d\x30\x2e\x64\
\x74\x64\x22\x0a\x20\x20\x20\x78\x6d\x6c\x6e\x73\x3a\x69\x6e\x6b\
\x73\x63\x61\x70\x65\x3d\x22\x68\x74\x74\x70\x3a\x2f\x2f\x77\x77\
\x77\x2e\x69\x6e\x6b\x73\x63\x61\x70\x65\x2e\x6f\x72\x67\x2f\x6e\
\x61\x6d\x65\x73\x70\x61\x63\x65\x73\x2f\x69\x6e\x6b\x73\x63\x61\
\x70\x65\x22\x0a\x20\x20\x20\x77\x69\x64\x74\x68\x3d\x22\x33\x32\
\x70\x78\x22\x0a\x20\x20\x20\x68\x65\x69\x67\x68\x74\x3d\x22\x33\
\x32\x70\x78\x22\x0a\x20\x20\x20\x69\x64\x3d\x22\x73\x76\x67\x31\
\x38\x32\x31\x39\x22\x0a\x20\x20\x20\x76\x65\x72\x73\x69\x6f\x6e\
\x3d\x22\x31\x2e\x31\x22\x0a\x20\x20\x20\x69\x6e\x6b\x73\x63\x61\
\x70\x65\x3a\x76\x65\x72\x73\x69\x6f\x6e\x3d\x22\x30\x2e\x34\x38\
\x2e\x34\x20\x72\x39\x39\x33\x39\x22\x0a\x20\x20\x20\x73\x6f\x64\
\x69\x70\x6f\x64\x69\x3a\x64\x6f\x63\x6e\x61\x6d\x65\x3d\x22\x62\
\x75\x74\x74\x6f\x6e\x5f\x73\x74\x6f\x70\x73\x69\x6d\x2e\x73\x76\
\x67\x22\x3e\x0a\x20\x20\x3c\x64\x65\x66\x73\x0a\x20\x20\x20\x20\
\x20\x69\x64\x3d\x22\x64\x65\x66\x73\x31\x38\x32\x32\x31\x22\x20\
\x2f\x3e\x0a\x20\x20\x3c\x73\x6f\x64\x69\x70\x6f\x64\x69\x3a\x6e\
\x61\x6d\x65\x64\x76\x69\x65\x77\x0a\x20\x20\x20\x20\x20\x69\x64\
\x3d\x22\x62\x61\x73\x65\x22\x0a\x20\x20\x20\x20\x20\x70\x61\x67\
\x65\x63\x6f\x6c\x6f\x72\x3d\x22\x23\x66\x66\x66\x66\x66\x66\x22\
\x0a\x20\x20\x20\x20\x20\x62\x6f\x72\x64\x65\x72\x63\x6f\x6c\x6f\
\x72\x3d\x22\x23\x36\x36\x36\x36\x36\x36\x22\x0a\x20\x20\x20\x20\
\x20\x62\x6f\x72\x64\x65\x72\x6f\x70\x61\x63\x69\x74\x79\x3d\x22\
\x31\x2e\x30\x22\x0a\x20\x20\x20\x20\x20\x69\x6e\x6b\x73\x63\x61\
\x70\x65\x3a\x70\x61\x67\x65\x6f\x70\x61\x63\x69\x74\x79\x3d\x22\
\x30\x2e\x30\x22\x0a\x20\x20\x20\x20\x20\x69\x6e\x6b\x73\x63\x61\
\x70\x65\x3a\x70\x61\x67\x65\x73\x68\x61\x64\x6f\x77\x3d\x22\x32\
\x22\x0a\x20\x20\x20\x20\x20\x69\x6e\x6b\x73\x63\x61\x70\x65\x3a\
\x7a\x6f\x6f\x6d\x3d\x22\x31\x31\x2e\x31\x39\x37\x38\x30\x32\x22\
\x0a\x20\x20\x20\x20\x20\x69\x6e\x6b\x73\x63\x61\x70\x65\x3a\x63\
\x78\x3d\x22\x31\x32\x2e\x30\x37\x35\x38\x39\x35\x22\x0a\x20\x20\
\x20\x20\x20\x69\x6e\x6b\x73\x63\x61\x70\x65\x3a\x63\x79\x3d\x22\
\x39\x2e\x37\x31\x34\x30\x35\x36\x35\x22\x0a\x20\x20\x20\x20\x20\
\x69\x6e\x6b\x73\x63\x61\x70\x65\x3a\x63\x75\x72\x72\x65\x6e\x74\
\x2d\x6c\x61\x79\x65\x72\x3d\x22\x6c\x61\x79\x65\x72\x31\x22\x0a\
\x20\x20\x20\x20\x20\x73\x68\x6f\x77\x67\x72\x69\x64\x3d\x22\x74\
\x72\x75\x65\x22\x0a\x20\x20\x20\x20\x20\x69\x6e\x6b\x73\x63\x61\
\x70\x65\x3a\x67\x72\x69\x64\x2d\x62\x62\x6f\x78\x3d\x22\x74\x72\
\x75\x65\x22\x0a\x20\x20\x20\x20\x20\x69\x6e\x6b\x73\x63\x61\x70\
\x65\x3a\x64\x6f\x63\x75\x6d\x65\x6e\x74\x2d\x75\x6e\x69\x74\x73\
\x3d\x22\x70\x78\x22\x0a\x20\x20\x20\x20\x20\x69\x6e\x6b\x73\x63\
\x61\x70\x65\x3a\x73\x6e\x61\x70\x2d\x62\x62\x6f\x78\x3d\x22\x74\
\x72\x75\x65\x22\x0a\x20\x20\x20\x20\x20\x69\x6e\x6b\x73\x63\x61\
\x70\x65\x3a\x77\x69\x6e\x64\x6f\x77\x2d\x77\x69\x64\x74\x68\x3d\
\x22\x39\x34\x34\x22\x0a\x20\x20\x20\x20\x20\x69\x6e\x6b\x73\x63\
\x61\x70\x65\x3a\x77\x69\x6e\x64\x6f\x77\x2d\x68\x65\x69\x67\x68\
\x74\x3d\x22\x31\x30\x30\x32\x22\x0a\x20\x20\x20\x20\x20\x69\x6e\
\x6b\x73\x63\x61\x70\x65\x3a\x77\x69\x6e\x64\x6f\x77\x2d\x78\x3d\
\x22\x39\x36\x30\x22\x0a\x20\x20\x20\x20\x20\x69\x6e\x6b\x73\x63\
\x61\x70\x65\x3a\x77\x69\x6e\x64\x6f\x77\x2d\x79\x3d\x22\x30\x22\
\x0a\x20\x20\x20\x20\x20\x69\x6e\x6b\x73\x63\x61\x70\x65\x3a\x77\
\x69\x6e\x64\x6f\x77\x2d\x6d\x61\x78\x69\x6d\x69\x7a\x65\x64\x3d\
\x22\x30\x22\x0a\x20\x20\x20\x20\x20\x69\x6e\x6b\x73\x63\x61\x70\
\x65\x3a\x73\x6e\x61\x70\x2d\x67\x6c\x6f\x62\x61\x6c\x3d\x22\x66\
\x61\x6c\x73\x65\x22\x3e\x0a\x20\x20\x20\x20\x3c\x69\x6e\x6b\x73\
\x63\x61\x70\x65\x3a\x67\x72\x69\x64\x0a\x20\x20\x20\x20\x20\x20\
\x20\x74\x79\x70\x65\x3d\x22\x78\x79\x67\x72\x69\x64\x22\x0a\x20\
\x20\x20\x20\x20\x20\x20\x69\x64\x3d\x22\x67\x72\x69\x64\x31\x38\
\x32\x32\x37\x22\x20\x2f\x3e\x0a\x20\x20\x3c\x2f\x73\x6f\x64\x69\
\x70\x6f\x64\x69\x3a\x6e\x61\x6d\x65\x64\x76\x69\x65\x77\x3e\x0a\
\x20\x20\x3c\x6d\x65\x74\x61\x64\x61\x74\x61\x0a\x20\x20\x20\x20\
\x20\x69\x64\x3d\x22\x6d\x65\x74\x61\x64\x61\x74\x61\x31\x38\x32\
\x32\x34\x22\x3e\x0a\x20\x20\x20\x20\x3c\x72\x64\x66\x3a\x52\x44\
\x46\x3e\x0a\x20\x20\x20\x20\x20\x20\x3c\x63\x63\x3a\x57\x6f\x72\
\x6b\x0a\x20\x20\x20\x20\x20\x20\x20\x20\x20\x72\x64\x66\x3a\x61\
\x62\x6f\x75\x74\x3d\x22\x22\x3e\x0a\x20\x20\x20\x20\x20\x20\x20\
\x20\x3c\x64\x63\x3a\x66\x6f\x72\x6d\x61\x74\x3e\x69\x6d\x61\x67\
\x65\x2f\x73\x76\x67\x2b\x78\x6d\x6c\x3c\x2f\x64\x63\x3a\x66\x6f\
\x72\x6d\x61\x74\x3e\x0a\x20\x20\x20\x20\x20\x20\x20\x20\x3c\x64\
\x63\x3a\x74\x79\x70\x65\x0a\x20\x20\x20\x20\x20\x20\x20\x20\x20\
\x20\x20\x72\x64\x66\x3a\x72\x65\x73\x6f\x75\x72\x63\x65\x3d\x22\
\x68\x74\x74\x70\x3a\x2f\x2f\x70\x75\x72\x6c\x2e\x6f\x72\x67\x2f\
\x64\x63\x2f\x64\x63\x6d\x69\x74\x79\x70\x65\x2f\x53\x74\x69\x6c\
\x6c\x49\x6d\x61\x67\x65\x22\x20\x2f\x3e\x0a\x20\x20\x20\x20\x20\
\x20\x20\x20\x3c\x64\x63\x3a\x74\x69\x74\x6c\x65\x3e\x3c\x2f\x64\
\x63\x3a\x74\x69\x74\x6c\x65\x3e\x0a\x20\x20\x20\x20\x20\x20\x3c\
\x2f\x63\x63\x3a\x57\x6f\x72\x6b\x3e\x0a\x20\x20\x20\x20\x3c\x2f\
\x72\x64\x66\x3a\x52\x44\x46\x3e\x0a\x20\x20\x3c\x2f\x6d\x65\x74\
\x61\x64\x61\x74\x61\x3e\x0a\x20\x20\x3c\x67\x0a\x20\x20\x20\x20\
\x20\x69\x64\x3d\x22\x6c\x61\x79\x65\x72\x31\x22\x0a\x20\x20\x20\
\x20\x20\x69\x6e\x6b\x73\x63\x61\x70\x65\x3a\x6c\x61\x62\x65\x6c\
\x3d\x22\x4c\x61\x79\x65\x72\x20\x31\x22\x0a\x20\x20\x20\x20\x20\
\x69\x6e\x6b\x73\x63\x61\x70\x65\x3a\x67\x72\x6f\x75\x70\x6d\x6f\
\x64\x65\x3d\x22\x6c\x61\x79\x65\x72\x22\x3e\x0a\x20\x20\x20\x20\
\x3c\x70\x61\x74\x68\x0a\x20\x20\x20\x20\x20\x20\x20\x69\x6e\x6b\
\x73\x63\x61\x70\x65\x3a\x63\x6f\x6e\x6e\x65\x63\x74\x6f\x72\x2d\
\x63\x75\x72\x76\x61\x74\x75\x72\x65\x3d\x22\x30\x22\x0a\x20\x20\
\x20\x20\x20\x20\x20\x69\x64\x3d\x22\x70\x61\x74\x68\x33\x37\x39\
\x33\x2d\x30\x2d\x32\x2d\x30\x2d\x34\x2d\x33\x2d\x35\x33\x2d\x36\
\x2d\x32\x2d\x35\x2d\x34\x2d\x36\x2d\x38\x2d\x34\x2d\x34\x2d\x36\
\x2d\x38\x22\x0a\x20\x20\x20\x20\x20\x20\x20\x64\x3d\x22\x4d\x20\
\x36\x2e\x34\x30\x34\x31\x36\x37\x39\x2c\x33\x30\x2e\x38\x31\x37\
\x39\x37\x37\x20\x32\x37\x2e\x39\x31\x37\x37\x31\x36\x2c\x31\x36\
\x20\x36\x2e\x34\x30\x34\x31\x36\x37\x39\x2c\x31\x2e\x31\x38\x32\
\x30\x32\x33\x32\x20\x7a\x22\x0a\x20\x20\x20\x20\x20\x20\x20\x73\
\x74\x79\x6c\x65\x3d\x22\x66\x69\x6c\x6c\x3a\x23\x33\x30\x62\x39\
\x33\x30\x3b\x66\x69\x6c\x6c\x2d\x6f\x70\x61\x63\x69\x74\x79\x3a\
\x31\x3b\x73\x74\x72\x6f\x6b\x65\x3a\x6e\x6f\x6e\x65\x22\x20\x2f\
\x3e\x0a\x20\x20\x3c\x2f\x67\x3e\x0a\x3c\x2f\x73\x76\x67\x3e\x0a\
\
\x00\x00\x0a\xb0\
\x3c\
\x3f\x78\x6d\x6c\x20\x76\x65\x72\x73\x69\x6f\x6e\x3d\x22\x31\x2e\
\x30\x22\x20\x65\x6e\x63\x6f\x64\x69\x6e\x67\x3d\x22\x55\x54\x46\
\x2d\x38\x22\x20\x73\x74\x61\x6e\x64\x61\x6c\x6f\x6e\x65\x3d\x22\
\x6e\x6f\x22\x3f\x3e\x0a\x3c\x21\x2d\x2d\x20\x43\x72\x65\x61\x74\
\x65\x64\x20\x77\x69\x74\x68\x20\x49\x6e\x6b\x73\x63\x61\x70\x65\
\x20\x28\x68\x74\x74\x70\x3a\x2f\x2f\x77\x77\x77\x2e\x69\x6e\x6b\
\x73\x63\x61\x70\x65\x2e\x6f\x72\x67\x2f\x29\x20\x2d\x2d\x3e\x0a\
\x0a\x3c\x73\x76\x67\x0a\x20\x20\x20\x78\x6d\x6c\x6e\x73\x3a\x64\
\x63\x3d\x22\x68\x74\x74\x70\x3a\x2f\x2f\x70\x75\x72\x6c\x2e\x6f\
\x72\x67\x2f\x64\x63\x2f\x65\x6c\x65\x6d\x65\x6e\x74\x73\x2f\x31\
\x2e\x31\x2f\x22\x0a\x20\x20\x20\x78\x6d\x6c\x6e\x73\x3a\x63\x63\
\x3d\x22\x68\x74\x74\x70\x3a\x2f\x2f\x63\x72\x65\x61\x74\x69\x76\
\x65\x63\x6f\x6d\x6d\x6f\x6e\x73\x2e\x6f\x72\x67\x2f\x6e\x73\x23\
\x22\x0a\x20\x20\x20\x78\x6d\x6c\x6e\x73\x3a\x72\x64\x66\x3d\x22\
\x68\x74\x74\x70\x3a\x2f\x2f\x77\x77\x77\x2e\x77\x33\x2e\x6f\x72\
\x67\x2f\x31\x39\x39\x39\x2f\x30\x32\x2f\x32\x32\x2d\x72\x64\x66\
\x2d\x73\x79\x6e\x74\x61\x78\x2d\x6e\x73\x23\x22\x0a\x20\x20\x20\
\x78\x6d\x6c\x6e\x73\x3a\x73\x76\x67\x3d\x22\x68\x74\x74\x70\x3a\
\x2f\x2f\x77\x77\x77\x2e\x77\x33\x2e\x6f\x72\x67\x2f\x32\x30\x30\
\x30\x2f\x73\x76\x67\x22\x0a\x20\x20\x20\x78\x6d\x6c\x6e\x73\x3d\
\x22\x68\x74\x74\x70\x3a\x2f\x2f\x77\x77\x77\x2e\x77\x33\x2e\x6f\
\x72\x67\x2f\x32\x30\x30\x30\x2f\x73\x76\x67\x22\x0a\x20\x20\x20\
\x78\x6d\x6c\x6e\x73\x3a\x73\x6f\x64\x69\x70\x6f\x64\x69\x3d\x22\
\x68\x74\x74\x70\x3a\x2f\x2f\x73\x6f\x64\x69\x70\x6f\x64\x69\x2e\
\x73\x6f\x75\x72\x63\x65\x66\x6f\x72\x67\x65\x2e\x6e\x65\x74\x2f\
\x44\x54\x44\x2f\x73\x6f\x64\x69\x70\x6f\x64\x69\x2d\x30\x2e\x64\
\x74\x64\x22\x0a\x20\x20\x20\x78\x6d\x6c\x6e\x73\x3a\x69\x6e\x6b\
\x73\x63\x61\x70\x65\x3d\x22\x68\x74\x74\x70\x3a\x2f\x2f\x77\x77\
\x77\x2e\x69\x6e\x6b\x73\x63\x61\x70\x65\x2e\x6f\x72\x67\x2f\x6e\
\x61\x6d\x65\x73\x70\x61\x63\x65\x73\x2f\x69\x6e\x6b\x73\x63\x61\
\x70\x65\x22\x0a\x20\x20\x20\x77\x69\x64\x74\x68\x3d\x22\x33\x32\
\x70\x78\x22\x0a\x20\x20\x20\x68\x65\x69\x67\x68\x74\x3d\x22\x33\
\x32\x70\x78\x22\x0a\x20\x20\x20\x69\x64\x3d\x22\x73\x76\x67\x31\
\x38\x32\x31\x39\x22\x0a\x20\x20\x20\x76\x65\x72\x73\x69\x6f\x6e\
\x3d\x22\x31\x2e\x31\x22\x0a\x20\x20\x20\x69\x6e\x6b\x73\x63\x61\
\x70\x65\x3a\x76\x65\x72\x73\x69\x6f\x6e\x3d\x22\x30\x2e\x39\x31\
\x20\x72\x31\x33\x37\x32\x35\x22\x0a\x20\x20\x20\x73\x6f\x64\x69\
\x70\x6f\x64\x69\x3a\x64\x6f\x63\x6e\x61\x6d\x65\x3d\x22\x62\x75\
\x74\x74\x6f\x6e\x5f\x72\x65\x73\x65\x74\x73\x69\x6d\x2e\x73\x76\
\x67\x22\x3e\x0a\x20\x20\x3c\x64\x65\x66\x73\x0a\x20\x20\x20\x20\
\x20\x69\x64\x3d\x22\x64\x65\x66\x73\x31\x38\x32\x32\x31\x22\x20\
\x2f\x3e\x0a\x20\x20\x3c\x73\x6f\x64\x69\x70\x6f\x64\x69\x3a\x6e\
\x61\x6d\x65\x64\x76\x69\x65\x77\x0a\x20\x20\x20\x20\x20\x69\x64\
\x3d\x22\x62\x61\x73\x65\x22\x0a\x20\x20\x20\x20\x20\x70\x61\x67\
\x65\x63\x6f\x6c\x6f\x72\x3d\x22\x23\x66\x66\x66\x66\x66\x66\x22\
\x0a\x20\x20\x20\x20\x20\x62\x6f\x72\x64\x65\x72\x63\x6f\x6c\x6f\
\x72\x3d\x22\x23\x36\x36\x36\x36\x36\x36\x22\x0a\x20\x20\x20\x20\
\x20\x62\x6f\x72\x64\x65\x72\x6f\x70\x61\x63\x69\x74\x79\x3d\x22\
\x31\x2e\x30\x22\x0a\x20\x20\x20\x20\x20\x69\x6e\x6b\x73\x63\x61\
\x70\x65\x3a\x70\x61\x67\x65\x6f\x70\x61\x63\x69\x74\x79\x3d\x22\
\x30\x2e\x30\x22\x0a\x20\x20\x20\x20\x20\x69\x6e\x6b\x73\x63\x61\
\x70\x65\x3a\x70\x61\x67\x65\x73\x68\x61\x64\x6f\x77\x3d\x22\x32\
\x22\x0a\x20\x20\x20\x20\x20\x69\x6e\x6b\x73\x63\x61\x70\x65\x3a\
\x7a\x6f\x6f\x6d\x3d\x22\x31\x35\x2e\x38\x33\x36\x30\x38\x33\x22\
\x0a\x20\x20\x20\x20\x20\x69\x6e\x6b\x73\x63\x61\x70\x65\x3a\x63\
\x78\x3d\x22\x38\x2e\x31\x30\x39\x33\x35\x32\x31\x22\x0a\x20\x20\
\x20\x20\x20\x69\x6e\x6b\x73\x63\x61\x70\x65\x3a\x63\x79\x3d\x22\
\x31\x33\x2e\x35\x36\x36\x30\x31\x32\x22\x0a\x20\x20\x20\x20\x20\
\x69\x6e\x6b\x73\x63\x61\x70\x65\x3a\x63\x75\x72\x72\x65\x6e\x74\
\x2d\x6c\x61\x79\x65\x72\x3d\x22\x6c\x61\x79\x65\x72\x31\x22\x0a\
\x20\x20\x20\x20\x20\x73\x68\x6f\x77\x67\x72\x69\x64\x3d\x22\x74\
\x72\x75\x65\x22\x0a\x20\x20\x20\x20\x20\x69\x6e\x6b\x73\x63\x61\
\x70\x65\x3a\x67\x72\x69\x64\x2d\x62\x62\x6f\x78\x3d\x22\x74\x72\
\x75\x65\x22\x0a\x20\x20\x20\x20\x20\x69\x6e\x6b\x73\x63\x61\x70\
\x65\x3a\x64\x6f\x63\x75\x6d\x65\x6e\x74\x2d\x75\x6e\x69\x74\x73\
\x3d\x22\x70\x78\x22\x0a\x20\x20\x20\x20\x20\x69\x6e\x6b\x73\x63\
\x61\x70\x65\x3a\x73\x6e\x61\x70\x2d\x62\x62\x6f\x78\x3d\x22\x74\
\x72\x75\x65\x22\x0a\x20\x20\x20\x20\x20\x69\x6e\x6b\x73\x63\x61\
\x70\x65\x3a\x77\x69\x6e\x64\x6f\x77\x2d\x77\x69\x64\x74\x68\x3d\
\x22\x39\x34\x34\x22\x0a\x20\x20\x20\x20\x20\x69\x6e\x6b\x73\x63\
\x61\x70\x65\x3a\x77\x69\x6e\x64\x6f\x77\x2d\x68\x65\x69\x67\x68\
\x74\x3d\x22\x39\x39\x34\x22\x0a\x20\x20\x20\x20\x20\x69\x6e\x6b\
\x73\x63\x61\x70\x65\x3a\x77\x69\x6e\x64\x6f\x77\x2d\x78\x3d\x22\
\x32\x36\x35\x22\x0a\x20\x20\x20\x20\x20\x69\x6e\x6b\x73\x63\x61\
\x70\x65\x3a\x77\x69\x6e\x64\x6f\x77\x2d\x79\x3d\x22\x37\x37\x22\
\x0a\x20\x20\x20\x20\x20\x69\x6e\x6b\x73\x63\x61\x70\x65\x3a\x77\
\x69\x6e\x64\x6f\x77\x2d\x6d\x61\x78\x69\x6d\x69\x7a\x65\x64\x3d\
\x22\x30\x22\x3e\x0a\x20\x20\x20\x20\x3c\x69\x6e\x6b\x73\x63\x61\
\x70\x65\x3a\x67\x72\x69\x64\x0a\x20\x20\x20\x20\x20\x20\x20\x74\
\x79\x70\x65\x3d\x22\x78\x79\x67\x72\x69\x64\x22\x0a\x20\x20\x20\
\x20\x20\x20\x20\x69\x64\x3d\x22\x67\x72\x69\x64\x31\x38\x32\x32\
\x37\x22\x20\x2f\x3e\x0a\x20\x20\x3c\x2f\x73\x6f\x64\x69\x70\x6f\
\x64\x69\x3a\x6e\x61\x6d\x65\x64\x76\x69\x65\x77\x3e\x0a\x20\x20\
\x3c\x6d\x65\x74\x61\x64\x61\x74\x61\x0a\x20\x20\x20\x20\x20\x69\
\x64\x3d\x22\x6d\x65\x74\x61\x64\x61\x74\x61\x31\x38\x32\x32\x34\
\x22\x3e\x0a\x20\x20\x20\x20\x3c\x72\x64\x66\x3a\x52\x44\x46\x3e\
\x0a\x20\x20\x20\x20\x20\x20\x3c\x63\x63\x3a\x57\x6f\x72\x6b\x0a\
\x20\x20\x20\x20\x20\x20\x20\x20\x20\x72\x64\x66\x3a\x61\x62\x6f\
\x75\x74\x3d\x22\x22\x3e\x0a\x20\x20\x20\x20\x20\x20\x20\x20\x3c\
\x64\x63\x3a\x66\x6f\x72\x6d\x61\x74\x3e\x69\x6d\x61\x67\x65\x2f\
\x73\x76\x67\x2b\x78\x6d\x6c\x3c\x2f\x64\x63\x3a\x66\x6f\x72\x6d\
\x61\x74\x3e\x0a\x20\x20\x20\x20\x20\x20\x20\x20\x3c\x64\x63\x3a\
\x74\x79\x70\x65\x0a\x20\x20\x20\x20\x20\x20\x20\x20\x20\x20\x20\
\x72\x64\x66\x3a\x72\x65\x73\x6f\x75\x72\x63\x65\x3d\x22\x68\x74\
\x74\x70\x3a\x2f\x2f\x70\x75\x72\x6c\x2e\x6f\x72\x67\x2f\x64\x63\
\x2f\x64\x63\x6d\x69\x74\x79\x70\x65\x2f\x53\x74\x69\x6c\x6c\x49\
\x6d\x61\x67\x65\x22\x20\x2f\x3e\x0a\x20\x20\x20\x20\x20\x20\x20\
\x20\x3c\x64\x63\x3a\x74\x69\x74\x6c\x65\x3e\x3c\x2f\x64\x63\x3a\
\x74\x69\x74\x6c\x65\x3e\x0a\x20\x20\x20\x20\x20\x20\x3c\x2f\x63\
\x63\x3a\x57\x6f\x72\x6b\x3e\x0a\x20\x20\x20\x20\x3c\x2f\x72\x64\
\x66\x3a\x52\x44\x46\x3e\x0a\x20\x20\x3c\x2f\x6d\x65\x74\x61\x64\
\x61\x74\x61\x3e\x0a\x20\x20\x3c\x67\x0a\x20\x20\x20\x20\x20\x69\
\x64\x3d\x22\x6c\x61\x79\x65\x72\x31\x22\x0a\x20\x20\x20\x20\x20\
\x69\x6e\x6b\x73\x63\x61\x70\x65\x3a\x6c\x61\x62\x65\x6c\x3d\x22\
\x4c\x61\x79\x65\x72\x20\x31\x22\x0a\x20\x20\x20\x20\x20\x69\x6e\
\x6b\x73\x63\x61\x70\x65\x3a\x67\x72\x6f\x75\x70\x6d\x6f\x64\x65\
\x3d\x22\x6c\x61\x79\x65\x72\x22\x3e\x0a\x20\x20\x20\x20\x3c\x67\
\x0a\x20\x20\x20\x20\x20\x20\x20\x73\x74\x79\x6c\x65\x3d\x22\x66\
\x69\x6c\x6c\x3a\x23\x30\x30\x30\x30\x30\x30\x3b\x66\x69\x6c\x6c\
\x2d\x6f\x70\x61\x63\x69\x74\x79\x3a\x31\x22\x0a\x20\x20\x20\x20\
\x20\x20\x20\x74\x72\x61\x6e\x73\x66\x6f\x72\x6d\x3d\x22\x6d\x61\
\x74\x72\x69\x78\x28\x30\x2e\x35\x33\x38\x37\x38\x38\x31\x36\x2c\
\x30\x2c\x30\x2c\x30\x2e\x35\x33\x38\x37\x38\x38\x31\x36\x2c\x37\
\x37\x37\x2e\x32\x35\x32\x36\x33\x2c\x2d\x33\x37\x32\x35\x2e\x37\
\x32\x37\x37\x29\x22\x0a\x20\x20\x20\x20\x20\x20\x20\x69\x64\x3d\
\x22\x67\x31\x32\x38\x30\x34\x2d\x33\x2d\x38\x2d\x35\x2d\x33\x2d\
\x34\x2d\x37\x22\x3e\x0a\x20\x20\x20\x20\x20\x20\x3c\x70\x61\x74\
\x68\x0a\x20\x20\x20\x20\x20\x20\x20\x20\x20\x73\x74\x79\x6c\x65\
\x3d\x22\x66\x69\x6c\x6c\x3a\x23\x30\x30\x30\x30\x30\x30\x3b\x66\
\x69\x6c\x6c\x2d\x6f\x70\x61\x63\x69\x74\x79\x3a\x31\x3b\x73\x74\
\x72\x6f\x6b\x65\x3a\x23\x38\x30\x38\x30\x38\x30\x3b\x73\x74\x72\
\x6f\x6b\x65\x2d\x77\x69\x64\x74\x68\x3a\x30\x2e\x30\x35\x38\x38\
\x36\x31\x32\x33\x3b\x73\x74\x72\x6f\x6b\x65\x2d\x6c\x69\x6e\x65\
\x63\x61\x70\x3a\x72\x6f\x75\x6e\x64\x3b\x73\x74\x72\x6f\x6b\x65\
\x2d\x6c\x69\x6e\x65\x6a\x6f\x69\x6e\x3a\x62\x65\x76\x65\x6c\x3b\
\x73\x74\x72\x6f\x6b\x65\x2d\x6d\x69\x74\x65\x72\x6c\x69\x6d\x69\
\x74\x3a\x34\x3b\x73\x74\x72\x6f\x6b\x65\x2d\x64\x61\x73\x68\x61\
\x72\x72\x61\x79\x3a\x6e\x6f\x6e\x65\x3b\x73\x74\x72\x6f\x6b\x65\
\x2d\x64\x61\x73\x68\x6f\x66\x66\x73\x65\x74\x3a\x30\x3b\x73\x74\
\x72\x6f\x6b\x65\x2d\x6f\x70\x61\x63\x69\x74\x79\x3a\x31\x22\x0a\
\x20\x20\x20\x20\x20\x20\x20\x20\x20\x64\x3d\x22\x6d\x20\x2d\x31\
\x34\x32\x32\x2e\x37\x39\x32\x31\x2c\x36\x39\x32\x38\x2e\x38\x35\
\x37\x20\x30\x2c\x31\x32\x2e\x30\x32\x39\x37\x20\x31\x36\x2e\x37\
\x35\x34\x37\x2c\x30\x20\x63\x20\x34\x2e\x34\x30\x31\x35\x2c\x30\
\x20\x37\x2e\x39\x34\x36\x33\x2c\x33\x2e\x35\x34\x34\x38\x20\x37\
\x2e\x39\x34\x36\x33\x2c\x37\x2e\x39\x34\x36\x32\x20\x30\x2c\x34\
\x2e\x34\x30\x31\x36\x20\x2d\x33\x2e\x35\x34\x34\x38\x2c\x37\x2e\
\x39\x34\x36\x34\x20\x2d\x37\x2e\x39\x34\x36\x33\x2c\x37\x2e\x39\
\x34\x36\x34\x20\x6c\x20\x2d\x32\x32\x2e\x34\x37\x35\x39\x2c\x30\
\x20\x30\x2c\x31\x32\x2e\x30\x32\x39\x38\x20\x32\x33\x2e\x34\x35\
\x30\x38\x2c\x30\x20\x63\x20\x31\x31\x2e\x30\x36\x37\x39\x2c\x30\
\x20\x31\x39\x2e\x39\x37\x36\x2c\x2d\x38\x2e\x39\x30\x38\x33\x20\
\x31\x39\x2e\x39\x37\x36\x2c\x2d\x31\x39\x2e\x39\x37\x36\x32\x20\
\x30\x2c\x2d\x31\x31\x2e\x30\x36\x37\x38\x20\x2d\x38\x2e\x39\x30\
\x38\x31\x2c\x2d\x31\x39\x2e\x39\x37\x35\x39\x20\x2d\x31\x39\x2e\
\x39\x37\x36\x2c\x2d\x31\x39\x2e\x39\x37\x35\x39\x20\x7a\x22\x0a\
\x20\x20\x20\x20\x20\x20\x20\x20\x20\x69\x64\x3d\x22\x72\x65\x63\
\x74\x31\x30\x38\x37\x34\x2d\x39\x2d\x35\x2d\x32\x2d\x37\x2d\x34\
\x2d\x32\x2d\x38\x22\x0a\x20\x20\x20\x20\x20\x20\x20\x20\x20\x69\
\x6e\x6b\x73\x63\x61\x70\x65\x3a\x63\x6f\x6e\x6e\x65\x63\x74\x6f\
\x72\x2d\x63\x75\x72\x76\x61\x74\x75\x72\x65\x3d\x22\x30\x22\x0a\
\x20\x20\x20\x20\x20\x20\x20\x20\x20\x73\x6f\x64\x69\x70\x6f\x64\
\x69\x3a\x6e\x6f\x64\x65\x74\x79\x70\x65\x73\x3d\x22\x63\x63\x73\
\x73\x73\x63\x63\x73\x73\x73\x63\x22\x20\x2f\x3e\x0a\x20\x20\x20\
\x20\x20\x20\x3c\x70\x61\x74\x68\x0a\x20\x20\x20\x20\x20\x20\x20\
\x20\x20\x73\x74\x79\x6c\x65\x3d\x22\x66\x69\x6c\x6c\x3a\x23\x30\
\x30\x30\x30\x30\x30\x3b\x66\x69\x6c\x6c\x2d\x6f\x70\x61\x63\x69\
\x74\x79\x3a\x31\x3b\x73\x74\x72\x6f\x6b\x65\x3a\x6e\x6f\x6e\x65\
\x22\x0a\x20\x20\x20\x20\x20\x20\x20\x20\x20\x64\x3d\x22\x6d\x20\
\x2d\x31\x34\x31\x36\x2e\x39\x35\x34\x32\x2c\x36\x39\x32\x30\x2e\
\x36\x36\x39\x37\x20\x30\x2c\x32\x38\x2e\x37\x33\x37\x39\x20\x2d\
\x32\x33\x2e\x38\x37\x31\x2c\x2d\x31\x34\x2e\x33\x36\x39\x20\x7a\
\x22\x0a\x20\x20\x20\x20\x20\x20\x20\x20\x20\x69\x64\x3d\x22\x70\
\x61\x74\x68\x31\x30\x38\x38\x32\x2d\x38\x2d\x39\x2d\x34\x2d\x34\
\x2d\x34\x2d\x37\x2d\x31\x22\x0a\x20\x20\x20\x20\x20\x20\x20\x20\
\x20\x69\x6e\x6b\x73\x63\x61\x70\x65\x3a\x63\x6f\x6e\x6e\x65\x63\
\x74\x6f\x72\x2d\x63\x75\x72\x76\x61\x74\x75\x72\x65\x3d\x22\x30\
\x22\x0a\x20\x20\x20\x20\x20\x20\x20\x20\x20\x73\x6f\x64\x69\x70\
\x6f\x64\x69\x3a\x6e\x6f\x64\x65\x74\x79\x70\x65\x73\x3d\x22\x63\
\x63\x63\x63\x22\x20\x2f\x3e\x0a\x20\x20\x20\x20\x3c\x2f\x67\x3e\
\x0a\x20\x20\x3c\x2f\x67\x3e\x0a\x3c\x2f\x73\x76\x67\x3e\x0a\
\x00\x00\x04\x13\
\x3c\
\x3f\x78\x6d\x6c\x20\x76\x65\x72\x73\x69\x6f\x6e\x3d\x22\x31\x2e\
\x30\x22\x20\x65\x6e\x63\x6f\x64\x69\x6e\x67\x3d\x22\x75\x74\x66\
\x2d\x38\x22\x3f\x3e\x0d\x0a\x3c\x21\x2d\x2d\x20\x47\x65\x6e\x65\
\x72\x61\x74\x6f\x72\x3a\x20\x41\x64\x6f\x62\x65\x20\x49\x6c\x6c\
\x75\x73\x74\x72\x61\x74\x6f\x72\x20\x31\x36\x2e\x30\x2e\x30\x2c\
\x20\x53\x56\x47\x20\x45\x78\x70\x6f\x72\x74\x20\x50\x6c\x75\x67\
\x2d\x49\x6e\x20\x2e\x20\x53\x56\x47\x20\x56\x65\x72\x73\x69\x6f\
\x6e\x3a\x20\x36\x2e\x30\x30\x20\x42\x75\x69\x6c\x64\x20\x30\x29\
\x20\x20\x2d\x2d\x3e\x0d\x0a\x3c\x21\x44\x4f\x43\x54\x59\x50\x45\
\x20\x73\x76\x67\x20\x50\x55\x42\x4c\x49\x43\x20\x22\x2d\x2f\x2f\
\x57\x33\x43\x2f\x2f\x44\x54\x44\x20\x53\x56\x47\x20\x31\x2e\x31\
\x2f\x2f\x45\x4e\x22\x20\x22\x68\x74\x74\x70\x3a\x2f\x2f\x77\x77\
\x77\x2e\x77\x33\x2e\x6f\x72\x67\x2f\x47\x72\x61\x70\x68\x69\x63\
\x73\x2f\x53\x56\x47\x2f\x31\x2e\x31\x2f\x44\x54\x44\x2f\x73\x76\
\x67\x31\x31\x2e\x64\x74\x64\x22\x3e\x0d\x0a\x3c\x73\x76\x67\x20\
\x76\x65\x72\x73\x69\x6f\x6e\x3d\x22\x31\x2e\x31\x22\x20\x69\x64\
\x3d\x22\x4c\x61\x79\x65\x72\x5f\x31\x22\x20\x78\x6d\x6c\x6e\x73\
\x3d\x22\x68\x74\x74\x70\x3a\x2f\x2f\x77\x77\x77\x2e\x77\x33\x2e\
\x6f\x72\x67\x2f\x32\x30\x30\x30\x2f\x73\x76\x67\x22\x20\x78\x6d\
\x6c\x6e\x73\x3a\x78\x6c\x69\x6e\x6b\x3d\x22\x68\x74\x74\x70\x3a\
\x2f\x2f\x77\x77\x77\x2e\x77\x33\x2e\x6f\x72\x67\x2f\x31\x39\x39\
\x39\x2f\x78\x6c\x69\x6e\x6b\x22\x20\x78\x3d\x22\x30\x70\x78\x22\
\x20\x79\x3d\x22\x30\x70\x78\x22\x0d\x0a\x09\x20\x77\x69\x64\x74\
\x68\x3d\x22\x35\x31\x32\x70\x78\x22\x20\x68\x65\x69\x67\x68\x74\
\x3d\x22\x35\x31\x32\x70\x78\x22\x20\x76\x69\x65\x77\x42\x6f\x78\
\x3d\x22\x30\x20\x30\x20\x35\x31\x32\x20\x35\x31\x32\x22\x20\x65\
\x6e\x61\x62\x6c\x65\x2d\x62\x61\x63\x6b\x67\x72\x6f\x75\x6e\x64\
\x3d\x22\x6e\x65\x77\x20\x30\x20\x30\x20\x35\x31\x32\x20\x35\x31\
\x32\x22\x20\x78\x6d\x6c\x3a\x73\x70\x61\x63\x65\x3d\x22\x70\x72\
\x65\x73\x65\x72\x76\x65\x22\x3e\x0d\x0a\x3c\x67\x3e\x0d\x0a\x09\
\x3c\x70\x61\x74\x68\x20\x66\x69\x6c\x6c\x3d\x22\x23\x30\x32\x30\
\x32\x30\x32\x22\x20\x64\x3d\x22\x4d\x34\x32\x32\x2e\x39\x35\x33\
\x2c\x31\x37\x36\x2e\x30\x31\x39\x63\x30\x2e\x35\x34\x39\x2d\x30\
\x2e\x34\x38\x2c\x31\x2e\x30\x39\x2d\x30\x2e\x39\x37\x35\x2c\x31\
\x2e\x36\x31\x32\x2d\x31\x2e\x34\x39\x38\x6c\x32\x31\x2e\x37\x37\
\x32\x2d\x32\x31\x2e\x37\x37\x32\x63\x31\x32\x2e\x38\x38\x33\x2d\
\x31\x32\x2e\x38\x38\x33\x2c\x31\x32\x2e\x38\x38\x33\x2d\x33\x33\
\x2e\x37\x37\x31\x2c\x30\x2d\x34\x36\x2e\x36\x35\x34\x0d\x0a\x09\
\x09\x6c\x2d\x34\x30\x2e\x34\x33\x34\x2d\x34\x30\x2e\x34\x33\x34\
\x63\x2d\x31\x32\x2e\x38\x38\x33\x2d\x31\x32\x2e\x38\x38\x33\x2d\
\x33\x33\x2e\x37\x37\x31\x2d\x31\x32\x2e\x38\x38\x33\x2d\x34\x36\
\x2e\x36\x35\x33\x2c\x30\x6c\x2d\x32\x31\x2e\x37\x37\x32\x2c\x32\
\x31\x2e\x37\x37\x32\x63\x2d\x30\x2e\x35\x32\x33\x2c\x30\x2e\x35\
\x32\x33\x2d\x31\x2e\x30\x31\x38\x2c\x31\x2e\x30\x36\x34\x2d\x31\
\x2e\x34\x39\x38\x2c\x31\x2e\x36\x31\x33\x4c\x34\x32\x32\x2e\x39\
\x35\x33\x2c\x31\x37\x36\x2e\x30\x31\x39\x7a\x22\x2f\x3e\x0d\x0a\
\x09\x3c\x70\x6f\x6c\x79\x67\x6f\x6e\x20\x66\x69\x6c\x6c\x3d\x22\
\x23\x30\x32\x30\x32\x30\x32\x22\x20\x70\x6f\x69\x6e\x74\x73\x3d\
\x22\x31\x31\x34\x2e\x33\x31\x37\x2c\x33\x39\x37\x2e\x36\x38\x34\
\x20\x31\x35\x37\x2e\x33\x31\x37\x2c\x34\x34\x30\x2e\x36\x38\x34\
\x20\x31\x30\x36\x2e\x36\x35\x38\x2c\x34\x34\x38\x2e\x33\x34\x32\
\x20\x35\x36\x2c\x34\x35\x36\x20\x36\x33\x2e\x36\x35\x38\x2c\x34\
\x30\x35\x2e\x33\x34\x31\x20\x37\x31\x2e\x33\x31\x36\x2c\x33\x35\
\x34\x2e\x36\x38\x33\x20\x09\x22\x2f\x3e\x0d\x0a\x09\x3c\x70\x6f\
\x6c\x79\x67\x6f\x6e\x20\x66\x69\x6c\x6c\x3d\x22\x23\x30\x32\x30\
\x32\x30\x32\x22\x20\x70\x6f\x69\x6e\x74\x73\x3d\x22\x33\x34\x39\
\x2e\x31\x34\x33\x2c\x31\x32\x35\x2e\x35\x33\x35\x20\x31\x31\x38\
\x2e\x39\x38\x32\x2c\x33\x35\x35\x2e\x36\x39\x34\x20\x31\x30\x36\
\x2e\x35\x34\x31\x2c\x33\x34\x33\x2e\x32\x35\x33\x20\x33\x33\x36\
\x2e\x37\x30\x31\x2c\x31\x31\x33\x2e\x30\x39\x34\x20\x33\x32\x34\
\x2e\x32\x36\x2c\x31\x30\x30\x2e\x36\x35\x33\x20\x38\x31\x2e\x36\
\x35\x39\x2c\x33\x34\x33\x2e\x32\x35\x33\x20\x0d\x0a\x09\x09\x31\
\x36\x38\x2e\x37\x34\x37\x2c\x34\x33\x30\x2e\x33\x34\x31\x20\x34\
\x31\x31\x2e\x33\x34\x38\x2c\x31\x38\x37\x2e\x37\x34\x20\x09\x22\
\x2f\x3e\x0d\x0a\x3c\x2f\x67\x3e\x0d\x0a\x3c\x2f\x73\x76\x67\x3e\
\x0d\x0a\
\x00\x00\x09\x42\
\x3c\
\x3f\x78\x6d\x6c\x20\x76\x65\x72\x73\x69\x6f\x6e\x3d\x22\x31\x2e\
\x30\x22\x20\x65\x6e\x63\x6f\x64\x69\x6e\x67\x3d\x22\x55\x54\x46\
\x2d\x38\x22\x20\x73\x74\x61\x6e\x64\x61\x6c\x6f\x6e\x65\x3d\x22\
\x6e\x6f\x22\x3f\x3e\x0a\x3c\x21\x2d\x2d\x20\x43\x72\x65\x61\x74\
\x65\x64\x20\x77\x69\x74\x68\x20\x49\x6e\x6b\x73\x63\x61\x70\x65\
\x20\x28\x68\x74\x74\x70\x3a\x2f\x2f\x77\x77\x77\x2e\x69\x6e\x6b\
\x73\x63\x61\x70\x65\x2e\x6f\x72\x67\x2f\x29\x20\x2d\x2d\x3e\x0a\
\x0a\x3c\x73\x76\x67\x0a\x20\x20\x20\x78\x6d\x6c\x6e\x73\x3a\x64\
\x63\x3d\x22\x68\x74\x74\x70\x3a\x2f\x2f\x70\x75\x72\x6c\x2e\x6f\
\x72\x67\x2f\x64\x63\x2f\x65\x6c\x65\x6d\x65\x6e\x74\x73\x2f\x31\
\x2e\x31\x2f\x22\x0a\x20\x20\x20\x78\x6d\x6c\x6e\x73\x3a\x63\x63\
\x3d\x22\x68\x74\x74\x70\x3a\x2f\x2f\x63\x72\x65\x61\x74\x69\x76\
\x65\x63\x6f\x6d\x6d\x6f\x6e\x73\x2e\x6f\x72\x67\x2f\x6e\x73\x23\
\x22\x0a\x20\x20\x20\x78\x6d\x6c\x6e\x73\x3a\x72\x64\x66\x3d\x22\
\x68\x74\x74\x70\x3a\x2f\x2f\x77\x77\x77\x2e\x77\x33\x2e\x6f\x72\
\x67\x2f\x31\x39\x39\x39\x2f\x30\x32\x2f\x32\x32\x2d\x72\x64\x66\
\x2d\x73\x79\x6e\x74\x61\x78\x2d\x6e\x73\x23\x22\x0a\x20\x20\x20\
\x78\x6d\x6c\x6e\x73\x3a\x73\x76\x67\x3d\x22\x68\x74\x74\x70\x3a\
\x2f\x2f\x77\x77\x77\x2e\x77\x33\x2e\x6f\x72\x67\x2f\x32\x30\x30\
\x30\x2f\x73\x76\x67\x22\x0a\x20\x20\x20\x78\x6d\x6c\x6e\x73\x3d\
\x22\x68\x74\x74\x70\x3a\x2f\x2f\x77\x77\x77\x2e\x77\x33\x2e\x6f\
\x72\x67\x2f\x32\x30\x30\x30\x2f\x73\x76\x67\x22\x0a\x20\x20\x20\
\x78\x6d\x6c\x6e\x73\x3a\x73\x6f\x64\x69\x70\x6f\x64\x69\x3d\x22\
\x68\x74\x74\x70\x3a\x2f\x2f\x73\x6f\x64\x69\x70\x6f\x64\x69\x2e\
\x73\x6f\x75\x72\x63\x65\x66\x6f\x72\x67\x65\x2e\x6e\x65\x74\x2f\
\x44\x54\x44\x2f\x73\x6f\x64\x69\x70\x6f\x64\x69\x2d\x30\x2e\x64\
\x74\x64\x22\x0a\x20\x20\x20\x78\x6d\x6c\x6e\x73\x3a\x69\x6e\x6b\
\x73\x63\x61\x70\x65\x3d\x22\x68\x74\x74\x70\x3a\x2f\x2f\x77\x77\
\x77\x2e\x69\x6e\x6b\x73\x63\x61\x70\x65\x2e\x6f\x72\x67\x2f\x6e\
\x61\x6d\x65\x73\x70\x61\x63\x65\x73\x2f\x69\x6e\x6b\x73\x63\x61\
\x70\x65\x22\x0a\x20\x20\x20\x77\x69\x64\x74\x68\x3d\x22\x33\x32\
\x70\x78\x22\x0a\x20\x20\x20\x68\x65\x69\x67\x68\x74\x3d\x22\x33\
\x32\x70\x78\x22\x0a\x20\x20\x20\x69\x64\x3d\x22\x73\x76\x67\x31\
\x38\x32\x31\x39\x22\x0a\x20\x20\x20\x76\x65\x72\x73\x69\x6f\x6e\
\x3d\x22\x31\x2e\x31\x22\x0a\x20\x20\x20\x69\x6e\x6b\x73\x63\x61\
\x70\x65\x3a\x76\x65\x72\x73\x69\x6f\x6e\x3d\x22\x30\x2e\x34\x38\
\x2e\x34\x20\x72\x39\x39\x33\x39\x22\x0a\x20\x20\x20\x73\x6f\x64\
\x69\x70\x6f\x64\x69\x3a\x64\x6f\x63\x6e\x61\x6d\x65\x3d\x22\x62\
\x75\x74\x74\x6f\x6e\x5f\x70\x6c\x61\x79\x73\x69\x6d\x2e\x73\x76\
\x67\x22\x3e\x0a\x20\x20\x3c\x64\x65\x66\x73\x0a\x20\x20\x20\x20\
\x20\x69\x64\x3d\x22\x64\x65\x66\x73\x31\x38\x32\x32\x31\x22\x20\
\x2f\x3e\x0a\x20\x20\x3c\x73\x6f\x64\x69\x70\x6f\x64\x69\x3a\x6e\
\x61\x6d\x65\x64\x76\x69\x65\x77\x0a\x20\x20\x20\x20\x20\x69\x64\
\x3d\x22\x62\x61\x73\x65\x22\x0a\x20\x20\x20\x20\x20\x70\x61\x67\
\x65\x63\x6f\x6c\x6f\x72\x3d\x22\x23\x66\x66\x66\x66\x66\x66\x22\
\x0a\x20\x20\x20\x20\x20\x62\x6f\x72\x64\x65\x72\x63\x6f\x6c\x6f\
\x72\x3d\x22\x23\x36\x36\x36\x36\x36\x36\x22\x0a\x20\x20\x20\x20\
\x20\x62\x6f\x72\x64\x65\x72\x6f\x70\x61\x63\x69\x74\x79\x3d\x22\
\x31\x2e\x30\x22\x0a\x20\x20\x20\x20\x20\x69\x6e\x6b\x73\x63\x61\
\x70\x65\x3a\x70\x61\x67\x65\x6f\x70\x61\x63\x69\x74\x79\x3d\x22\
\x30\x2e\x30\x22\x0a\x20\x20\x20\x20\x20\x69\x6e\x6b\x73\x63\x61\
\x70\x65\x3a\x70\x61\x67\x65\x73\x68\x61\x64\x6f\x77\x3d\x22\x32\
\x22\x0a\x20\x20\x20\x20\x20\x69\x6e\x6b\x73\x63\x61\x70\x65\x3a\
\x7a\x6f\x6f\x6d\x3d\x22\x31\x31\x2e\x31\x39\x37\x38\x30\x32\x22\
\x0a\x20\x20\x20\x20\x20\x69\x6e\x6b\x73\x63\x61\x70\x65\x3a\x63\
\x78\x3d\x22\x31\x32\x2e\x30\x37\x35\x38\x39\x35\x22\x0a\x20\x20\
\x20\x20\x20\x69\x6e\x6b\x73\x63\x61\x70\x65\x3a\x63\x79\x3d\x22\
\x39\x2e\x37\x31\x34\x30\x35\x36\x35\x22\x0a\x20\x20\x20\x20\x20\
\x69\x6e\x6b\x73\x63\x61\x70\x65\x3a\x63\x75\x72\x72\x65\x6e\x74\
\x2d\x6c\x61\x79\x65\x72\x3d\x22\x6c\x61\x79\x65\x72\x31\x22\x0a\
\x20\x20\x20\x20\x20\x73\x68\x6f\x77\x67\x72\x69\x64\x3d\x22\x74\
\x72\x75\x65\x22\x0a\x20\x20\x20\x20\x20\x69\x6e\x6b\x73\x63\x61\
\x70\x65\x3a\x67\x72\x69\x64\x2d\x62\x62\x6f\x78\x3d\x22\x74\x72\
\x75\x65\x22\x0a\x20\x20\x20\x20\x20\x69\x6e\x6b\x73\x63\x61\x70\
\x65\x3a\x64\x6f\x63\x75\x6d\x65\x6e\x74\x2d\x75\x6e\x69\x74\x73\
\x3d\x22\x70\x78\x22\x0a\x20\x20\x20\x20\x20\x69\x6e\x6b\x73\x63\
\x61\x70\x65\x3a\x73\x6e\x61\x70\x2d\x62\x62\x6f\x78\x3d\x22\x74\
\x72\x75\x65\x22\x0a\x20\x20\x20\x20\x20\x69\x6e\x6b\x73\x63\x61\
\x70\x65\x3a\x77\x69\x6e\x64\x6f\x77\x2d\x77\x69\x64\x74\x68\x3d\
\x22\x39\x34\x34\x22\x0a\x20\x20\x20\x20\x20\x69\x6e\x6b\x73\x63\
\x61\x70\x65\x3a\x77\x69\x6e\x64\x6f\x77\x2d\x68\x65\x69\x67\x68\
\x74\x3d\x22\x31\x30\x30\x32\x22\x0a\x20\x20\x20\x20\x20\x69\x6e\
\x6b\x73\x63\x61\x70\x65\x3a\x77\x69\x6e\x64\x6f\x77\x2d\x78\x3d\
\x22\x39\x36\x30\x22\x0a\x20\x20\x20\x20\x20\x69\x6e\x6b\x73\x63\
\x61\x70\x65\x3a\x77\x69\x6e\x64\x6f\x77\x2d\x79\x3d\x22\x30\x22\
\x0a\x20\x20\x20\x20\x20\x69\x6e\x6b\x73\x63\x61\x70\x65\x3a\x77\
\x69\x6e\x64\x6f\x77\x2d\x6d\x61\x78\x69\x6d\x69\x7a\x65\x64\x3d\
\x22\x30\x22\x0a\x20\x20\x20\x20\x20\x69\x6e\x6b\x73\x63\x61\x70\
\x65\x3a\x73\x6e\x61\x70\x2d\x67\x6c\x6f\x62\x61\x6c\x3d\x22\x66\
\x61\x6c\x73\x65\x22\x3e\x0a\x20\x20\x20\x20\x3c\x69\x6e\x6b\x73\
\x63\x61\x70\x65\x3a\x67\x72\x69\x64\x0a\x20\x20\x20\x20\x20\x20\
\x20\x74\x79\x70\x65\x3d\x22\x78\x79\x67\x72\x69\x64\x22\x0a\x20\
\x20\x20\x20\x20\x20\x20\x69\x64\x3d\x22\x67\x72\x69\x64\x31\x38\
\x32\x32\x37\x22\x20\x2f\x3e\x0a\x20\x20\x3c\x2f\x73\x6f\x64\x69\
\x70\x6f\x64\x69\x3a\x6e\x61\x6d\x65\x64\x76\x69\x65\x77\x3e\x0a\
\x20\x20\x3c\x6d\x65\x74\x61\x64\x61\x74\x61\x0a\x20\x20\x20\x20\
\x20\x69\x64\x3d\x22\x6d\x65\x74\x61\x64\x61\x74\x61\x31\x38\x32\
\x32\x34\x22\x3e\x0a\x20\x20\x20\x20\x3c\x72\x64\x66\x3a\x52\x44\
\x46\x3e\x0a\x20\x20\x20\x20\x20\x20\x3c\x63\x63\x3a\x57\x6f\x72\
\x6b\x0a\x20\x20\x20\x20\x20\x20\x20\x20\x20\x72\x64\x66\x3a\x61\
\x62\x6f\x75\x74\x3d\x22\x22\x3e\x0a\x20\x20\x20\x20\x20\x20\x20\
\x20\x3c\x64\x63\x3a\x66\x6f\x72\x6d\x61\x74\x3e\x69\x6d\x61\x67\
\x65\x2f\x73\x76\x67\x2b\x78\x6d\x6c\x3c\x2f\x64\x63\x3a\x66\x6f\
\x72\x6d\x61\x74\x3e\x0a\x20\x20\x20\x20\x20\x20\x20\x20\x3c\x64\
\x63\x3a\x74\x79\x70\x65\x0a\x20\x20\x20\x20\x20\x20\x20\x20\x20\
\x20\x20\x72\x64\x66\x3a\x72\x65\x73\x6f\x75\x72\x63\x65\x3d\x22\
\x68\x74\x74\x70\x3a\x2f\x2f\x70\x75\x72\x6c\x2e\x6f\x72\x67\x2f\
\x64\x63\x2f\x64\x63\x6d\x69\x74\x79\x70\x65\x2f\x53\x74\x69\x6c\
\x6c\x49\x6d\x61\x67\x65\x22\x20\x2f\x3e\x0a\x20\x20\x20\x20\x20\
\x20\x20\x20\x3c\x64\x63\x3a\x74\x69\x74\x6c\x65\x3e\x3c\x2f\x64\
\x63\x3a\x74\x69\x74\x6c\x65\x3e\x0a\x20\x20\x20\x20\x20\x20\x3c\
\x2f\x63\x63\x3a\x57\x6f\x72\x6b\x3e\x0a\x20\x20\x20\x20\x3c\x2f\
\x72\x64\x66\x3a\x52\x44\x46\x3e\x0a\x20\x20\x3c\x2f\x6d\x65\x74\
\x61\x64\x61\x74\x61\x3e\x0a\x20\x20\x3c\x67\x0a\x20\x20\x20\x20\
\x20\x69\x64\x3d\x22\x6c\x61\x79\x65\x72\x31\x22\x0a\x20\x20\x20\
\x20\x20\x69\x6e\x6b\x73\x63\x61\x70\x65\x3a\x6c\x61\x62\x65\x6c\
\x3d\x22\x4c\x61\x79\x65\x72\x20\x31\x22\x0a\x20\x20\x20\x20\x20\
\x69\x6e\x6b\x73\x63\x61\x70\x65\x3a\x67\x72\x6f\x75\x70\x6d\x6f\
\x64\x65\x3d\x22\x6c\x61\x79\x65\x72\x22\x3e\x0a\x20\x20\x20\x20\
\x3c\x67\x0a\x20\x20\x20\x20\x20\x20\x20\x69\x64\x3d\x22\x67\x31\
\x31\x34\x32\x35\x22\x0a\x20\x20\x20\x20\x20\x20\x20\x74\x72\x61\
\x6e\x73\x66\x6f\x72\x6d\x3d\x22\x6d\x61\x74\x72\x69\x78\x28\x30\
\x2e\x34\x35\x31\x30\x31\x39\x38\x32\x2c\x30\x2c\x30\x2c\x30\x2e\
\x34\x35\x31\x30\x31\x39\x38\x32\x2c\x34\x38\x2e\x31\x36\x32\x32\
\x36\x33\x2c\x2d\x32\x30\x35\x35\x2e\x36\x33\x37\x38\x29\x22\x3e\
\x0a\x20\x20\x20\x20\x20\x20\x3c\x72\x65\x63\x74\x0a\x20\x20\x20\
\x20\x20\x20\x20\x20\x20\x72\x79\x3d\x22\x30\x22\x0a\x20\x20\x20\
\x20\x20\x20\x20\x20\x20\x72\x78\x3d\x22\x30\x22\x0a\x20\x20\x20\
\x20\x20\x20\x20\x20\x20\x79\x3d\x22\x34\x35\x36\x30\x2e\x31\x37\
\x38\x32\x22\x0a\x20\x20\x20\x20\x20\x20\x20\x20\x20\x78\x3d\x22\
\x2d\x39\x35\x2e\x34\x38\x30\x34\x22\x0a\x20\x20\x20\x20\x20\x20\
\x20\x20\x20\x68\x65\x69\x67\x68\x74\x3d\x22\x36\x36\x2e\x31\x30\
\x33\x36\x33\x38\x22\x0a\x20\x20\x20\x20\x20\x20\x20\x20\x20\x77\
\x69\x64\x74\x68\x3d\x22\x31\x36\x2e\x37\x39\x38\x36\x33\x34\x22\
\x0a\x20\x20\x20\x20\x20\x20\x20\x20\x20\x69\x64\x3d\x22\x72\x65\
\x63\x74\x31\x30\x38\x37\x31\x2d\x34\x2d\x31\x2d\x39\x2d\x36\x2d\
\x31\x35\x2d\x37\x2d\x31\x2d\x36\x2d\x34\x2d\x33\x2d\x30\x22\x0a\
\x20\x20\x20\x20\x20\x20\x20\x20\x20\x73\x74\x79\x6c\x65\x3d\x22\
\x66\x69\x6c\x6c\x3a\x23\x65\x35\x39\x66\x33\x33\x3b\x66\x69\x6c\
\x6c\x2d\x6f\x70\x61\x63\x69\x74\x79\x3a\x31\x3b\x73\x74\x72\x6f\
\x6b\x65\x3a\x6e\x6f\x6e\x65\x22\x20\x2f\x3e\x0a\x20\x20\x20\x20\
\x20\x20\x3c\x72\x65\x63\x74\x0a\x20\x20\x20\x20\x20\x20\x20\x20\
\x20\x72\x79\x3d\x22\x30\x22\x0a\x20\x20\x20\x20\x20\x20\x20\x20\
\x20\x72\x78\x3d\x22\x30\x22\x0a\x20\x20\x20\x20\x20\x20\x20\x20\
\x20\x79\x3d\x22\x34\x35\x36\x30\x2e\x31\x37\x38\x32\x22\x0a\x20\
\x20\x20\x20\x20\x20\x20\x20\x20\x78\x3d\x22\x2d\x36\x33\x2e\x39\
\x33\x38\x34\x30\x38\x22\x0a\x20\x20\x20\x20\x20\x20\x20\x20\x20\
\x68\x65\x69\x67\x68\x74\x3d\x22\x36\x36\x2e\x31\x30\x33\x36\x33\
\x38\x22\x0a\x20\x20\x20\x20\x20\x20\x20\x20\x20\x77\x69\x64\x74\
\x68\x3d\x22\x31\x36\x2e\x37\x39\x38\x36\x33\x34\x22\x0a\x20\x20\
\x20\x20\x20\x20\x20\x20\x20\x69\x64\x3d\x22\x72\x65\x63\x74\x31\
\x30\x38\x37\x31\x2d\x34\x2d\x31\x2d\x35\x2d\x32\x2d\x33\x2d\x38\
\x2d\x39\x2d\x33\x2d\x36\x2d\x30\x2d\x33\x2d\x35\x22\x0a\x20\x20\
\x20\x20\x20\x20\x20\x20\x20\x73\x74\x79\x6c\x65\x3d\x22\x66\x69\
\x6c\x6c\x3a\x23\x65\x35\x39\x66\x33\x33\x3b\x66\x69\x6c\x6c\x2d\
\x6f\x70\x61\x63\x69\x74\x79\x3a\x31\x3b\x73\x74\x72\x6f\x6b\x65\
\x3a\x6e\x6f\x6e\x65\x22\x20\x2f\x3e\x0a\x20\x20\x20\x20\x3c\x2f\
\x67\x3e\x0a\x20\x20\x3c\x2f\x67\x3e\x0a\x3c\x2f\x73\x76\x67\x3e\
\x0a\
\x00\x00\x0a\xee\
\x3c\
\x3f\x78\x6d\x6c\x20\x76\x65\x72\x73\x69\x6f\x6e\x3d\x22\x31\x2e\
\x30\x22\x20\x65\x6e\x63\x6f\x64\x69\x6e\x67\x3d\x22\x55\x54\x46\
\x2d\x38\x22\x20\x73\x74\x61\x6e\x64\x61\x6c\x6f\x6e\x65\x3d\x22\
\x6e\x6f\x22\x3f\x3e\x0a\x3c\x21\x2d\x2d\x20\x43\x72\x65\x61\x74\
\x65\x64\x20\x77\x69\x74\x68\x20\x49\x6e\x6b\x73\x63\x61\x70\x65\
\x20\x28\x68\x74\x74\x70\x3a\x2f\x2f\x77\x77\x77\x2e\x69\x6e\x6b\
\x73\x63\x61\x70\x65\x2e\x6f\x72\x67\x2f\x29\x20\x2d\x2d\x3e\x0a\
\x0a\x3c\x73\x76\x67\x0a\x20\x20\x20\x78\x6d\x6c\x6e\x73\x3a\x64\
\x63\x3d\x22\x68\x74\x74\x70\x3a\x2f\x2f\x70\x75\x72\x6c\x2e\x6f\
\x72\x67\x2f\x64\x63\x2f\x65\x6c\x65\x6d\x65\x6e\x74\x73\x2f\x31\
\x2e\x31\x2f\x22\x0a\x20\x20\x20\x78\x6d\x6c\x6e\x73\x3a\x63\x63\
\x3d\x22\x68\x74\x74\x70\x3a\x2f\x2f\x63\x72\x65\x61\x74\x69\x76\
\x65\x63\x6f\x6d\x6d\x6f\x6e\x73\x2e\x6f\x72\x67\x2f\x6e\x73\x23\
\x22\x0a\x20\x20\x20\x78\x6d\x6c\x6e\x73\x3a\x72\x64\x66\x3d\x22\
\x68\x74\x74\x70\x3a\x2f\x2f\x77\x77\x77\x2e\x77\x33\x2e\x6f\x72\
\x67\x2f\x31\x39\x39\x39\x2f\x30\x32\x2f\x32\x32\x2d\x72\x64\x66\
\x2d\x73\x79\x6e\x74\x61\x78\x2d\x6e\x73\x23\x22\x0a\x20\x20\x20\
\x78\x6d\x6c\x6e\x73\x3a\x73\x76\x67\x3d\x22\x68\x74\x74\x70\x3a\
\x2f\x2f\x77\x77\x77\x2e\x77\x33\x2e\x6f\x72\x67\x2f\x32\x30\x30\
\x30\x2f\x73\x76\x67\x22\x0a\x20\x20\x20\x78\x6d\x6c\x6e\x73\x3d\
\x22\x68\x74\x74\x70\x3a\x2f\x2f\x77\x77\x77\x2e\x77\x33\x2e\x6f\
\x72\x67\x2f\x32\x30\x30\x30\x2f\x73\x76\x67\x22\x0a\x20\x20\x20\
\x78\x6d\x6c\x6e\x73\x3a\x73\x6f\x64\x69\x70\x6f\x64\x69\x3d\x22\
\x68\x74\x74\x70\x3a\x2f\x2f\x73\x6f\x64\x69\x70\x6f\x64\x69\x2e\
\x73\x6f\x75\x72\x63\x65\x66\x6f\x72\x67\x65\x2e\x6e\x65\x74\x2f\
\x44\x54\x44\x2f\x73\x6f\x64\x69\x70\x6f\x64\x69\x2d\x30\x2e\x64\
\x74\x64\x22\x0a\x20\x20\x20\x78\x6d\x6c\x6e\x73\x3a\x69\x6e\x6b\
\x73\x63\x61\x70\x65\x3d\x22\x68\x74\x74\x70\x3a\x2f\x2f\x77\x77\
\x77\x2e\x69\x6e\x6b\x73\x63\x61\x70\x65\x2e\x6f\x72\x67\x2f\x6e\
\x61\x6d\x65\x73\x70\x61\x63\x65\x73\x2f\x69\x6e\x6b\x73\x63\x61\
\x70\x65\x22\x0a\x20\x20\x20\x77\x69\x64\x74\x68\x3d\x22\x31\x31\
\x2e\x32\x31\x33\x38\x37\x32\x6d\x6d\x22\x0a\x20\x20\x20\x68\x65\
\x69\x67\x68\x74\x3d\x22\x36\x2e\x38\x32\x34\x33\x31\x36\x35\x6d\
\x6d\x22\x0a\x20\x20\x20\x76\x69\x65\x77\x42\x6f\x78\x3d\x22\x30\
\x20\x30\x20\x33\x39\x2e\x37\x33\x34\x31\x39\x32\x20\x32\x34\x2e\
\x31\x38\x30\x36\x34\x39\x22\x0a\x20\x20\x20\x69\x64\x3d\x22\x73\
\x76\x67\x35\x39\x34\x39\x22\x0a\x20\x20\x20\x76\x65\x72\x73\x69\
\x6f\x6e\x3d\x22\x31\x2e\x31\x22\x0a\x20\x20\x20\x69\x6e\x6b\x73\
\x63\x61\x70\x65\x3a\x76\x65\x72\x73\x69\x6f\x6e\x3d\x22\x30\x2e\
\x39\x31\x20\x72\x31\x33\x37\x32\x35\x22\x0a\x20\x20\x20\x73\x6f\
\x64\x69\x70\x6f\x64\x69\x3a\x64\x6f\x63\x6e\x61\x6d\x65\x3d\x22\
\x72\x65\x73\x65\x74\x5f\x76\x61\x6c\x75\x65\x2e\x73\x76\x67\x22\
\x3e\x0a\x20\x20\x3c\x64\x65\x66\x73\x0a\x20\x20\x20\x20\x20\x69\
\x64\x3d\x22\x64\x65\x66\x73\x35\x39\x35\x31\x22\x20\x2f\x3e\x0a\
\x20\x20\x3c\x73\x6f\x64\x69\x70\x6f\x64\x69\x3a\x6e\x61\x6d\x65\
\x64\x76\x69\x65\x77\x0a\x20\x20\x20\x20\x20\x69\x64\x3d\x22\x62\
\x61\x73\x65\x22\x0a\x20\x20\x20\x20\x20\x70\x61\x67\x65\x63\x6f\
\x6c\x6f\x72\x3d\x22\x23\x66\x66\x66\x66\x66\x66\x22\x0a\x20\x20\
\x20\x20\x20\x62\x6f\x72\x64\x65\x72\x63\x6f\x6c\x6f\x72\x3d\x22\
\x23\x36\x36\x36\x36\x36\x36\x22\x0a\x20\x20\x20\x20\x20\x62\x6f\
\x72\x64\x65\x72\x6f\x70\x61\x63\x69\x74\x79\x3d\x22\x31\x2e\x30\
\x22\x0a\x20\x20\x20\x20\x20\x69\x6e\x6b\x73\x63\x61\x70\x65\x3a\
\x70\x61\x67\x65\x6f\x70\x61\x63\x69\x74\x79\x3d\x22\x30\x2e\x30\
\x22\x0a\x20\x20\x20\x20\x20\x69\x6e\x6b\x73\x63\x61\x70\x65\x3a\
\x70\x61\x67\x65\x73\x68\x61\x64\x6f\x77\x3d\x22\x32\x22\x0a\x20\
\x20\x20\x20\x20\x69\x6e\x6b\x73\x63\x61\x70\x65\x3a\x7a\x6f\x6f\
\x6d\x3d\x22\x31\x35\x2e\x38\x33\x39\x31\x39\x32\x22\x0a\x20\x20\
\x20\x20\x20\x69\x6e\x6b\x73\x63\x61\x70\x65\x3a\x63\x78\x3d\x22\
\x31\x39\x2e\x30\x34\x38\x34\x31\x22\x0a\x20\x20\x20\x20\x20\x69\
\x6e\x6b\x73\x63\x61\x70\x65\x3a\x63\x79\x3d\x22\x39\x2e\x36\x33\
\x30\x39\x30\x30\x33\x22\x0a\x20\x20\x20\x20\x20\x69\x6e\x6b\x73\
\x63\x61\x70\x65\x3a\x64\x6f\x63\x75\x6d\x65\x6e\x74\x2d\x75\x6e\
\x69\x74\x73\x3d\x22\x70\x78\x22\x0a\x20\x20\x20\x20\x20\x69\x6e\
\x6b\x73\x63\x61\x70\x65\x3a\x63\x75\x72\x72\x65\x6e\x74\x2d\x6c\
\x61\x79\x65\x72\x3d\x22\x6c\x61\x79\x65\x72\x31\x22\x0a\x20\x20\
\x20\x20\x20\x73\x68\x6f\x77\x67\x72\x69\x64\x3d\x22\x74\x72\x75\
\x65\x22\x0a\x20\x20\x20\x20\x20\x66\x69\x74\x2d\x6d\x61\x72\x67\
\x69\x6e\x2d\x74\x6f\x70\x3d\x22\x30\x22\x0a\x20\x20\x20\x20\x20\
\x66\x69\x74\x2d\x6d\x61\x72\x67\x69\x6e\x2d\x6c\x65\x66\x74\x3d\
\x22\x30\x22\x0a\x20\x20\x20\x20\x20\x66\x69\x74\x2d\x6d\x61\x72\
\x67\x69\x6e\x2d\x72\x69\x67\x68\x74\x3d\x22\x30\x22\x0a\x20\x20\
\x20\x20\x20\x66\x69\x74\x2d\x6d\x61\x72\x67\x69\x6e\x2d\x62\x6f\
\x74\x74\x6f\x6d\x3d\x22\x30\x22\x0a\x20\x20\x20\x20\x20\x69\x6e\
\x6b\x73\x63\x61\x70\x65\x3a\x77\x69\x6e\x64\x6f\x77\x2d\x77\x69\
\x64\x74\x68\x3d\x22\x31\x39\x32\x30\x22\x0a\x20\x20\x20\x20\x20\
\x69\x6e\x6b\x73\x63\x61\x70\x65\x3a\x77\x69\x6e\x64\x6f\x77\x2d\
\x68\x65\x69\x67\x68\x74\x3d\x22\x31\x30\x31\x38\x22\x0a\x20\x20\
\x20\x20\x20\x69\x6e\x6b\x73\x63\x61\x70\x65\x3a\x77\x69\x6e\x64\
\x6f\x77\x2d\x78\x3d\x22\x2d\x38\x22\x0a\x20\x20\x20\x20\x20\x69\
\x6e\x6b\x73\x63\x61\x70\x65\x3a\x77\x69\x6e\x64\x6f\x77\x2d\x79\
\x3d\x22\x2d\x38\x22\x0a\x20\x20\x20\x20\x20\x69\x6e\x6b\x73\x63\
\x61\x70\x65\x3a\x77\x69\x6e\x64\x6f\x77\x2d\x6d\x61\x78\x69\x6d\
\x69\x7a\x65\x64\x3d\x22\x31\x22\x3e\x0a\x20\x20\x20\x20\x3c\x69\
\x6e\x6b\x73\x63\x61\x70\x65\x3a\x67\x72\x69\x64\x0a\x20\x20\x20\
\x20\x20\x20\x20\x74\x79\x70\x65\x3d\x22\x78\x79\x67\x72\x69\x64\
\x22\x0a\x20\x20\x20\x20\x20\x20\x20\x69\x64\x3d\x22\x67\x72\x69\
\x64\x36\x35\x30\x37\x22\x20\x2f\x3e\x0a\x20\x20\x3c\x2f\x73\x6f\
\x64\x69\x70\x6f\x64\x69\x3a\x6e\x61\x6d\x65\x64\x76\x69\x65\x77\
\x3e\x0a\x20\x20\x3c\x6d\x65\x74\x61\x64\x61\x74\x61\x0a\x20\x20\
\x20\x20\x20\x69\x64\x3d\x22\x6d\x65\x74\x61\x64\x61\x74\x61\x35\
\x39\x35\x34\x22\x3e\x0a\x20\x20\x20\x20\x3c\x72\x64\x66\x3a\x52\
\x44\x46\x3e\x0a\x20\x20\x20\x20\x20\x20\x3c\x63\x63\x3a\x57\x6f\
\x72\x6b\x0a\x20\x20\x20\x20\x20\x20\x20\x20\x20\x72\x64\x66\x3a\
\x61\x62\x6f\x75\x74\x3d\x22\x22\x3e\x0a\x20\x20\x20\x20\x20\x20\
\x20\x20\x3c\x64\x63\x3a\x66\x6f\x72\x6d\x61\x74\x3e\x69\x6d\x61\
\x67\x65\x2f\x73\x76\x67\x2b\x78\x6d\x6c\x3c\x2f\x64\x63\x3a\x66\
\x6f\x72\x6d\x61\x74\x3e\x0a\x20\x20\x20\x20\x20\x20\x20\x20\x3c\
\x64\x63\x3a\x74\x79\x70\x65\x0a\x20\x20\x20\x20\x20\x20\x20\x20\
\x20\x20\x20\x72\x64\x66\x3a\x72\x65\x73\x6f\x75\x72\x63\x65\x3d\
\x22\x68\x74\x74\x70\x3a\x2f\x2f\x70\x75\x72\x6c\x2e\x6f\x72\x67\
\x2f\x64\x63\x2f\x64\x63\x6d\x69\x74\x79\x70\x65\x2f\x53\x74\x69\
\x6c\x6c\x49\x6d\x61\x67\x65\x22\x20\x2f\x3e\x0a\x20\x20\x20\x20\
\x20\x20\x20\x20\x3c\x64\x63\x3a\x74\x69\x74\x6c\x65\x3e\x3c\x2f\
\x64\x63\x3a\x74\x69\x74\x6c\x65\x3e\x0a\x20\x20\x20\x20\x20\x20\
\x3c\x2f\x63\x63\x3a\x57\x6f\x72\x6b\x3e\x0a\x20\x20\x20\x20\x3c\
\x2f\x72\x64\x66\x3a\x52\x44\x46\x3e\x0a\x20\x20\x3c\x2f\x6d\x65\
\x74\x61\x64\x61\x74\x61\x3e\x0a\x20\x20\x3c\x67\x0a\x20\x20\x20\
\x20\x20\x69\x6e\x6b\x73\x63\x61\x70\x65\x3a\x6c\x61\x62\x65\x6c\
\x3d\x22\x4c\x61\x79\x65\x72\x20\x31\x22\x0a\x20\x20\x20\x20\x20\
\x69\x6e\x6b\x73\x63\x61\x70\x65\x3a\x67\x72\x6f\x75\x70\x6d\x6f\
\x64\x65\x3d\x22\x6c\x61\x79\x65\x72\x22\x0a\x20\x20\x20\x20\x20\
\x69\x64\x3d\x22\x6c\x61\x79\x65\x72\x31\x22\x0a\x20\x20\x20\x20\
\x20\x74\x72\x61\x6e\x73\x66\x6f\x72\x6d\x3d\x22\x74\x72\x61\x6e\
\x73\x6c\x61\x74\x65\x28\x2d\x37\x37\x2e\x32\x37\x35\x37\x36\x33\
\x2c\x2d\x33\x34\x30\x2e\x32\x37\x31\x38\x37\x29\x22\x3e\x0a\x20\
\x20\x20\x20\x3c\x72\x65\x63\x74\x0a\x20\x20\x20\x20\x20\x20\x20\
\x72\x79\x3d\x22\x33\x2e\x35\x38\x35\x35\x38\x36\x33\x22\x0a\x20\
\x20\x20\x20\x20\x20\x20\x72\x78\x3d\x22\x33\x2e\x35\x38\x35\x35\
\x38\x36\x33\x22\x0a\x20\x20\x20\x20\x20\x20\x20\x79\x3d\x22\x33\
\x34\x32\x2e\x36\x33\x34\x39\x35\x22\x0a\x20\x20\x20\x20\x20\x20\
\x20\x78\x3d\x22\x37\x39\x2e\x36\x33\x38\x38\x34\x22\x0a\x20\x20\
\x20\x20\x20\x20\x20\x68\x65\x69\x67\x68\x74\x3d\x22\x31\x39\x2e\
\x32\x30\x34\x34\x35\x31\x22\x0a\x20\x20\x20\x20\x20\x20\x20\x77\
\x69\x64\x74\x68\x3d\x22\x31\x31\x2e\x38\x33\x33\x38\x35\x32\x22\
\x0a\x20\x20\x20\x20\x20\x20\x20\x69\x64\x3d\x22\x72\x65\x63\x74\
\x31\x31\x39\x31\x34\x2d\x39\x2d\x38\x2d\x33\x2d\x38\x2d\x33\x2d\
\x33\x22\x0a\x20\x20\x20\x20\x20\x20\x20\x73\x74\x79\x6c\x65\x3d\
\x22\x66\x69\x6c\x6c\x3a\x6e\x6f\x6e\x65\x3b\x73\x74\x72\x6f\x6b\
\x65\x3a\x23\x30\x30\x30\x30\x30\x30\x3b\x73\x74\x72\x6f\x6b\x65\
\x2d\x77\x69\x64\x74\x68\x3a\x34\x2e\x37\x32\x36\x31\x35\x34\x33\
\x33\x3b\x73\x74\x72\x6f\x6b\x65\x2d\x6d\x69\x74\x65\x72\x6c\x69\
\x6d\x69\x74\x3a\x34\x3b\x73\x74\x72\x6f\x6b\x65\x2d\x64\x61\x73\
\x68\x61\x72\x72\x61\x79\x3a\x6e\x6f\x6e\x65\x3b\x73\x74\x72\x6f\
\x6b\x65\x2d\x6f\x70\x61\x63\x69\x74\x79\x3a\x31\x22\x20\x2f\x3e\
\x0a\x20\x20\x20\x20\x3c\x72\x65\x63\x74\x0a\x20\x20\x20\x20\x20\
\x20\x20\x72\x79\x3d\x22\x33\x2e\x35\x38\x35\x35\x38\x36\x33\x22\
\x0a\x20\x20\x20\x20\x20\x20\x20\x72\x78\x3d\x22\x33\x2e\x35\x38\
\x35\x35\x38\x36\x33\x22\x0a\x20\x20\x20\x20\x20\x20\x20\x79\x3d\
\x22\x33\x34\x32\x2e\x37\x36\x38\x39\x32\x22\x0a\x20\x20\x20\x20\
\x20\x20\x20\x78\x3d\x22\x31\x30\x32\x2e\x38\x31\x33\x30\x33\x22\
\x0a\x20\x20\x20\x20\x20\x20\x20\x68\x65\x69\x67\x68\x74\x3d\x22\
\x31\x39\x2e\x32\x30\x34\x34\x35\x31\x22\x0a\x20\x20\x20\x20\x20\
\x20\x20\x77\x69\x64\x74\x68\x3d\x22\x31\x31\x2e\x38\x33\x33\x38\
\x35\x32\x22\x0a\x20\x20\x20\x20\x20\x20\x20\x69\x64\x3d\x22\x72\
\x65\x63\x74\x31\x31\x39\x31\x34\x2d\x39\x2d\x38\x2d\x33\x2d\x38\
\x2d\x33\x2d\x33\x2d\x38\x22\x0a\x20\x20\x20\x20\x20\x20\x20\x73\
\x74\x79\x6c\x65\x3d\x22\x66\x69\x6c\x6c\x3a\x6e\x6f\x6e\x65\x3b\
\x73\x74\x72\x6f\x6b\x65\x3a\x23\x30\x30\x30\x30\x30\x30\x3b\x73\
\x74\x72\x6f\x6b\x65\x2d\x77\x69\x64\x74\x68\x3a\x34\x2e\x37\x32\
\x36\x31\x35\x34\x33\x33\x3b\x73\x74\x72\x6f\x6b\x65\x2d\x6d\x69\
\x74\x65\x72\x6c\x69\x6d\x69\x74\x3a\x34\x3b\x73\x74\x72\x6f\x6b\
\x65\x2d\x64\x61\x73\x68\x61\x72\x72\x61\x79\x3a\x6e\x6f\x6e\x65\
\x3b\x73\x74\x72\x6f\x6b\x65\x2d\x6f\x70\x61\x63\x69\x74\x79\x3a\
\x31\x22\x20\x2f\x3e\x0a\x20\x20\x20\x20\x3c\x65\x6c\x6c\x69\x70\
\x73\x65\x0a\x20\x20\x20\x20\x20\x20\x20\x73\x74\x79\x6c\x65\x3d\
\x22\x66\x69\x6c\x6c\x3a\x23\x30\x30\x30\x30\x30\x30\x3b\x66\x69\
\x6c\x6c\x2d\x6f\x70\x61\x63\x69\x74\x79\x3a\x31\x3b\x73\x74\x72\
\x6f\x6b\x65\x3a\x23\x30\x30\x30\x30\x30\x30\x3b\x73\x74\x72\x6f\
\x6b\x65\x2d\x77\x69\x64\x74\x68\x3a\x32\x2e\x37\x33\x30\x30\x30\
\x30\x30\x32\x3b\x73\x74\x72\x6f\x6b\x65\x2d\x6c\x69\x6e\x65\x63\
\x61\x70\x3a\x62\x75\x74\x74\x3b\x73\x74\x72\x6f\x6b\x65\x2d\x6c\
\x69\x6e\x65\x6a\x6f\x69\x6e\x3a\x6d\x69\x74\x65\x72\x3b\x73\x74\
\x72\x6f\x6b\x65\x2d\x6d\x69\x74\x65\x72\x6c\x69\x6d\x69\x74\x3a\
\x34\x3b\x73\x74\x72\x6f\x6b\x65\x2d\x64\x61\x73\x68\x61\x72\x72\
\x61\x79\x3a\x6e\x6f\x6e\x65\x3b\x73\x74\x72\x6f\x6b\x65\x2d\x64\
\x61\x73\x68\x6f\x66\x66\x73\x65\x74\x3a\x30\x3b\x73\x74\x72\x6f\
\x6b\x65\x2d\x6f\x70\x61\x63\x69\x74\x79\x3a\x31\x22\x0a\x20\x20\
\x20\x20\x20\x20\x20\x69\x64\x3d\x22\x70\x61\x74\x68\x35\x39\x33\
\x36\x22\x0a\x20\x20\x20\x20\x20\x20\x20\x63\x78\x3d\x22\x39\x37\
\x2e\x32\x30\x39\x38\x33\x31\x22\x0a\x20\x20\x20\x20\x20\x20\x20\
\x63\x79\x3d\x22\x33\x36\x32\x2e\x31\x39\x34\x34\x39\x22\x0a\x20\
\x20\x20\x20\x20\x20\x20\x72\x78\x3d\x22\x31\x2e\x30\x37\x31\x36\
\x33\x38\x38\x22\x0a\x20\x20\x20\x20\x20\x20\x20\x72\x79\x3d\x22\
\x30\x2e\x38\x39\x33\x30\x33\x32\x33\x37\x22\x20\x2f\x3e\x0a\x20\
\x20\x3c\x2f\x67\x3e\x0a\x3c\x2f\x73\x76\x67\x3e\x0a\
\x00\x00\x07\xf0\
\x3c\
\x3f\x78\x6d\x6c\x20\x76\x65\x72\x73\x69\x6f\x6e\x3d\x22\x31\x2e\
\x30\x22\x20\x65\x6e\x63\x6f\x64\x69\x6e\x67\x3d\x22\x55\x54\x46\
\x2d\x38\x22\x20\x73\x74\x61\x6e\x64\x61\x6c\x6f\x6e\x65\x3d\x22\
\x6e\x6f\x22\x3f\x3e\x0a\x3c\x21\x2d\x2d\x20\x43\x72\x65\x61\x74\
\x65\x64\x20\x77\x69\x74\x68\x20\x49\x6e\x6b\x73\x63\x61\x70\x65\
\x20\x28\x68\x74\x74\x70\x3a\x2f\x2f\x77\x77\x77\x2e\x69\x6e\x6b\
\x73\x63\x61\x70\x65\x2e\x6f\x72\x67\x2f\x29\x20\x2d\x2d\x3e\x0a\
\x0a\x3c\x73\x76\x67\x0a\x20\x20\x20\x78\x6d\x6c\x6e\x73\x3a\x64\
\x63\x3d\x22\x68\x74\x74\x70\x3a\x2f\x2f\x70\x75\x72\x6c\x2e\x6f\
\x72\x67\x2f\x64\x63\x2f\x65\x6c\x65\x6d\x65\x6e\x74\x73\x2f\x31\
\x2e\x31\x2f\x22\x0a\x20\x20\x20\x78\x6d\x6c\x6e\x73\x3a\x63\x63\
\x3d\x22\x68\x74\x74\x70\x3a\x2f\x2f\x63\x72\x65\x61\x74\x69\x76\
\x65\x63\x6f\x6d\x6d\x6f\x6e\x73\x2e\x6f\x72\x67\x2f\x6e\x73\x23\
\x22\x0a\x20\x20\x20\x78\x6d\x6c\x6e\x73\x3a\x72\x64\x66\x3d\x22\
\x68\x74\x74\x70\x3a\x2f\x2f\x77\x77\x77\x2e\x77\x33\x2e\x6f\x72\
\x67\x2f\x31\x39\x39\x39\x2f\x30\x32\x2f\x32\x32\x2d\x72\x64\x66\
\x2d\x73\x79\x6e\x74\x61\x78\x2d\x6e\x73\x23\x22\x0a\x20\x20\x20\
\x78\x6d\x6c\x6e\x73\x3a\x73\x76\x67\x3d\x22\x68\x74\x74\x70\x3a\
\x2f\x2f\x77\x77\x77\x2e\x77\x33\x2e\x6f\x72\x67\x2f\x32\x30\x30\
\x30\x2f\x73\x76\x67\x22\x0a\x20\x20\x20\x78\x6d\x6c\x6e\x73\x3d\
\x22\x68\x74\x74\x70\x3a\x2f\x2f\x77\x77\x77\x2e\x77\x33\x2e\x6f\
\x72\x67\x2f\x32\x30\x30\x30\x2f\x73\x76\x67\x22\x0a\x20\x20\x20\
\x78\x6d\x6c\x6e\x73\x3a\x73\x6f\x64\x69\x70\x6f\x64\x69\x3d\x22\
\x68\x74\x74\x70\x3a\x2f\x2f\x73\x6f\x64\x69\x70\x6f\x64\x69\x2e\
\x73\x6f\x75\x72\x63\x65\x66\x6f\x72\x67\x65\x2e\x6e\x65\x74\x2f\
\x44\x54\x44\x2f\x73\x6f\x64\x69\x70\x6f\x64\x69\x2d\x30\x2e\x64\
\x74\x64\x22\x0a\x20\x20\x20\x78\x6d\x6c\x6e\x73\x3a\x69\x6e\x6b\
\x73\x63\x61\x70\x65\x3d\x22\x68\x74\x74\x70\x3a\x2f\x2f\x77\x77\
\x77\x2e\x69\x6e\x6b\x73\x63\x61\x70\x65\x2e\x6f\x72\x67\x2f\x6e\
\x61\x6d\x65\x73\x70\x61\x63\x65\x73\x2f\x69\x6e\x6b\x73\x63\x61\
\x70\x65\x22\x0a\x20\x20\x20\x77\x69\x64\x74\x68\x3d\x22\x39\x6d\
\x6d\x22\x0a\x20\x20\x20\x68\x65\x69\x67\x68\x74\x3d\x22\x39\x6d\
\x6d\x22\x0a\x20\x20\x20\x76\x69\x65\x77\x42\x6f\x78\x3d\x22\x30\
\x20\x30\x20\x33\x31\x2e\x38\x38\x39\x37\x36\x33\x20\x33\x31\x2e\
\x38\x38\x39\x37\x36\x34\x22\x0a\x20\x20\x20\x69\x64\x3d\x22\x73\
\x76\x67\x34\x31\x35\x33\x22\x0a\x20\x20\x20\x76\x65\x72\x73\x69\
\x6f\x6e\x3d\x22\x31\x2e\x31\x22\x0a\x20\x20\x20\x69\x6e\x6b\x73\
\x63\x61\x70\x65\x3a\x76\x65\x72\x73\x69\x6f\x6e\x3d\x22\x30\x2e\
\x39\x31\x20\x72\x31\x33\x37\x32\x35\x22\x0a\x20\x20\x20\x73\x6f\
\x64\x69\x70\x6f\x64\x69\x3a\x64\x6f\x63\x6e\x61\x6d\x65\x3d\x22\
\x62\x75\x74\x74\x6f\x6e\x5f\x73\x74\x6f\x70\x73\x69\x6d\x2e\x73\
\x76\x67\x22\x3e\x0a\x20\x20\x3c\x64\x65\x66\x73\x0a\x20\x20\x20\
\x20\x20\x69\x64\x3d\x22\x64\x65\x66\x73\x34\x31\x35\x35\x22\x20\
\x2f\x3e\x0a\x20\x20\x3c\x73\x6f\x64\x69\x70\x6f\x64\x69\x3a\x6e\
\x61\x6d\x65\x64\x76\x69\x65\x77\x0a\x20\x20\x20\x20\x20\x69\x64\
\x3d\x22\x62\x61\x73\x65\x22\x0a\x20\x20\x20\x20\x20\x70\x61\x67\
\x65\x63\x6f\x6c\x6f\x72\x3d\x22\x23\x66\x66\x66\x66\x66\x66\x22\
\x0a\x20\x20\x20\x20\x20\x62\x6f\x72\x64\x65\x72\x63\x6f\x6c\x6f\
\x72\x3d\x22\x23\x36\x36\x36\x36\x36\x36\x22\x0a\x20\x20\x20\x20\
\x20\x62\x6f\x72\x64\x65\x72\x6f\x70\x61\x63\x69\x74\x79\x3d\x22\
\x31\x2e\x30\x22\x0a\x20\x20\x20\x20\x20\x69\x6e\x6b\x73\x63\x61\
\x70\x65\x3a\x70\x61\x67\x65\x6f\x70\x61\x63\x69\x74\x79\x3d\x22\
\x30\x2e\x30\x22\x0a\x20\x20\x20\x20\x20\x69\x6e\x6b\x73\x63\x61\
\x70\x65\x3a\x70\x61\x67\x65\x73\x68\x61\x64\x6f\x77\x3d\x22\x32\
\x22\x0a\x20\x20\x20\x20\x20\x69\x6e\x6b\x73\x63\x61\x70\x65\x3a\
\x7a\x6f\x6f\x6d\x3d\x22\x31\x31\x2e\x32\x22\x0a\x20\x20\x20\x20\
\x20\x69\x6e\x6b\x73\x63\x61\x70\x65\x3a\x63\x78\x3d\x22\x2d\x32\
\x30\x2e\x30\x31\x38\x31\x36\x33\x22\x0a\x20\x20\x20\x20\x20\x69\
\x6e\x6b\x73\x63\x61\x70\x65\x3a\x63\x79\x3d\x22\x38\x2e\x39\x35\
\x32\x36\x32\x39\x22\x0a\x20\x20\x20\x20\x20\x69\x6e\x6b\x73\x63\
\x61\x70\x65\x3a\x64\x6f\x63\x75\x6d\x65\x6e\x74\x2d\x75\x6e\x69\
\x74\x73\x3d\x22\x70\x78\x22\x0a\x20\x20\x20\x20\x20\x69\x6e\x6b\
\x73\x63\x61\x70\x65\x3a\x63\x75\x72\x72\x65\x6e\x74\x2d\x6c\x61\
\x79\x65\x72\x3d\x22\x6c\x61\x79\x65\x72\x31\x22\x0a\x20\x20\x20\
\x20\x20\x73\x68\x6f\x77\x67\x72\x69\x64\x3d\x22\x74\x72\x75\x65\
\x22\x0a\x20\x20\x20\x20\x20\x66\x69\x74\x2d\x6d\x61\x72\x67\x69\
\x6e\x2d\x74\x6f\x70\x3d\x22\x30\x22\x0a\x20\x20\x20\x20\x20\x66\
\x69\x74\x2d\x6d\x61\x72\x67\x69\x6e\x2d\x6c\x65\x66\x74\x3d\x22\
\x30\x22\x0a\x20\x20\x20\x20\x20\x66\x69\x74\x2d\x6d\x61\x72\x67\
\x69\x6e\x2d\x72\x69\x67\x68\x74\x3d\x22\x30\x22\x0a\x20\x20\x20\
\x20\x20\x66\x69\x74\x2d\x6d\x61\x72\x67\x69\x6e\x2d\x62\x6f\x74\
\x74\x6f\x6d\x3d\x22\x30\x22\x0a\x20\x20\x20\x20\x20\x69\x6e\x6b\
\x73\x63\x61\x70\x65\x3a\x77\x69\x6e\x64\x6f\x77\x2d\x77\x69\x64\
\x74\x68\x3d\x22\x31\x39\x32\x30\x22\x0a\x20\x20\x20\x20\x20\x69\
\x6e\x6b\x73\x63\x61\x70\x65\x3a\x77\x69\x6e\x64\x6f\x77\x2d\x68\
\x65\x69\x67\x68\x74\x3d\x22\x31\x30\x31\x38\x22\x0a\x20\x20\x20\
\x20\x20\x69\x6e\x6b\x73\x63\x61\x70\x65\x3a\x77\x69\x6e\x64\x6f\
\x77\x2d\x78\x3d\x22\x2d\x38\x22\x0a\x20\x20\x20\x20\x20\x69\x6e\
\x6b\x73\x63\x61\x70\x65\x3a\x77\x69\x6e\x64\x6f\x77\x2d\x79\x3d\
\x22\x2d\x38\x22\x0a\x20\x20\x20\x20\x20\x69\x6e\x6b\x73\x63\x61\
\x70\x65\x3a\x77\x69\x6e\x64\x6f\x77\x2d\x6d\x61\x78\x69\x6d\x69\
\x7a\x65\x64\x3d\x22\x31\x22\x3e\x0a\x20\x20\x20\x20\x3c\x69\x6e\
\x6b\x73\x63\x61\x70\x65\x3a\x67\x72\x69\x64\x0a\x20\x20\x20\x20\
\x20\x20\x20\x74\x79\x70\x65\x3d\x22\x78\x79\x67\x72\x69\x64\x22\
\x0a\x20\x20\x20\x20\x20\x20\x20\x69\x64\x3d\x22\x67\x72\x69\x64\
\x34\x37\x30\x37\x22\x20\x2f\x3e\x0a\x20\x20\x3c\x2f\x73\x6f\x64\
\x69\x70\x6f\x64\x69\x3a\x6e\x61\x6d\x65\x64\x76\x69\x65\x77\x3e\
\x0a\x20\x20\x3c\x6d\x65\x74\x61\x64\x61\x74\x61\x0a\x20\x20\x20\
\x20\x20\x69\x64\x3d\x22\x6d\x65\x74\x61\x64\x61\x74\x61\x34\x31\
\x35\x38\x22\x3e\x0a\x20\x20\x20\x20\x3c\x72\x64\x66\x3a\x52\x44\
\x46\x3e\x0a\x20\x20\x20\x20\x20\x20\x3c\x63\x63\x3a\x57\x6f\x72\
\x6b\x0a\x20\x20\x20\x20\x20\x20\x20\x20\x20\x72\x64\x66\x3a\x61\
\x62\x6f\x75\x74\x3d\x22\x22\x3e\x0a\x20\x20\x20\x20\x20\x20\x20\
\x20\x3c\x64\x63\x3a\x66\x6f\x72\x6d\x61\x74\x3e\x69\x6d\x61\x67\
\x65\x2f\x73\x76\x67\x2b\x78\x6d\x6c\x3c\x2f\x64\x63\x3a\x66\x6f\
\x72\x6d\x61\x74\x3e\x0a\x20\x20\x20\x20\x20\x20\x20\x20\x3c\x64\
\x63\x3a\x74\x79\x70\x65\x0a\x20\x20\x20\x20\x20\x20\x20\x20\x20\
\x20\x20\x72\x64\x66\x3a\x72\x65\x73\x6f\x75\x72\x63\x65\x3d\x22\
\x68\x74\x74\x70\x3a\x2f\x2f\x70\x75\x72\x6c\x2e\x6f\x72\x67\x2f\
\x64\x63\x2f\x64\x63\x6d\x69\x74\x79\x70\x65\x2f\x53\x74\x69\x6c\
\x6c\x49\x6d\x61\x67\x65\x22\x20\x2f\x3e\x0a\x20\x20\x20\x20\x20\
\x20\x20\x20\x3c\x64\x63\x3a\x74\x69\x74\x6c\x65\x3e\x3c\x2f\x64\
\x63\x3a\x74\x69\x74\x6c\x65\x3e\x0a\x20\x20\x20\x20\x20\x20\x3c\
\x2f\x63\x63\x3a\x57\x6f\x72\x6b\x3e\x0a\x20\x20\x20\x20\x3c\x2f\
\x72\x64\x66\x3a\x52\x44\x46\x3e\x0a\x20\x20\x3c\x2f\x6d\x65\x74\
\x61\x64\x61\x74\x61\x3e\x0a\x20\x20\x3c\x67\x0a\x20\x20\x20\x20\
\x20\x69\x6e\x6b\x73\x63\x61\x70\x65\x3a\x6c\x61\x62\x65\x6c\x3d\
\x22\x4c\x61\x79\x65\x72\x20\x31\x22\x0a\x20\x20\x20\x20\x20\x69\
\x6e\x6b\x73\x63\x61\x70\x65\x3a\x67\x72\x6f\x75\x70\x6d\x6f\x64\
\x65\x3d\x22\x6c\x61\x79\x65\x72\x22\x0a\x20\x20\x20\x20\x20\x69\
\x64\x3d\x22\x6c\x61\x79\x65\x72\x31\x22\x0a\x20\x20\x20\x20\x20\
\x74\x72\x61\x6e\x73\x66\x6f\x72\x6d\x3d\x22\x74\x72\x61\x6e\x73\
\x6c\x61\x74\x65\x28\x2d\x35\x38\x2e\x39\x32\x38\x35\x37\x2c\x2d\
\x32\x33\x38\x2e\x36\x38\x36\x37\x32\x29\x22\x3e\x0a\x20\x20\x20\
\x20\x3c\x72\x65\x63\x74\x0a\x20\x20\x20\x20\x20\x20\x20\x72\x79\
\x3d\x22\x30\x22\x0a\x20\x20\x20\x20\x20\x20\x20\x72\x78\x3d\x22\
\x30\x22\x0a\x20\x20\x20\x20\x20\x20\x20\x79\x3d\x22\x32\x34\x32\
\x2e\x34\x35\x31\x34\x38\x22\x0a\x20\x20\x20\x20\x20\x20\x20\x78\
\x3d\x22\x36\x32\x2e\x35\x22\x0a\x20\x20\x20\x20\x20\x20\x20\x68\
\x65\x69\x67\x68\x74\x3d\x22\x32\x35\x22\x0a\x20\x20\x20\x20\x20\
\x20\x20\x77\x69\x64\x74\x68\x3d\x22\x32\x35\x22\x0a\x20\x20\x20\
\x20\x20\x20\x20\x69\x64\x3d\x22\x72\x65\x63\x74\x31\x32\x38\x38\
\x38\x2d\x32\x2d\x37\x22\x0a\x20\x20\x20\x20\x20\x20\x20\x73\x74\
\x79\x6c\x65\x3d\x22\x66\x69\x6c\x6c\x3a\x23\x30\x30\x30\x30\x30\
\x30\x3b\x66\x69\x6c\x6c\x2d\x6f\x70\x61\x63\x69\x74\x79\x3a\x31\
\x3b\x73\x74\x72\x6f\x6b\x65\x3a\x6e\x6f\x6e\x65\x22\x20\x2f\x3e\
\x0a\x20\x20\x3c\x2f\x67\x3e\x0a\x3c\x2f\x73\x76\x67\x3e\x0a\
\x00\x00\x0b\xae\
\x3c\
\x3f\x78\x6d\x6c\x20\x76\x65\x72\x73\x69\x6f\x6e\x3d\x22\x31\x2e\
\x30\x22\x20\x65\x6e\x63\x6f\x64\x69\x6e\x67\x3d\x22\x55\x54\x46\
\x2d\x38\x22\x20\x73\x74\x61\x6e\x64\x61\x6c\x6f\x6e\x65\x3d\x22\
\x6e\x6f\x22\x3f\x3e\x0a\x3c\x21\x2d\x2d\x20\x43\x72\x65\x61\x74\
\x65\x64\x20\x77\x69\x74\x68\x20\x49\x6e\x6b\x73\x63\x61\x70\x65\
\x20\x28\x68\x74\x74\x70\x3a\x2f\x2f\x77\x77\x77\x2e\x69\x6e\x6b\
\x73\x63\x61\x70\x65\x2e\x6f\x72\x67\x2f\x29\x20\x2d\x2d\x3e\x0a\
\x0a\x3c\x73\x76\x67\x0a\x20\x20\x20\x78\x6d\x6c\x6e\x73\x3a\x64\
\x63\x3d\x22\x68\x74\x74\x70\x3a\x2f\x2f\x70\x75\x72\x6c\x2e\x6f\
\x72\x67\x2f\x64\x63\x2f\x65\x6c\x65\x6d\x65\x6e\x74\x73\x2f\x31\
\x2e\x31\x2f\x22\x0a\x20\x20\x20\x78\x6d\x6c\x6e\x73\x3a\x63\x63\
\x3d\x22\x68\x74\x74\x70\x3a\x2f\x2f\x63\x72\x65\x61\x74\x69\x76\
\x65\x63\x6f\x6d\x6d\x6f\x6e\x73\x2e\x6f\x72\x67\x2f\x6e\x73\x23\
\x22\x0a\x20\x20\x20\x78\x6d\x6c\x6e\x73\x3a\x72\x64\x66\x3d\x22\
\x68\x74\x74\x70\x3a\x2f\x2f\x77\x77\x77\x2e\x77\x33\x2e\x6f\x72\
\x67\x2f\x31\x39\x39\x39\x2f\x30\x32\x2f\x32\x32\x2d\x72\x64\x66\
\x2d\x73\x79\x6e\x74\x61\x78\x2d\x6e\x73\x23\x22\x0a\x20\x20\x20\
\x78\x6d\x6c\x6e\x73\x3a\x73\x76\x67\x3d\x22\x68\x74\x74\x70\x3a\
\x2f\x2f\x77\x77\x77\x2e\x77\x33\x2e\x6f\x72\x67\x2f\x32\x30\x30\
\x30\x2f\x73\x76\x67\x22\x0a\x20\x20\x20\x78\x6d\x6c\x6e\x73\x3d\
\x22\x68\x74\x74\x70\x3a\x2f\x2f\x77\x77\x77\x2e\x77\x33\x2e\x6f\
\x72\x67\x2f\x32\x30\x30\x30\x2f\x73\x76\x67\x22\x0a\x20\x20\x20\
\x78\x6d\x6c\x6e\x73\x3a\x73\x6f\x64\x69\x70\x6f\x64\x69\x3d\x22\
\x68\x74\x74\x70\x3a\x2f\x2f\x73\x6f\x64\x69\x70\x6f\x64\x69\x2e\
\x73\x6f\x75\x72\x63\x65\x66\x6f\x72\x67\x65\x2e\x6e\x65\x74\x2f\
\x44\x54\x44\x2f\x73\x6f\x64\x69\x70\x6f\x64\x69\x2d\x30\x2e\x64\
\x74\x64\x22\x0a\x20\x20\x20\x78\x6d\x6c\x6e\x73\x3a\x69\x6e\x6b\
\x73\x63\x61\x70\x65\x3d\x22\x68\x74\x74\x70\x3a\x2f\x2f\x77\x77\
\x77\x2e\x69\x6e\x6b\x73\x63\x61\x70\x65\x2e\x6f\x72\x67\x2f\x6e\
\x61\x6d\x65\x73\x70\x61\x63\x65\x73\x2f\x69\x6e\x6b\x73\x63\x61\
\x70\x65\x22\x0a\x20\x20\x20\x77\x69\x64\x74\x68\x3d\x22\x33\x32\
\x22\x0a\x20\x20\x20\x68\x65\x69\x67\x68\x74\x3d\x22\x33\x32\x22\
\x0a\x20\x20\x20\x76\x69\x65\x77\x42\x6f\x78\x3d\x22\x30\x20\x30\
\x20\x33\x32\x20\x33\x32\x22\x0a\x20\x20\x20\x69\x64\x3d\x22\x73\
\x76\x67\x34\x31\x35\x39\x22\x0a\x20\x20\x20\x76\x65\x72\x73\x69\
\x6f\x6e\x3d\x22\x31\x2e\x31\x22\x0a\x20\x20\x20\x69\x6e\x6b\x73\
\x63\x61\x70\x65\x3a\x76\x65\x72\x73\x69\x6f\x6e\x3d\x22\x30\x2e\
\x39\x32\x2e\x30\x20\x72\x31\x35\x32\x39\x39\x22\x0a\x20\x20\x20\
\x73\x6f\x64\x69\x70\x6f\x64\x69\x3a\x64\x6f\x63\x6e\x61\x6d\x65\
\x3d\x22\x72\x6f\x6c\x65\x5f\x73\x65\x74\x75\x70\x2e\x73\x76\x67\
\x22\x3e\x0a\x20\x20\x3c\x64\x65\x66\x73\x0a\x20\x20\x20\x20\x20\
\x69\x64\x3d\x22\x64\x65\x66\x73\x34\x31\x36\x31\x22\x20\x2f\x3e\
\x0a\x20\x20\x3c\x73\x6f\x64\x69\x70\x6f\x64\x69\x3a\x6e\x61\x6d\
\x65\x64\x76\x69\x65\x77\x0a\x20\x20\x20\x20\x20\x69\x64\x3d\x22\
\x62\x61\x73\x65\x22\x0a\x20\x20\x20\x20\x20\x70\x61\x67\x65\x63\
\x6f\x6c\x6f\x72\x3d\x22\x23\x66\x66\x66\x66\x66\x66\x22\x0a\x20\
\x20\x20\x20\x20\x62\x6f\x72\x64\x65\x72\x63\x6f\x6c\x6f\x72\x3d\
\x22\x23\x36\x36\x36\x36\x36\x36\x22\x0a\x20\x20\x20\x20\x20\x62\
\x6f\x72\x64\x65\x72\x6f\x70\x61\x63\x69\x74\x79\x3d\x22\x31\x2e\
\x30\x22\x0a\x20\x20\x20\x20\x20\x69\x6e\x6b\x73\x63\x61\x70\x65\
\x3a\x70\x61\x67\x65\x6f\x70\x61\x63\x69\x74\x79\x3d\x22\x30\x2e\
\x30\x22\x0a\x20\x20\x20\x20\x20\x69\x6e\x6b\x73\x63\x61\x70\x65\
\x3a\x70\x61\x67\x65\x73\x68\x61\x64\x6f\x77\x3d\x22\x32\x22\x0a\
\x20\x20\x20\x20\x20\x69\x6e\x6b\x73\x63\x61\x70\x65\x3a\x7a\x6f\
\x6f\x6d\x3d\x22\x31\x35\x2e\x38\x33\x39\x31\x39\x32\x22\x0a\x20\
\x20\x20\x20\x20\x69\x6e\x6b\x73\x63\x61\x70\x65\x3a\x63\x78\x3d\
\x22\x37\x2e\x32\x30\x39\x36\x39\x38\x32\x22\x0a\x20\x20\x20\x20\
\x20\x69\x6e\x6b\x73\x63\x61\x70\x65\x3a\x63\x79\x3d\x22\x31\x33\
\x2e\x37\x36\x39\x36\x35\x33\x22\x0a\x20\x20\x20\x20\x20\x69\x6e\
\x6b\x73\x63\x61\x70\x65\x3a\x64\x6f\x63\x75\x6d\x65\x6e\x74\x2d\
\x75\x6e\x69\x74\x73\x3d\x22\x70\x78\x22\x0a\x20\x20\x20\x20\x20\
\x69\x6e\x6b\x73\x63\x61\x70\x65\x3a\x63\x75\x72\x72\x65\x6e\x74\
\x2d\x6c\x61\x79\x65\x72\x3d\x22\x6c\x61\x79\x65\x72\x31\x22\x0a\
\x20\x20\x20\x20\x20\x73\x68\x6f\x77\x67\x72\x69\x64\x3d\x22\x74\
\x72\x75\x65\x22\x0a\x20\x20\x20\x20\x20\x66\x69\x74\x2d\x6d\x61\
\x72\x67\x69\x6e\x2d\x74\x6f\x70\x3d\x22\x30\x22\x0a\x20\x20\x20\
\x20\x20\x66\x69\x74\x2d\x6d\x61\x72\x67\x69\x6e\x2d\x6c\x65\x66\
\x74\x3d\x22\x30\x22\x0a\x20\x20\x20\x20\x20\x66\x69\x74\x2d\x6d\
\x61\x72\x67\x69\x6e\x2d\x72\x69\x67\x68\x74\x3d\x22\x30\x22\x0a\
\x20\x20\x20\x20\x20\x66\x69\x74\x2d\x6d\x61\x72\x67\x69\x6e\x2d\
\x62\x6f\x74\x74\x6f\x6d\x3d\x22\x30\x22\x0a\x20\x20\x20\x20\x20\
\x69\x6e\x6b\x73\x63\x61\x70\x65\x3a\x77\x69\x6e\x64\x6f\x77\x2d\
\x77\x69\x64\x74\x68\x3d\x22\x31\x36\x38\x30\x22\x0a\x20\x20\x20\
\x20\x20\x69\x6e\x6b\x73\x63\x61\x70\x65\x3a\x77\x69\x6e\x64\x6f\
\x77\x2d\x68\x65\x69\x67\x68\x74\x3d\x22\x39\x33\x32\x22\x0a\x20\
\x20\x20\x20\x20\x69\x6e\x6b\x73\x63\x61\x70\x65\x3a\x77\x69\x6e\
\x64\x6f\x77\x2d\x78\x3d\x22\x2d\x38\x22\x0a\x20\x20\x20\x20\x20\
\x69\x6e\x6b\x73\x63\x61\x70\x65\x3a\x77\x69\x6e\x64\x6f\x77\x2d\
\x79\x3d\x22\x2d\x38\x22\x0a\x20\x20\x20\x20\x20\x69\x6e\x6b\x73\
\x63\x61\x70\x65\x3a\x77\x69\x6e\x64\x6f\x77\x2d\x6d\x61\x78\x69\
\x6d\x69\x7a\x65\x64\x3d\x22\x31\x22\x0a\x20\x20\x20\x20\x20\x75\
\x6e\x69\x74\x73\x3d\x22\x70\x78\x22\x3e\x0a\x20\x20\x20\x20\x3c\
\x69\x6e\x6b\x73\x63\x61\x70\x65\x3a\x67\x72\x69\x64\x0a\x20\x20\
\x20\x20\x20\x20\x20\x74\x79\x70\x65\x3d\x22\x78\x79\x67\x72\x69\
\x64\x22\x0a\x20\x20\x20\x20\x20\x20\x20\x69\x64\x3d\x22\x67\x72\
\x69\x64\x34\x37\x33\x31\x22\x20\x2f\x3e\x0a\x20\x20\x3c\x2f\x73\
\x6f\x64\x69\x70\x6f\x64\x69\x3a\x6e\x61\x6d\x65\x64\x76\x69\x65\
\x77\x3e\x0a\x20\x20\x3c\x6d\x65\x74\x61\x64\x61\x74\x61\x0a\x20\
\x20\x20\x20\x20\x69\x64\x3d\x22\x6d\x65\x74\x61\x64\x61\x74\x61\
\x34\x31\x36\x34\x22\x3e\x0a\x20\x20\x20\x20\x3c\x72\x64\x66\x3a\
\x52\x44\x46\x3e\x0a\x20\x20\x20\x20\x20\x20\x3c\x63\x63\x3a\x57\
\x6f\x72\x6b\x0a\x20\x20\x20\x20\x20\x20\x20\x20\x20\x72\x64\x66\
\x3a\x61\x62\x6f\x75\x74\x3d\x22\x22\x3e\x0a\x20\x20\x20\x20\x20\
\x20\x20\x20\x3c\x64\x63\x3a\x66\x6f\x72\x6d\x61\x74\x3e\x69\x6d\
\x61\x67\x65\x2f\x73\x76\x67\x2b\x78\x6d\x6c\x3c\x2f\x64\x63\x3a\
\x66\x6f\x72\x6d\x61\x74\x3e\x0a\x20\x20\x20\x20\x20\x20\x20\x20\
\x3c\x64\x63\x3a\x74\x79\x70\x65\x0a\x20\x20\x20\x20\x20\x20\x20\
\x20\x20\x20\x20\x72\x64\x66\x3a\x72\x65\x73\x6f\x75\x72\x63\x65\
\x3d\x22\x68\x74\x74\x70\x3a\x2f\x2f\x70\x75\x72\x6c\x2e\x6f\x72\
\x67\x2f\x64\x63\x2f\x64\x63\x6d\x69\x74\x79\x70\x65\x2f\x53\x74\
\x69\x6c\x6c\x49\x6d\x61\x67\x65\x22\x20\x2f\x3e\x0a\x20\x20\x20\
\x20\x20\x20\x20\x20\x3c\x64\x63\x3a\x74\x69\x74\x6c\x65\x3e\x3c\
\x2f\x64\x63\x3a\x74\x69\x74\x6c\x65\x3e\x0a\x20\x20\x20\x20\x20\
\x20\x3c\x2f\x63\x63\x3a\x57\x6f\x72\x6b\x3e\x0a\x20\x20\x20\x20\
\x3c\x2f\x72\x64\x66\x3a\x52\x44\x46\x3e\x0a\x20\x20\x3c\x2f\x6d\
\x65\x74\x61\x64\x61\x74\x61\x3e\x0a\x20\x20\x3c\x67\x0a\x20\x20\
\x20\x20\x20\x69\x6e\x6b\x73\x63\x61\x70\x65\x3a\x6c\x61\x62\x65\
\x6c\x3d\x22\x4c\x61\x79\x65\x72\x20\x31\x22\x0a\x20\x20\x20\x20\
\x20\x69\x6e\x6b\x73\x63\x61\x70\x65\x3a\x67\x72\x6f\x75\x70\x6d\
\x6f\x64\x65\x3d\x22\x6c\x61\x79\x65\x72\x22\x0a\x20\x20\x20\x20\
\x20\x69\x64\x3d\x22\x6c\x61\x79\x65\x72\x31\x22\x0a\x20\x20\x20\
\x20\x20\x74\x72\x61\x6e\x73\x66\x6f\x72\x6d\x3d\x22\x74\x72\x61\
\x6e\x73\x6c\x61\x74\x65\x28\x2d\x31\x36\x34\x2e\x38\x39\x32\x39\
\x33\x2c\x2d\x36\x34\x33\x2e\x36\x37\x32\x31\x33\x29\x22\x3e\x0a\
\x20\x20\x20\x20\x3c\x67\x0a\x20\x20\x20\x20\x20\x20\x20\x69\x64\
\x3d\x22\x67\x34\x31\x35\x34\x22\x0a\x20\x20\x20\x20\x20\x20\x20\
\x74\x72\x61\x6e\x73\x66\x6f\x72\x6d\x3d\x22\x6d\x61\x74\x72\x69\
\x78\x28\x34\x2e\x35\x38\x34\x32\x32\x32\x32\x2c\x30\x2c\x30\x2c\
\x34\x2e\x33\x38\x39\x36\x30\x32\x33\x2c\x33\x38\x33\x2e\x31\x32\
\x38\x35\x2c\x36\x35\x39\x2e\x37\x35\x37\x30\x39\x29\x22\x3e\x0a\
\x20\x20\x20\x20\x20\x20\x3c\x70\x61\x74\x68\x0a\x20\x20\x20\x20\
\x20\x20\x20\x20\x20\x73\x74\x79\x6c\x65\x3d\x22\x66\x69\x6c\x6c\
\x3a\x23\x66\x66\x37\x32\x30\x30\x3b\x66\x69\x6c\x6c\x2d\x6f\x70\
\x61\x63\x69\x74\x79\x3a\x31\x3b\x66\x69\x6c\x6c\x2d\x72\x75\x6c\
\x65\x3a\x6e\x6f\x6e\x7a\x65\x72\x6f\x3b\x73\x74\x72\x6f\x6b\x65\
\x3a\x6e\x6f\x6e\x65\x22\x0a\x20\x20\x20\x20\x20\x20\x20\x20\x20\
\x64\x3d\x22\x6d\x20\x2d\x34\x35\x2e\x33\x31\x37\x38\x37\x2c\x2d\
\x32\x2e\x30\x32\x31\x33\x34\x38\x32\x20\x2d\x30\x2e\x30\x34\x32\
\x33\x33\x2c\x31\x2e\x36\x35\x30\x39\x38\x33\x30\x36\x20\x31\x2e\
\x32\x32\x37\x36\x35\x33\x2c\x2d\x30\x2e\x35\x32\x39\x31\x35\x38\
\x32\x20\x7a\x22\x0a\x20\x20\x20\x20\x20\x20\x20\x20\x20\x69\x64\
\x3d\x22\x70\x61\x74\x68\x34\x31\x34\x30\x22\x0a\x20\x20\x20\x20\
\x20\x20\x20\x20\x20\x69\x6e\x6b\x73\x63\x61\x70\x65\x3a\x63\x6f\
\x6e\x6e\x65\x63\x74\x6f\x72\x2d\x63\x75\x72\x76\x61\x74\x75\x72\
\x65\x3d\x22\x30\x22\x20\x2f\x3e\x0a\x20\x20\x20\x20\x20\x20\x3c\
\x70\x61\x74\x68\x0a\x20\x20\x20\x20\x20\x20\x20\x20\x20\x73\x74\
\x79\x6c\x65\x3d\x22\x66\x69\x6c\x6c\x3a\x23\x66\x66\x37\x32\x30\
\x30\x3b\x66\x69\x6c\x6c\x2d\x6f\x70\x61\x63\x69\x74\x79\x3a\x31\
\x3b\x66\x69\x6c\x6c\x2d\x72\x75\x6c\x65\x3a\x6e\x6f\x6e\x7a\x65\
\x72\x6f\x3b\x73\x74\x72\x6f\x6b\x65\x3a\x6e\x6f\x6e\x65\x22\x0a\
\x20\x20\x20\x20\x20\x20\x20\x20\x20\x64\x3d\x22\x6d\x20\x2d\x34\
\x32\x2e\x36\x35\x30\x38\x38\x34\x2c\x2d\x30\x2e\x35\x38\x32\x30\
\x33\x31\x38\x34\x20\x63\x20\x30\x2e\x38\x30\x34\x33\x33\x33\x2c\
\x30\x2e\x38\x30\x34\x33\x33\x33\x33\x20\x30\x2e\x38\x30\x34\x33\
\x33\x33\x2c\x32\x2e\x31\x31\x36\x36\x36\x36\x37\x34\x20\x30\x2c\
\x32\x2e\x39\x32\x30\x39\x37\x31\x38\x34\x20\x2d\x30\x2e\x38\x30\
\x34\x33\x33\x34\x2c\x30\x2e\x38\x30\x34\x33\x33\x33\x33\x20\x2d\
\x32\x2e\x31\x31\x36\x36\x35\x36\x2c\x30\x2e\x38\x30\x34\x33\x33\
\x33\x33\x20\x2d\x32\x2e\x39\x32\x30\x39\x38\x33\x2c\x30\x20\x2d\
\x30\x2e\x38\x30\x34\x33\x32\x38\x2c\x2d\x30\x2e\x38\x30\x34\x33\
\x30\x35\x31\x20\x2d\x30\x2e\x38\x30\x34\x33\x32\x38\x2c\x2d\x32\
\x2e\x31\x31\x36\x36\x33\x38\x35\x34\x20\x30\x2c\x2d\x32\x2e\x39\
\x32\x30\x39\x37\x31\x38\x34\x20\x30\x2e\x38\x30\x34\x33\x32\x37\
\x2c\x2d\x30\x2e\x38\x30\x34\x33\x31\x39\x31\x36\x20\x32\x2e\x31\
\x31\x36\x36\x34\x39\x2c\x2d\x30\x2e\x38\x30\x34\x33\x31\x39\x31\
\x36\x20\x32\x2e\x39\x32\x30\x39\x38\x33\x2c\x30\x20\x7a\x22\x0a\
\x20\x20\x20\x20\x20\x20\x20\x20\x20\x69\x64\x3d\x22\x70\x61\x74\
\x68\x34\x31\x34\x32\x22\x0a\x20\x20\x20\x20\x20\x20\x20\x20\x20\
\x69\x6e\x6b\x73\x63\x61\x70\x65\x3a\x63\x6f\x6e\x6e\x65\x63\x74\
\x6f\x72\x2d\x63\x75\x72\x76\x61\x74\x75\x72\x65\x3d\x22\x30\x22\
\x20\x2f\x3e\x0a\x20\x20\x20\x20\x20\x20\x3c\x70\x61\x74\x68\x0a\
\x20\x20\x20\x20\x20\x20\x20\x20\x20\x73\x74\x79\x6c\x65\x3d\x22\
\x66\x69\x6c\x6c\x3a\x6e\x6f\x6e\x65\x3b\x73\x74\x72\x6f\x6b\x65\
\x3a\x23\x66\x66\x37\x32\x30\x30\x3b\x73\x74\x72\x6f\x6b\x65\x2d\
\x77\x69\x64\x74\x68\x3a\x30\x2e\x38\x38\x38\x39\x39\x33\x34\x34\
\x70\x78\x3b\x73\x74\x72\x6f\x6b\x65\x2d\x6c\x69\x6e\x65\x63\x61\
\x70\x3a\x62\x75\x74\x74\x3b\x73\x74\x72\x6f\x6b\x65\x2d\x6c\x69\
\x6e\x65\x6a\x6f\x69\x6e\x3a\x6d\x69\x74\x65\x72\x3b\x73\x74\x72\
\x6f\x6b\x65\x2d\x6d\x69\x74\x65\x72\x6c\x69\x6d\x69\x74\x3a\x34\
\x3b\x73\x74\x72\x6f\x6b\x65\x2d\x64\x61\x73\x68\x61\x72\x72\x61\
\x79\x3a\x6e\x6f\x6e\x65\x3b\x73\x74\x72\x6f\x6b\x65\x2d\x6f\x70\
\x61\x63\x69\x74\x79\x3a\x31\x22\x0a\x20\x20\x20\x20\x20\x20\x20\
\x20\x20\x64\x3d\x22\x6d\x20\x2d\x34\x36\x2e\x38\x34\x31\x38\x35\
\x39\x2c\x2d\x31\x2e\x37\x34\x36\x31\x38\x31\x35\x20\x63\x20\x30\
\x2e\x36\x39\x38\x34\x39\x34\x2c\x2d\x30\x2e\x37\x36\x31\x39\x39\
\x34\x34\x20\x31\x2e\x36\x37\x32\x31\x35\x35\x2c\x2d\x31\x2e\x32\
\x30\x36\x34\x39\x31\x36\x20\x32\x2e\x37\x30\x39\x33\x30\x38\x2c\
\x2d\x31\x2e\x32\x32\x37\x36\x35\x38\x33\x20\x31\x2e\x30\x33\x37\
\x31\x36\x37\x2c\x2d\x30\x2e\x30\x32\x31\x31\x36\x37\x20\x32\x2e\
\x30\x33\x32\x2c\x30\x2e\x33\x38\x30\x39\x39\x37\x32\x20\x32\x2e\
\x37\x35\x31\x36\x33\x38\x2c\x31\x2e\x31\x32\x31\x38\x32\x34\x39\
\x22\x0a\x20\x20\x20\x20\x20\x20\x20\x20\x20\x69\x64\x3d\x22\x70\
\x61\x74\x68\x34\x31\x34\x34\x22\x0a\x20\x20\x20\x20\x20\x20\x20\
\x20\x20\x69\x6e\x6b\x73\x63\x61\x70\x65\x3a\x63\x6f\x6e\x6e\x65\
\x63\x74\x6f\x72\x2d\x63\x75\x72\x76\x61\x74\x75\x72\x65\x3d\x22\
\x30\x22\x20\x2f\x3e\x0a\x20\x20\x20\x20\x3c\x2f\x67\x3e\x0a\x20\
\x20\x3c\x2f\x67\x3e\x0a\x3c\x2f\x73\x76\x67\x3e\x0a\
\x00\x00\x0a\x21\
\x3c\
\x3f\x78\x6d\x6c\x20\x76\x65\x72\x73\x69\x6f\x6e\x3d\x22\x31\x2e\
\x30\x22\x20\x65\x6e\x63\x6f\x64\x69\x6e\x67\x3d\x22\x55\x54\x46\
\x2d\x38\x22\x20\x73\x74\x61\x6e\x64\x61\x6c\x6f\x6e\x65\x3d\x22\
\x6e\x6f\x22\x3f\x3e\x0a\x3c\x21\x2d\x2d\x20\x43\x72\x65\x61\x74\
\x65\x64\x20\x77\x69\x74\x68\x20\x49\x6e\x6b\x73\x63\x61\x70\x65\
\x20\x28\x68\x74\x74\x70\x3a\x2f\x2f\x77\x77\x77\x2e\x69\x6e\x6b\
\x73\x63\x61\x70\x65\x2e\x6f\x72\x67\x2f\x29\x20\x2d\x2d\x3e\x0a\
\x0a\x3c\x73\x76\x67\x0a\x20\x20\x20\x78\x6d\x6c\x6e\x73\x3a\x64\
\x63\x3d\x22\x68\x74\x74\x70\x3a\x2f\x2f\x70\x75\x72\x6c\x2e\x6f\
\x72\x67\x2f\x64\x63\x2f\x65\x6c\x65\x6d\x65\x6e\x74\x73\x2f\x31\
\x2e\x31\x2f\x22\x0a\x20\x20\x20\x78\x6d\x6c\x6e\x73\x3a\x63\x63\
\x3d\x22\x68\x74\x74\x70\x3a\x2f\x2f\x63\x72\x65\x61\x74\x69\x76\
\x65\x63\x6f\x6d\x6d\x6f\x6e\x73\x2e\x6f\x72\x67\x2f\x6e\x73\x23\
\x22\x0a\x20\x20\x20\x78\x6d\x6c\x6e\x73\x3a\x72\x64\x66\x3d\x22\
\x68\x74\x74\x70\x3a\x2f\x2f\x77\x77\x77\x2e\x77\x33\x2e\x6f\x72\
\x67\x2f\x31\x39\x39\x39\x2f\x30\x32\x2f\x32\x32\x2d\x72\x64\x66\
\x2d\x73\x79\x6e\x74\x61\x78\x2d\x6e\x73\x23\x22\x0a\x20\x20\x20\
\x78\x6d\x6c\x6e\x73\x3a\x73\x76\x67\x3d\x22\x68\x74\x74\x70\x3a\
\x2f\x2f\x77\x77\x77\x2e\x77\x33\x2e\x6f\x72\x67\x2f\x32\x30\x30\
\x30\x2f\x73\x76\x67\x22\x0a\x20\x20\x20\x78\x6d\x6c\x6e\x73\x3d\
\x22\x68\x74\x74\x70\x3a\x2f\x2f\x77\x77\x77\x2e\x77\x33\x2e\x6f\
\x72\x67\x2f\x32\x30\x30\x30\x2f\x73\x76\x67\x22\x0a\x20\x20\x20\
\x78\x6d\x6c\x6e\x73\x3a\x73\x6f\x64\x69\x70\x6f\x64\x69\x3d\x22\
\x68\x74\x74\x70\x3a\x2f\x2f\x73\x6f\x64\x69\x70\x6f\x64\x69\x2e\
\x73\x6f\x75\x72\x63\x65\x66\x6f\x72\x67\x65\x2e\x6e\x65\x74\x2f\
\x44\x54\x44\x2f\x73\x6f\x64\x69\x70\x6f\x64\x69\x2d\x30\x2e\x64\
\x74\x64\x22\x0a\x20\x20\x20\x78\x6d\x6c\x6e\x73\x3a\x69\x6e\x6b\
\x73\x63\x61\x70\x65\x3d\x22\x68\x74\x74\x70\x3a\x2f\x2f\x77\x77\
\x77\x2e\x69\x6e\x6b\x73\x63\x61\x70\x65\x2e\x6f\x72\x67\x2f\x6e\
\x61\x6d\x65\x73\x70\x61\x63\x65\x73\x2f\x69\x6e\x6b\x73\x63\x61\
\x70\x65\x22\x0a\x20\x20\x20\x77\x69\x64\x74\x68\x3d\x22\x33\x32\
\x22\x0a\x20\x20\x20\x68\x65\x69\x67\x68\x74\x3d\x22\x33\x32\x22\
\x0a\x20\x20\x20\x69\x64\x3d\x22\x73\x76\x67\x31\x35\x31\x37\x36\
\x22\x0a\x20\x20\x20\x76\x65\x72\x73\x69\x6f\x6e\x3d\x22\x31\x2e\
\x31\x22\x0a\x20\x20\x20\x69\x6e\x6b\x73\x63\x61\x70\x65\x3a\x76\
\x65\x72\x73\x69\x6f\x6e\x3d\x22\x30\x2e\x39\x32\x2e\x30\x20\x72\
\x31\x35\x32\x39\x39\x22\x0a\x20\x20\x20\x73\x6f\x64\x69\x70\x6f\
\x64\x69\x3a\x64\x6f\x63\x6e\x61\x6d\x65\x3d\x22\x72\x6f\x6c\x65\
\x5f\x73\x74\x61\x72\x74\x75\x70\x2e\x73\x76\x67\x22\x3e\x0a\x20\
\x20\x3c\x64\x65\x66\x73\x0a\x20\x20\x20\x20\x20\x69\x64\x3d\x22\
\x64\x65\x66\x73\x31\x35\x31\x37\x38\x22\x20\x2f\x3e\x0a\x20\x20\
\x3c\x73\x6f\x64\x69\x70\x6f\x64\x69\x3a\x6e\x61\x6d\x65\x64\x76\
\x69\x65\x77\x0a\x20\x20\x20\x20\x20\x69\x64\x3d\x22\x62\x61\x73\
\x65\x22\x0a\x20\x20\x20\x20\x20\x70\x61\x67\x65\x63\x6f\x6c\x6f\
\x72\x3d\x22\x23\x66\x66\x66\x66\x66\x66\x22\x0a\x20\x20\x20\x20\
\x20\x62\x6f\x72\x64\x65\x72\x63\x6f\x6c\x6f\x72\x3d\x22\x23\x36\
\x36\x36\x36\x36\x36\x22\x0a\x20\x20\x20\x20\x20\x62\x6f\x72\x64\
\x65\x72\x6f\x70\x61\x63\x69\x74\x79\x3d\x22\x31\x2e\x30\x22\x0a\
\x20\x20\x20\x20\x20\x69\x6e\x6b\x73\x63\x61\x70\x65\x3a\x70\x61\
\x67\x65\x6f\x70\x61\x63\x69\x74\x79\x3d\x22\x30\x2e\x30\x22\x0a\
\x20\x20\x20\x20\x20\x69\x6e\x6b\x73\x63\x61\x70\x65\x3a\x70\x61\
\x67\x65\x73\x68\x61\x64\x6f\x77\x3d\x22\x32\x22\x0a\x20\x20\x20\
\x20\x20\x69\x6e\x6b\x73\x63\x61\x70\x65\x3a\x7a\x6f\x6f\x6d\x3d\
\x22\x31\x31\x2e\x31\x39\x37\x38\x30\x32\x22\x0a\x20\x20\x20\x20\
\x20\x69\x6e\x6b\x73\x63\x61\x70\x65\x3a\x63\x78\x3d\x22\x32\x2e\
\x38\x32\x37\x37\x37\x32\x31\x22\x0a\x20\x20\x20\x20\x20\x69\x6e\
\x6b\x73\x63\x61\x70\x65\x3a\x63\x79\x3d\x22\x31\x36\x22\x0a\x20\
\x20\x20\x20\x20\x69\x6e\x6b\x73\x63\x61\x70\x65\x3a\x63\x75\x72\
\x72\x65\x6e\x74\x2d\x6c\x61\x79\x65\x72\x3d\x22\x6c\x61\x79\x65\
\x72\x31\x22\x0a\x20\x20\x20\x20\x20\x73\x68\x6f\x77\x67\x72\x69\
\x64\x3d\x22\x74\x72\x75\x65\x22\x0a\x20\x20\x20\x20\x20\x69\x6e\
\x6b\x73\x63\x61\x70\x65\x3a\x67\x72\x69\x64\x2d\x62\x62\x6f\x78\
\x3d\x22\x74\x72\x75\x65\x22\x0a\x20\x20\x20\x20\x20\x69\x6e\x6b\
\x73\x63\x61\x70\x65\x3a\x64\x6f\x63\x75\x6d\x65\x6e\x74\x2d\x75\
\x6e\x69\x74\x73\x3d\x22\x70\x78\x22\x0a\x20\x20\x20\x20\x20\x69\
\x6e\x6b\x73\x63\x61\x70\x65\x3a\x73\x6e\x61\x70\x2d\x67\x6c\x6f\
\x62\x61\x6c\x3d\x22\x66\x61\x6c\x73\x65\x22\x0a\x20\x20\x20\x20\
\x20\x69\x6e\x6b\x73\x63\x61\x70\x65\x3a\x77\x69\x6e\x64\x6f\x77\
\x2d\x77\x69\x64\x74\x68\x3d\x22\x31\x31\x35\x35\x22\x0a\x20\x20\
\x20\x20\x20\x69\x6e\x6b\x73\x63\x61\x70\x65\x3a\x77\x69\x6e\x64\
\x6f\x77\x2d\x68\x65\x69\x67\x68\x74\x3d\x22\x37\x33\x34\x22\x0a\
\x20\x20\x20\x20\x20\x69\x6e\x6b\x73\x63\x61\x70\x65\x3a\x77\x69\
\x6e\x64\x6f\x77\x2d\x78\x3d\x22\x31\x38\x33\x22\x0a\x20\x20\x20\
\x20\x20\x69\x6e\x6b\x73\x63\x61\x70\x65\x3a\x77\x69\x6e\x64\x6f\
\x77\x2d\x79\x3d\x22\x34\x38\x22\x0a\x20\x20\x20\x20\x20\x69\x6e\
\x6b\x73\x63\x61\x70\x65\x3a\x77\x69\x6e\x64\x6f\x77\x2d\x6d\x61\
\x78\x69\x6d\x69\x7a\x65\x64\x3d\x22\x30\x22\x3e\x0a\x20\x20\x20\
\x20\x3c\x69\x6e\x6b\x73\x63\x61\x70\x65\x3a\x67\x72\x69\x64\x0a\
\x20\x20\x20\x20\x20\x20\x20\x74\x79\x70\x65\x3d\x22\x78\x79\x67\
\x72\x69\x64\x22\x0a\x20\x20\x20\x20\x20\x20\x20\x69\x64\x3d\x22\
\x67\x72\x69\x64\x31\x35\x31\x38\x34\x22\x0a\x20\x20\x20\x20\x20\
\x20\x20\x6f\x72\x69\x67\x69\x6e\x78\x3d\x22\x30\x22\x0a\x20\x20\
\x20\x20\x20\x20\x20\x6f\x72\x69\x67\x69\x6e\x79\x3d\x22\x30\x22\
\x0a\x20\x20\x20\x20\x20\x20\x20\x73\x70\x61\x63\x69\x6e\x67\x78\
\x3d\x22\x31\x2e\x30\x36\x36\x36\x36\x36\x37\x22\x0a\x20\x20\x20\
\x20\x20\x20\x20\x73\x70\x61\x63\x69\x6e\x67\x79\x3d\x22\x31\x2e\
\x30\x36\x36\x36\x36\x36\x37\x22\x20\x2f\x3e\x0a\x20\x20\x3c\x2f\
\x73\x6f\x64\x69\x70\x6f\x64\x69\x3a\x6e\x61\x6d\x65\x64\x76\x69\
\x65\x77\x3e\x0a\x20\x20\x3c\x6d\x65\x74\x61\x64\x61\x74\x61\x0a\
\x20\x20\x20\x20\x20\x69\x64\x3d\x22\x6d\x65\x74\x61\x64\x61\x74\
\x61\x31\x35\x31\x38\x31\x22\x3e\x0a\x20\x20\x20\x20\x3c\x72\x64\
\x66\x3a\x52\x44\x46\x3e\x0a\x20\x20\x20\x20\x20\x20\x3c\x63\x63\
\x3a\x57\x6f\x72\x6b\x0a\x20\x20\x20\x20\x20\x20\x20\x20\x20\x72\
\x64\x66\x3a\x61\x62\x6f\x75\x74\x3d\x22\x22\x3e\x0a\x20\x20\x20\
\x20\x20\x20\x20\x20\x3c\x64\x63\x3a\x66\x6f\x72\x6d\x61\x74\x3e\
\x69\x6d\x61\x67\x65\x2f\x73\x76\x67\x2b\x78\x6d\x6c\x3c\x2f\x64\
\x63\x3a\x66\x6f\x72\x6d\x61\x74\x3e\x0a\x20\x20\x20\x20\x20\x20\
\x20\x20\x3c\x64\x63\x3a\x74\x79\x70\x65\x0a\x20\x20\x20\x20\x20\
\x20\x20\x20\x20\x20\x20\x72\x64\x66\x3a\x72\x65\x73\x6f\x75\x72\
\x63\x65\x3d\x22\x68\x74\x74\x70\x3a\x2f\x2f\x70\x75\x72\x6c\x2e\
\x6f\x72\x67\x2f\x64\x63\x2f\x64\x63\x6d\x69\x74\x79\x70\x65\x2f\
\x53\x74\x69\x6c\x6c\x49\x6d\x61\x67\x65\x22\x20\x2f\x3e\x0a\x20\
\x20\x20\x20\x20\x20\x20\x20\x3c\x64\x63\x3a\x74\x69\x74\x6c\x65\
\x3e\x3c\x2f\x64\x63\x3a\x74\x69\x74\x6c\x65\x3e\x0a\x20\x20\x20\
\x20\x20\x20\x3c\x2f\x63\x63\x3a\x57\x6f\x72\x6b\x3e\x0a\x20\x20\
\x20\x20\x3c\x2f\x72\x64\x66\x3a\x52\x44\x46\x3e\x0a\x20\x20\x3c\
\x2f\x6d\x65\x74\x61\x64\x61\x74\x61\x3e\x0a\x20\x20\x3c\x67\x0a\
\x20\x20\x20\x20\x20\x69\x64\x3d\x22\x6c\x61\x79\x65\x72\x31\x22\
\x0a\x20\x20\x20\x20\x20\x69\x6e\x6b\x73\x63\x61\x70\x65\x3a\x6c\
\x61\x62\x65\x6c\x3d\x22\x4c\x61\x79\x65\x72\x20\x31\x22\x0a\x20\
\x20\x20\x20\x20\x69\x6e\x6b\x73\x63\x61\x70\x65\x3a\x67\x72\x6f\
\x75\x70\x6d\x6f\x64\x65\x3d\x22\x6c\x61\x79\x65\x72\x22\x0a\x20\
\x20\x20\x20\x20\x74\x72\x61\x6e\x73\x66\x6f\x72\x6d\x3d\x22\x74\
\x72\x61\x6e\x73\x6c\x61\x74\x65\x28\x30\x2c\x2d\x32\x2e\x31\x33\
\x33\x33\x33\x34\x29\x22\x3e\x0a\x20\x20\x20\x20\x3c\x70\x61\x74\
\x68\x0a\x20\x20\x20\x20\x20\x20\x20\x73\x6f\x64\x69\x70\x6f\x64\
\x69\x3a\x6e\x6f\x64\x65\x74\x79\x70\x65\x73\x3d\x22\x63\x63\x63\
\x63\x63\x63\x63\x63\x63\x63\x63\x63\x63\x63\x63\x63\x63\x63\x22\
\x0a\x20\x20\x20\x20\x20\x20\x20\x69\x6e\x6b\x73\x63\x61\x70\x65\
\x3a\x63\x6f\x6e\x6e\x65\x63\x74\x6f\x72\x2d\x63\x75\x72\x76\x61\
\x74\x75\x72\x65\x3d\x22\x30\x22\x0a\x20\x20\x20\x20\x20\x20\x20\
\x69\x64\x3d\x22\x70\x61\x74\x68\x31\x31\x31\x31\x34\x2d\x37\x2d\
\x34\x2d\x35\x22\x0a\x20\x20\x20\x20\x20\x20\x20\x64\x3d\x22\x6d\
\x20\x31\x33\x2e\x35\x32\x34\x31\x30\x32\x2c\x31\x32\x2e\x37\x30\
\x39\x36\x39\x39\x20\x68\x20\x31\x35\x2e\x31\x39\x39\x39\x33\x35\
\x20\x63\x20\x32\x2e\x34\x39\x39\x33\x34\x37\x2c\x30\x20\x32\x2e\
\x33\x37\x37\x30\x36\x34\x2c\x34\x2e\x33\x31\x36\x38\x39\x32\x20\
\x30\x2c\x34\x2e\x33\x31\x36\x38\x39\x32\x20\x68\x20\x2d\x31\x31\
\x2e\x34\x30\x38\x38\x37\x36\x20\x35\x2e\x36\x33\x31\x37\x32\x33\
\x20\x63\x20\x30\x2c\x31\x2e\x36\x39\x35\x30\x39\x33\x20\x2d\x30\
\x2e\x30\x37\x32\x35\x2c\x34\x2e\x33\x32\x31\x39\x32\x35\x20\x2d\
\x32\x2e\x33\x32\x30\x31\x37\x35\x2c\x34\x2e\x33\x32\x31\x39\x32\
\x35\x20\x68\x20\x2d\x33\x2e\x34\x36\x38\x31\x33\x32\x20\x34\x2e\
\x37\x32\x34\x31\x35\x20\x63\x20\x30\x2c\x31\x2e\x39\x31\x39\x36\
\x39\x34\x20\x2d\x30\x2e\x34\x38\x37\x34\x36\x2c\x34\x2e\x31\x31\
\x38\x34\x39\x31\x20\x2d\x32\x2e\x36\x31\x30\x38\x39\x34\x2c\x34\
\x2e\x31\x31\x38\x34\x39\x31\x20\x68\x20\x2d\x32\x2e\x38\x38\x32\
\x35\x31\x31\x20\x33\x2e\x36\x39\x39\x33\x31\x32\x20\x63\x20\x30\
\x2c\x31\x2e\x33\x33\x32\x33\x35\x39\x20\x2d\x31\x2e\x30\x32\x34\
\x36\x39\x37\x2c\x34\x2e\x32\x33\x34\x31\x38\x31\x20\x2d\x35\x2e\
\x36\x39\x31\x39\x35\x38\x2c\x34\x2e\x32\x33\x34\x31\x38\x31\x20\
\x48\x20\x39\x2e\x32\x36\x30\x39\x32\x30\x34\x20\x63\x20\x2d\x32\
\x2e\x31\x34\x31\x37\x30\x30\x34\x2c\x30\x20\x2d\x37\x2e\x37\x31\
\x39\x33\x32\x33\x33\x2c\x2d\x31\x2e\x34\x34\x33\x34\x30\x33\x20\
\x2d\x37\x2e\x37\x31\x39\x33\x32\x33\x33\x2c\x2d\x33\x2e\x33\x34\
\x30\x39\x36\x39\x20\x56\x20\x31\x36\x2e\x38\x35\x32\x39\x36\x38\
\x20\x4c\x20\x31\x35\x2e\x33\x37\x33\x36\x38\x37\x2c\x34\x2e\x34\
\x32\x33\x32\x34\x30\x33\x20\x63\x20\x31\x2e\x34\x37\x38\x32\x37\
\x35\x2c\x30\x20\x33\x2e\x32\x34\x31\x36\x39\x32\x2c\x31\x2e\x34\
\x31\x39\x36\x30\x34\x31\x20\x31\x2e\x37\x30\x31\x39\x32\x38\x2c\
\x34\x2e\x31\x34\x33\x32\x33\x33\x20\x7a\x22\x0a\x20\x20\x20\x20\
\x20\x20\x20\x73\x74\x79\x6c\x65\x3d\x22\x66\x69\x6c\x6c\x3a\x23\
\x66\x66\x66\x66\x66\x66\x3b\x66\x69\x6c\x6c\x2d\x6f\x70\x61\x63\
\x69\x74\x79\x3a\x31\x3b\x73\x74\x72\x6f\x6b\x65\x3a\x23\x30\x33\
\x39\x38\x30\x30\x3b\x73\x74\x72\x6f\x6b\x65\x2d\x77\x69\x64\x74\
\x68\x3a\x32\x2e\x32\x38\x35\x36\x38\x36\x32\x35\x3b\x73\x74\x72\
\x6f\x6b\x65\x2d\x6c\x69\x6e\x65\x6a\x6f\x69\x6e\x3a\x72\x6f\x75\
\x6e\x64\x3b\x73\x74\x72\x6f\x6b\x65\x2d\x6d\x69\x74\x65\x72\x6c\
\x69\x6d\x69\x74\x3a\x34\x3b\x73\x74\x72\x6f\x6b\x65\x2d\x64\x61\
\x73\x68\x61\x72\x72\x61\x79\x3a\x6e\x6f\x6e\x65\x3b\x73\x74\x72\
\x6f\x6b\x65\x2d\x6f\x70\x61\x63\x69\x74\x79\x3a\x31\x22\x20\x2f\
\x3e\x0a\x20\x20\x3c\x2f\x67\x3e\x0a\x3c\x2f\x73\x76\x67\x3e\x0a\
\
\x00\x00\x0b\x6b\
\x3c\
\x3f\x78\x6d\x6c\x20\x76\x65\x72\x73\x69\x6f\x6e\x3d\x22\x31\x2e\
\x30\x22\x20\x65\x6e\x63\x6f\x64\x69\x6e\x67\x3d\x22\x55\x54\x46\
\x2d\x38\x22\x20\x73\x74\x61\x6e\x64\x61\x6c\x6f\x6e\x65\x3d\x22\
\x6e\x6f\x22\x3f\x3e\x0a\x3c\x21\x2d\x2d\x20\x43\x72\x65\x61\x74\
\x65\x64\x20\x77\x69\x74\x68\x20\x49\x6e\x6b\x73\x63\x61\x70\x65\
\x20\x28\x68\x74\x74\x70\x3a\x2f\x2f\x77\x77\x77\x2e\x69\x6e\x6b\
\x73\x63\x61\x70\x65\x2e\x6f\x72\x67\x2f\x29\x20\x2d\x2d\x3e\x0a\
\x0a\x3c\x73\x76\x67\x0a\x20\x20\x20\x78\x6d\x6c\x6e\x73\x3a\x64\
\x63\x3d\x22\x68\x74\x74\x70\x3a\x2f\x2f\x70\x75\x72\x6c\x2e\x6f\
\x72\x67\x2f\x64\x63\x2f\x65\x6c\x65\x6d\x65\x6e\x74\x73\x2f\x31\
\x2e\x31\x2f\x22\x0a\x20\x20\x20\x78\x6d\x6c\x6e\x73\x3a\x63\x63\
\x3d\x22\x68\x74\x74\x70\x3a\x2f\x2f\x63\x72\x65\x61\x74\x69\x76\
\x65\x63\x6f\x6d\x6d\x6f\x6e\x73\x2e\x6f\x72\x67\x2f\x6e\x73\x23\
\x22\x0a\x20\x20\x20\x78\x6d\x6c\x6e\x73\x3a\x72\x64\x66\x3d\x22\
\x68\x74\x74\x70\x3a\x2f\x2f\x77\x77\x77\x2e\x77\x33\x2e\x6f\x72\
\x67\x2f\x31\x39\x39\x39\x2f\x30\x32\x2f\x32\x32\x2d\x72\x64\x66\
\x2d\x73\x79\x6e\x74\x61\x78\x2d\x6e\x73\x23\x22\x0a\x20\x20\x20\
\x78\x6d\x6c\x6e\x73\x3a\x73\x76\x67\x3d\x22\x68\x74\x74\x70\x3a\
\x2f\x2f\x77\x77\x77\x2e\x77\x33\x2e\x6f\x72\x67\x2f\x32\x30\x30\
\x30\x2f\x73\x76\x67\x22\x0a\x20\x20\x20\x78\x6d\x6c\x6e\x73\x3d\
\x22\x68\x74\x74\x70\x3a\x2f\x2f\x77\x77\x77\x2e\x77\x33\x2e\x6f\
\x72\x67\x2f\x32\x30\x30\x30\x2f\x73\x76\x67\x22\x0a\x20\x20\x20\
\x78\x6d\x6c\x6e\x73\x3a\x73\x6f\x64\x69\x70\x6f\x64\x69\x3d\x22\
\x68\x74\x74\x70\x3a\x2f\x2f\x73\x6f\x64\x69\x70\x6f\x64\x69\x2e\
\x73\x6f\x75\x72\x63\x65\x66\x6f\x72\x67\x65\x2e\x6e\x65\x74\x2f\
\x44\x54\x44\x2f\x73\x6f\x64\x69\x70\x6f\x64\x69\x2d\x30\x2e\x64\
\x74\x64\x22\x0a\x20\x20\x20\x78\x6d\x6c\x6e\x73\x3a\x69\x6e\x6b\
\x73\x63\x61\x70\x65\x3d\x22\x68\x74\x74\x70\x3a\x2f\x2f\x77\x77\
\x77\x2e\x69\x6e\x6b\x73\x63\x61\x70\x65\x2e\x6f\x72\x67\x2f\x6e\
\x61\x6d\x65\x73\x70\x61\x63\x65\x73\x2f\x69\x6e\x6b\x73\x63\x61\
\x70\x65\x22\x0a\x20\x20\x20\x77\x69\x64\x74\x68\x3d\x22\x32\x31\
\x2e\x36\x37\x30\x31\x32\x34\x22\x0a\x20\x20\x20\x68\x65\x69\x67\
\x68\x74\x3d\x22\x32\x32\x2e\x37\x36\x37\x35\x30\x38\x22\x0a\x20\
\x20\x20\x69\x64\x3d\x22\x73\x76\x67\x31\x39\x30\x35\x36\x22\x0a\
\x20\x20\x20\x76\x65\x72\x73\x69\x6f\x6e\x3d\x22\x31\x2e\x31\x22\
\x0a\x20\x20\x20\x69\x6e\x6b\x73\x63\x61\x70\x65\x3a\x76\x65\x72\
\x73\x69\x6f\x6e\x3d\x22\x30\x2e\x39\x31\x20\x72\x31\x33\x37\x32\
\x35\x22\x0a\x20\x20\x20\x73\x6f\x64\x69\x70\x6f\x64\x69\x3a\x64\
\x6f\x63\x6e\x61\x6d\x65\x3d\x22\x62\x75\x74\x74\x6f\x6e\x5f\x72\
\x75\x6e\x6d\x61\x69\x6e\x2e\x73\x76\x67\x22\x3e\x0a\x20\x20\x3c\
\x64\x65\x66\x73\x0a\x20\x20\x20\x20\x20\x69\x64\x3d\x22\x64\x65\
\x66\x73\x31\x39\x30\x35\x38\x22\x20\x2f\x3e\x0a\x20\x20\x3c\x73\
\x6f\x64\x69\x70\x6f\x64\x69\x3a\x6e\x61\x6d\x65\x64\x76\x69\x65\
\x77\x0a\x20\x20\x20\x20\x20\x69\x64\x3d\x22\x62\x61\x73\x65\x22\
\x0a\x20\x20\x20\x20\x20\x70\x61\x67\x65\x63\x6f\x6c\x6f\x72\x3d\
\x22\x23\x66\x66\x66\x66\x66\x66\x22\x0a\x20\x20\x20\x20\x20\x62\
\x6f\x72\x64\x65\x72\x63\x6f\x6c\x6f\x72\x3d\x22\x23\x36\x36\x36\
\x36\x36\x36\x22\x0a\x20\x20\x20\x20\x20\x62\x6f\x72\x64\x65\x72\
\x6f\x70\x61\x63\x69\x74\x79\x3d\x22\x31\x2e\x30\x22\x0a\x20\x20\
\x20\x20\x20\x69\x6e\x6b\x73\x63\x61\x70\x65\x3a\x70\x61\x67\x65\
\x6f\x70\x61\x63\x69\x74\x79\x3d\x22\x30\x2e\x30\x22\x0a\x20\x20\
\x20\x20\x20\x69\x6e\x6b\x73\x63\x61\x70\x65\x3a\x70\x61\x67\x65\
\x73\x68\x61\x64\x6f\x77\x3d\x22\x32\x22\x0a\x20\x20\x20\x20\x20\
\x69\x6e\x6b\x73\x63\x61\x70\x65\x3a\x7a\x6f\x6f\x6d\x3d\x22\x31\
\x35\x2e\x38\x33\x36\x30\x38\x33\x22\x0a\x20\x20\x20\x20\x20\x69\
\x6e\x6b\x73\x63\x61\x70\x65\x3a\x63\x78\x3d\x22\x31\x2e\x33\x31\
\x32\x35\x39\x35\x37\x22\x0a\x20\x20\x20\x20\x20\x69\x6e\x6b\x73\
\x63\x61\x70\x65\x3a\x63\x79\x3d\x22\x39\x2e\x31\x38\x31\x31\x31\
\x34\x37\x22\x0a\x20\x20\x20\x20\x20\x69\x6e\x6b\x73\x63\x61\x70\
\x65\x3a\x63\x75\x72\x72\x65\x6e\x74\x2d\x6c\x61\x79\x65\x72\x3d\
\x22\x6c\x61\x79\x65\x72\x31\x22\x0a\x20\x20\x20\x20\x20\x73\x68\
\x6f\x77\x67\x72\x69\x64\x3d\x22\x74\x72\x75\x65\x22\x0a\x20\x20\
\x20\x20\x20\x69\x6e\x6b\x73\x63\x61\x70\x65\x3a\x67\x72\x69\x64\
\x2d\x62\x62\x6f\x78\x3d\x22\x74\x72\x75\x65\x22\x0a\x20\x20\x20\
\x20\x20\x69\x6e\x6b\x73\x63\x61\x70\x65\x3a\x64\x6f\x63\x75\x6d\
\x65\x6e\x74\x2d\x75\x6e\x69\x74\x73\x3d\x22\x70\x78\x22\x0a\x20\
\x20\x20\x20\x20\x69\x6e\x6b\x73\x63\x61\x70\x65\x3a\x73\x6e\x61\
\x70\x2d\x62\x62\x6f\x78\x3d\x22\x74\x72\x75\x65\x22\x0a\x20\x20\
\x20\x20\x20\x69\x6e\x6b\x73\x63\x61\x70\x65\x3a\x73\x6e\x61\x70\
\x2d\x67\x6c\x6f\x62\x61\x6c\x3d\x22\x66\x61\x6c\x73\x65\x22\x0a\
\x20\x20\x20\x20\x20\x69\x6e\x6b\x73\x63\x61\x70\x65\x3a\x77\x69\
\x6e\x64\x6f\x77\x2d\x77\x69\x64\x74\x68\x3d\x22\x31\x39\x32\x30\
\x22\x0a\x20\x20\x20\x20\x20\x69\x6e\x6b\x73\x63\x61\x70\x65\x3a\
\x77\x69\x6e\x64\x6f\x77\x2d\x68\x65\x69\x67\x68\x74\x3d\x22\x31\
\x30\x31\x38\x22\x0a\x20\x20\x20\x20\x20\x69\x6e\x6b\x73\x63\x61\
\x70\x65\x3a\x77\x69\x6e\x64\x6f\x77\x2d\x78\x3d\x22\x2d\x38\x22\
\x0a\x20\x20\x20\x20\x20\x69\x6e\x6b\x73\x63\x61\x70\x65\x3a\x77\
\x69\x6e\x64\x6f\x77\x2d\x79\x3d\x22\x2d\x38\x22\x0a\x20\x20\x20\
\x20\x20\x69\x6e\x6b\x73\x63\x61\x70\x65\x3a\x77\x69\x6e\x64\x6f\
\x77\x2d\x6d\x61\x78\x69\x6d\x69\x7a\x65\x64\x3d\x22\x31\x22\x0a\
\x20\x20\x20\x20\x20\x66\x69\x74\x2d\x6d\x61\x72\x67\x69\x6e\x2d\
\x74\x6f\x70\x3d\x22\x30\x22\x0a\x20\x20\x20\x20\x20\x66\x69\x74\
\x2d\x6d\x61\x72\x67\x69\x6e\x2d\x6c\x65\x66\x74\x3d\x22\x30\x22\
\x0a\x20\x20\x20\x20\x20\x66\x69\x74\x2d\x6d\x61\x72\x67\x69\x6e\
\x2d\x72\x69\x67\x68\x74\x3d\x22\x30\x22\x0a\x20\x20\x20\x20\x20\
\x66\x69\x74\x2d\x6d\x61\x72\x67\x69\x6e\x2d\x62\x6f\x74\x74\x6f\
\x6d\x3d\x22\x30\x22\x3e\x0a\x20\x20\x20\x20\x3c\x69\x6e\x6b\x73\
\x63\x61\x70\x65\x3a\x67\x72\x69\x64\x0a\x20\x20\x20\x20\x20\x20\
\x20\x74\x79\x70\x65\x3d\x22\x78\x79\x67\x72\x69\x64\x22\x0a\x20\
\x20\x20\x20\x20\x20\x20\x69\x64\x3d\x22\x67\x72\x69\x64\x31\x39\
\x30\x36\x34\x22\x0a\x20\x20\x20\x20\x20\x20\x20\x6f\x72\x69\x67\
\x69\x6e\x78\x3d\x22\x2d\x35\x2e\x31\x36\x34\x39\x33\x39\x33\x22\
\x0a\x20\x20\x20\x20\x20\x20\x20\x6f\x72\x69\x67\x69\x6e\x79\x3d\
\x22\x2d\x38\x2e\x30\x35\x33\x31\x32\x31\x33\x22\x20\x2f\x3e\x0a\
\x20\x20\x3c\x2f\x73\x6f\x64\x69\x70\x6f\x64\x69\x3a\x6e\x61\x6d\
\x65\x64\x76\x69\x65\x77\x3e\x0a\x20\x20\x3c\x6d\x65\x74\x61\x64\
\x61\x74\x61\x0a\x20\x20\x20\x20\x20\x69\x64\x3d\x22\x6d\x65\x74\
\x61\x64\x61\x74\x61\x31\x39\x30\x36\x31\x22\x3e\x0a\x20\x20\x20\
\x20\x3c\x72\x64\x66\x3a\x52\x44\x46\x3e\x0a\x20\x20\x20\x20\x20\
\x20\x3c\x63\x63\x3a\x57\x6f\x72\x6b\x0a\x20\x20\x20\x20\x20\x20\
\x20\x20\x20\x72\x64\x66\x3a\x61\x62\x6f\x75\x74\x3d\x22\x22\x3e\
\x0a\x20\x20\x20\x20\x20\x20\x20\x20\x3c\x64\x63\x3a\x66\x6f\x72\
\x6d\x61\x74\x3e\x69\x6d\x61\x67\x65\x2f\x73\x76\x67\x2b\x78\x6d\
\x6c\x3c\x2f\x64\x63\x3a\x66\x6f\x72\x6d\x61\x74\x3e\x0a\x20\x20\
\x20\x20\x20\x20\x20\x20\x3c\x64\x63\x3a\x74\x79\x70\x65\x0a\x20\
\x20\x20\x20\x20\x20\x20\x20\x20\x20\x20\x72\x64\x66\x3a\x72\x65\
\x73\x6f\x75\x72\x63\x65\x3d\x22\x68\x74\x74\x70\x3a\x2f\x2f\x70\
\x75\x72\x6c\x2e\x6f\x72\x67\x2f\x64\x63\x2f\x64\x63\x6d\x69\x74\
\x79\x70\x65\x2f\x53\x74\x69\x6c\x6c\x49\x6d\x61\x67\x65\x22\x20\
\x2f\x3e\x0a\x20\x20\x20\x20\x20\x20\x20\x20\x3c\x64\x63\x3a\x74\
\x69\x74\x6c\x65\x3e\x3c\x2f\x64\x63\x3a\x74\x69\x74\x6c\x65\x3e\
\x0a\x20\x20\x20\x20\x20\x20\x3c\x2f\x63\x63\x3a\x57\x6f\x72\x6b\
\x3e\x0a\x20\x20\x20\x20\x3c\x2f\x72\x64\x66\x3a\x52\x44\x46\x3e\
\x0a\x20\x20\x3c\x2f\x6d\x65\x74\x61\x64\x61\x74\x61\x3e\x0a\x20\
\x20\x3c\x67\x0a\x20\x20\x20\x20\x20\x69\x64\x3d\x22\x6c\x61\x79\
\x65\x72\x31\x22\x0a\x20\x20\x20\x20\x20\x69\x6e\x6b\x73\x63\x61\
\x70\x65\x3a\x6c\x61\x62\x65\x6c\x3d\x22\x4c\x61\x79\x65\x72\x20\
\x31\x22\x0a\x20\x20\x20\x20\x20\x69\x6e\x6b\x73\x63\x61\x70\x65\
\x3a\x67\x72\x6f\x75\x70\x6d\x6f\x64\x65\x3d\x22\x6c\x61\x79\x65\
\x72\x22\x0a\x20\x20\x20\x20\x20\x74\x72\x61\x6e\x73\x66\x6f\x72\
\x6d\x3d\x22\x74\x72\x61\x6e\x73\x6c\x61\x74\x65\x28\x2d\x35\x2e\
\x31\x36\x34\x39\x33\x39\x33\x2c\x2d\x31\x2e\x31\x37\x39\x33\x37\
\x32\x31\x29\x22\x3e\x0a\x20\x20\x20\x20\x3c\x67\x0a\x20\x20\x20\
\x20\x20\x20\x20\x73\x74\x79\x6c\x65\x3d\x22\x66\x69\x6c\x6c\x3a\
\x23\x64\x34\x30\x30\x30\x30\x22\x0a\x20\x20\x20\x20\x20\x20\x20\
\x74\x72\x61\x6e\x73\x66\x6f\x72\x6d\x3d\x22\x6d\x61\x74\x72\x69\
\x78\x28\x30\x2e\x32\x33\x38\x34\x34\x32\x34\x31\x2c\x30\x2c\x30\
\x2c\x30\x2e\x32\x33\x38\x34\x34\x32\x34\x31\x2c\x34\x31\x35\x2e\
\x36\x32\x39\x34\x38\x2c\x2d\x31\x30\x39\x31\x2e\x30\x33\x34\x37\
\x29\x22\x0a\x20\x20\x20\x20\x20\x20\x20\x69\x64\x3d\x22\x67\x31\
\x31\x33\x35\x37\x2d\x35\x2d\x38\x2d\x36\x2d\x34\x22\x3e\x0a\x20\
\x20\x20\x20\x20\x20\x3c\x70\x61\x74\x68\x0a\x20\x20\x20\x20\x20\
\x20\x20\x20\x20\x69\x6e\x6b\x73\x63\x61\x70\x65\x3a\x63\x6f\x6e\
\x6e\x65\x63\x74\x6f\x72\x2d\x63\x75\x72\x76\x61\x74\x75\x72\x65\
\x3d\x22\x30\x22\x0a\x20\x20\x20\x20\x20\x20\x20\x20\x20\x73\x74\
\x79\x6c\x65\x3d\x22\x66\x69\x6c\x6c\x3a\x23\x64\x34\x30\x30\x30\
\x30\x3b\x66\x69\x6c\x6c\x2d\x6f\x70\x61\x63\x69\x74\x79\x3a\x31\
\x3b\x73\x74\x72\x6f\x6b\x65\x3a\x6e\x6f\x6e\x65\x22\x0a\x20\x20\
\x20\x20\x20\x20\x20\x20\x20\x64\x3d\x22\x6d\x20\x2d\x31\x37\x30\
\x31\x2e\x31\x33\x34\x36\x2c\x34\x35\x39\x32\x2e\x38\x39\x30\x34\
\x20\x63\x20\x2d\x31\x32\x2e\x32\x33\x36\x32\x2c\x38\x2e\x31\x34\
\x32\x31\x20\x2d\x32\x30\x2e\x33\x30\x36\x34\x2c\x32\x31\x2e\x39\
\x37\x33\x35\x20\x2d\x32\x30\x2e\x33\x30\x36\x34\x2c\x33\x37\x2e\
\x37\x37\x32\x39\x20\x30\x2c\x32\x35\x2e\x30\x39\x36\x31\x20\x32\
\x30\x2e\x33\x34\x34\x36\x2c\x34\x35\x2e\x34\x34\x31\x20\x34\x35\
\x2e\x34\x34\x31\x2c\x34\x35\x2e\x34\x34\x31\x20\x32\x35\x2e\x30\
\x39\x36\x34\x2c\x30\x20\x34\x35\x2e\x34\x34\x31\x2c\x2d\x32\x30\
\x2e\x33\x34\x34\x39\x20\x34\x35\x2e\x34\x34\x31\x2c\x2d\x34\x35\
\x2e\x34\x34\x31\x20\x30\x2c\x2d\x31\x35\x2e\x37\x39\x39\x34\x20\
\x2d\x38\x2e\x30\x37\x30\x32\x2c\x2d\x32\x39\x2e\x36\x33\x30\x38\
\x20\x2d\x32\x30\x2e\x33\x30\x36\x35\x2c\x2d\x33\x37\x2e\x37\x37\
\x32\x39\x20\x6c\x20\x2d\x37\x2e\x35\x32\x36\x31\x2c\x31\x31\x2e\
\x33\x36\x30\x33\x20\x63\x20\x38\x2e\x35\x31\x38\x38\x2c\x35\x2e\
\x37\x30\x36\x39\x20\x31\x34\x2e\x32\x30\x30\x33\x2c\x31\x35\x2e\
\x33\x38\x38\x31\x20\x31\x34\x2e\x32\x30\x30\x33\x2c\x32\x36\x2e\
\x34\x31\x32\x36\x20\x30\x2c\x31\x37\x2e\x35\x36\x37\x39\x20\x2d\
\x31\x34\x2e\x32\x34\x30\x39\x2c\x33\x31\x2e\x38\x30\x38\x37\x20\
\x2d\x33\x31\x2e\x38\x30\x38\x37\x2c\x33\x31\x2e\x38\x30\x38\x37\
\x20\x2d\x31\x37\x2e\x35\x36\x37\x38\x2c\x30\x20\x2d\x33\x31\x2e\
\x38\x30\x38\x37\x2c\x2d\x31\x34\x2e\x32\x34\x30\x38\x20\x2d\x33\
\x31\x2e\x38\x30\x38\x37\x2c\x2d\x33\x31\x2e\x38\x30\x38\x37\x20\
\x30\x2c\x2d\x31\x31\x2e\x30\x32\x34\x35\x20\x35\x2e\x36\x38\x31\
\x34\x2c\x2d\x32\x30\x2e\x37\x30\x35\x37\x20\x31\x34\x2e\x32\x30\
\x30\x33\x2c\x2d\x32\x36\x2e\x34\x31\x32\x36\x20\x6c\x20\x2d\x37\
\x2e\x35\x32\x36\x32\x2c\x2d\x31\x31\x2e\x33\x36\x30\x33\x20\x7a\
\x22\x0a\x20\x20\x20\x20\x20\x20\x20\x20\x20\x69\x64\x3d\x22\x70\
\x61\x74\x68\x31\x31\x36\x34\x36\x2d\x38\x2d\x31\x2d\x35\x2d\x37\
\x2d\x36\x2d\x32\x22\x20\x2f\x3e\x0a\x20\x20\x20\x20\x20\x20\x3c\
\x70\x61\x74\x68\x0a\x20\x20\x20\x20\x20\x20\x20\x20\x20\x73\x74\
\x79\x6c\x65\x3d\x22\x66\x69\x6c\x6c\x3a\x23\x64\x34\x30\x30\x30\
\x30\x3b\x66\x69\x6c\x6c\x2d\x6f\x70\x61\x63\x69\x74\x79\x3a\x31\
\x3b\x73\x74\x72\x6f\x6b\x65\x3a\x6e\x6f\x6e\x65\x22\x0a\x20\x20\
\x20\x20\x20\x20\x20\x20\x20\x64\x3d\x22\x6d\x20\x2d\x31\x36\x38\
\x32\x2e\x38\x31\x36\x32\x2c\x34\x36\x32\x36\x2e\x30\x36\x31\x20\
\x31\x33\x2e\x36\x33\x32\x33\x2c\x30\x20\x30\x2c\x2d\x34\x35\x2e\
\x34\x34\x31\x20\x2d\x31\x33\x2e\x36\x33\x32\x33\x2c\x30\x20\x7a\
\x22\x0a\x20\x20\x20\x20\x20\x20\x20\x20\x20\x69\x64\x3d\x22\x70\
\x61\x74\x68\x31\x31\x36\x35\x34\x2d\x38\x2d\x37\x2d\x31\x2d\x36\
\x2d\x30\x2d\x37\x22\x0a\x20\x20\x20\x20\x20\x20\x20\x20\x20\x69\
\x6e\x6b\x73\x63\x61\x70\x65\x3a\x63\x6f\x6e\x6e\x65\x63\x74\x6f\
\x72\x2d\x63\x75\x72\x76\x61\x74\x75\x72\x65\x3d\x22\x30\x22\x20\
\x2f\x3e\x0a\x20\x20\x20\x20\x3c\x2f\x67\x3e\x0a\x20\x20\x3c\x2f\
\x67\x3e\x0a\x3c\x2f\x73\x76\x67\x3e\x0a\
\x00\x00\x04\xcd\
\x89\
\x50\x4e\x47\x0d\x0a\x1a\x0a\x00\x00\x00\x0d\x49\x48\x44\x52\x00\
\x00\x00\x40\x00\x00\x00\x40\x08\x06\x00\x00\x00\xaa\x69\x71\xde\
\x00\x00\x00\x04\x73\x42\x49\x54\x08\x08\x08\x08\x7c\x08\x64\x88\
\x00\x00\x00\x09\x70\x48\x59\x73\x00\x00\x18\xf4\x00\x00\x18\xf4\
\x01\x52\xb2\x49\x73\x00\x00\x00\x19\x74\x45\x58\x74\x53\x6f\x66\
\x74\x77\x61\x72\x65\x00\x77\x77\x77\x2e\x69\x6e\x6b\x73\x63\x61\
\x70\x65\x2e\x6f\x72\x67\x9b\xee\x3c\x1a\x00\x00\x04\x4a\x49\x44\
\x41\x54\x78\x9c\xed\x9a\xcf\x6b\x5c\x55\x14\xc7\x3f\xe7\xe6\x47\
\xfd\x11\xc1\x6a\xed\xc2\x5f\x15\x14\x5a\x71\xd5\x08\x56\xd0\x4a\
\xb0\x99\x0a\xd6\x6e\xb4\x79\x11\xc1\xff\xc0\x85\x2e\x5d\x48\xe9\
\x46\x70\xe3\xca\x95\xe0\x42\x90\x90\xbe\xb6\x0a\x06\x04\x7d\x43\
\xd2\x58\xea\x2f\x5a\xaa\x16\x4c\x2c\x56\xa1\x98\x16\x4b\xb5\xc6\
\xaa\x4d\xc3\xcc\x3d\x2e\x26\xd4\xc9\xa4\x95\xb9\xf7\xdd\xfb\xde\
\xb3\xe9\x77\x37\x37\xf7\x9c\xf3\x7d\xdf\x39\xe7\x9d\x33\x37\x57\
\x54\x95\xd5\x8c\xde\x52\xa2\xee\x11\xc3\x71\x06\x31\x3c\x8a\x62\
\x81\xe3\xec\xd3\x43\x65\x50\x91\xc2\x32\x20\x91\x8d\x28\xdb\x10\
\x19\x06\x86\x80\xb5\x1d\x3b\x8e\x62\x35\x61\xbf\xfe\x58\x0c\xa1\
\x16\xe2\x0b\x90\xc8\xe3\x20\xaf\x03\x5b\xbb\xd8\x7d\x8a\x86\x0e\
\xf2\xbe\xfe\x1a\x97\xd4\xbf\x30\x51\xbd\x27\xf2\x24\xc8\x14\xdd\
\x3d\x3c\xc0\xbd\xf4\x99\x97\x63\x52\xea\x44\xbc\x0c\x48\xa4\x1f\
\x64\x0e\x58\x77\x95\x1d\xbf\x03\x53\xb4\x4a\x61\xa8\x6d\x7d\x8e\
\xd4\xde\x7d\x45\x8b\x5d\xb2\x89\x1e\xb6\xa3\x52\x03\xee\x03\x6e\
\x01\x39\x0c\xf6\x1d\x52\x9d\xf4\xa1\x19\x4f\x80\x11\x79\x06\x91\
\x89\x8e\xd5\x69\xd0\x0c\xc8\x80\xa3\xa4\xda\x24\x91\x01\x90\x73\
\xc0\x9a\xcb\xbb\x8c\x6e\x64\x5c\x4f\xf0\x82\xac\xa3\xc1\x36\xd4\
\x6c\x47\xb4\x06\xdc\x73\x95\x68\x8a\xe8\xab\xec\xd5\x37\x5c\x69\
\xc6\x13\x60\x54\x5e\x41\xe5\xcd\xb6\x95\xfd\xa4\x76\xe4\x8a\x7b\
\x13\xf3\x09\x50\x6b\x5b\xf9\x98\x56\xe6\x6c\xc6\xa5\x4c\x45\x6b\
\xec\xd5\xba\x0b\xcd\x78\x6d\xd0\x72\x01\x69\xfb\xac\x62\x57\xec\
\xd9\x23\x86\x19\x1e\x06\x69\x74\xfc\xe5\x29\xaf\x98\x2a\xaf\x01\
\x4e\x02\xc4\xcb\x80\x5d\xb2\x05\x23\x5f\xb4\xad\x9c\x07\xbd\x03\
\xb8\x0b\xa8\x2d\xa5\xf5\x30\x70\x5b\xc0\xa8\x4a\xaf\xae\x67\x4c\
\xcf\x75\x6b\x10\x2f\x03\x0c\x47\x68\xbd\xe8\x6e\x5d\x5a\x59\x0b\
\x72\x12\xd8\x00\x80\x44\x11\x5e\x68\xb0\x15\xf8\xa0\x5b\x83\xf0\
\x02\x24\x72\x23\xc2\x13\x88\xa9\xb1\x32\xbb\x36\x04\x8f\x07\x17\
\x81\x43\xa0\x75\x20\x63\x1f\xdf\xb8\x18\xe7\x2f\x01\x11\x61\x84\
\x41\xa0\x06\x52\x03\x1e\xa3\xfd\x8d\x1e\x1e\x16\x38\x06\x92\x81\
\xcd\xf8\x93\xc3\x7c\xa4\x97\x7c\x9d\xf9\x0b\x90\xc8\x0e\x30\x2f\
\x82\x0e\x03\xb7\xfb\x12\xe8\x12\x3f\xa1\x52\x07\x9b\xd1\x64\x32\
\xe4\xa4\xe8\x5e\x02\xcf\xca\x7a\x7a\x65\x02\xe4\x11\x88\x36\x46\
\x9f\x07\x26\x11\xad\x23\x64\x8c\xeb\xc9\x58\x81\xdc\x32\xe0\x69\
\x59\xc3\x80\x4c\x03\x5b\x02\xf3\x58\x04\x3e\x43\x34\x43\xa9\xf3\
\x10\x47\xd8\xad\x2b\xdb\x66\x04\xb8\x65\xc0\xcd\xec\x20\xdc\xc3\
\x7f\x0b\x4b\x69\xbd\xc0\xa7\x7c\xa8\x7f\x07\xf2\xeb\x04\x37\x01\
\xc4\xec\xcc\x91\xf6\x73\x20\x19\x6a\xeb\xf4\x51\x67\x4c\x7f\xf1\
\x75\x14\x12\x8e\x02\x60\x1c\x9e\xff\x02\x70\x10\xd5\x8c\x1e\xea\
\x8c\xeb\x8c\x23\xb7\x42\xe0\x26\x80\xe5\xec\xb2\xf1\x76\x39\x1a\
\xc0\x57\xc8\x52\x7b\x3a\xcb\x97\x4c\x69\xe7\x88\x5b\x39\x38\x76\
\x01\xfb\x39\xcb\x15\x98\xbd\x5c\xc7\xfd\x1c\xe4\x3d\xfd\x23\x24\
\xb9\x22\xe0\x26\x40\x93\x69\x7a\x65\x0c\xb5\x75\x2c\x19\x07\xf4\
\xe7\x48\xbc\x0a\x43\x71\x67\x82\x15\x45\xdc\x23\xb1\xff\x01\x56\
\xbd\x00\xfe\xbf\x06\x13\x79\x09\xcc\x03\x01\xb9\x04\x82\xfd\x81\
\x54\xdf\xea\x76\x77\x8e\x9f\xc3\x32\x04\xfa\x9c\xbf\x7d\x2c\xc8\
\x01\xa0\x6b\x01\x72\x94\x80\x9c\xf1\xb7\x8d\x08\x91\xd3\x2e\xdb\
\xfd\x05\x50\xeb\x14\xa8\x30\x38\xf2\xf2\x17\x40\xa8\x66\x06\x28\
\x45\x65\x80\x5b\xa0\xc2\x60\x8a\x12\x60\xd5\x67\x40\xa3\xa2\x19\
\xd0\xe7\xf6\xc5\xe4\x1b\x85\x13\x73\x09\xe8\xf7\x77\x10\x1c\x17\
\x49\xed\x4d\x2e\x06\x79\x27\xc1\xaa\x95\x81\x33\x9f\xbc\x02\x54\
\xad\x0c\x9c\xf9\x5c\x5b\x19\xa0\x6e\x43\x10\xe4\x16\xc0\x3d\x60\
\x54\x38\xb6\xc0\x96\x49\x1e\x88\xad\x58\x06\xb8\x4f\xa7\xf9\x04\
\xa8\xda\x30\xe4\xc1\xe7\xda\x12\xa0\xf8\x12\xa8\xd8\x4b\xb0\x59\
\x74\x1b\xac\xda\x34\x78\x83\x3b\x9f\xfc\x87\xa2\xd5\x99\x06\xff\
\x22\xb5\x03\xae\x46\x21\xce\x04\xab\x52\x06\x5e\xd9\x78\x5d\x80\
\xb2\x02\x07\x87\xc7\x14\x08\x41\x04\xa8\xc8\x34\xe8\xd1\x02\x5b\
\x66\x79\x51\x95\x69\xd0\xf3\x8c\x32\x44\x09\xcc\x05\xf0\x11\x02\
\x5e\x3c\xf2\x0b\xd0\x64\x36\xb7\x8f\x10\xb0\x9c\xf0\x31\xcb\x2f\
\x80\xa9\x84\x00\xca\x22\xdf\xfb\x18\xe6\x17\x20\xd5\x79\xca\xef\
\x04\xa7\x7c\xef\x18\x85\xfa\xe7\xe8\x77\x81\xfc\xf8\xc2\x3b\x0b\
\xc3\x08\x20\x52\xf2\xfd\x1f\x29\x59\x00\xb5\xe5\x0a\x20\xb6\x64\
\x01\x0c\xc7\x82\xf8\xf1\x85\xf0\xb5\xb7\x69\xb0\x2b\x32\x89\x99\
\x01\x36\x85\x71\xe6\x84\x59\x52\xfb\xa0\xaf\x71\xb8\x1b\x22\xa2\
\x6f\x07\xf3\x55\x60\xdc\x70\x02\x28\xef\x02\x0b\xc1\xfc\x75\x87\
\x85\xa5\xb8\xde\x08\x27\x40\xaa\xbf\x81\x8e\x02\xf3\xc1\x7c\xfe\
\x37\xe6\x41\x47\x5b\x71\xfd\x11\xfe\x9a\xdc\xf3\x72\x3f\x4d\x76\
\x22\xe6\x4e\xe2\x9c\x14\x2d\xa2\xf6\x34\x3d\x4c\x84\xb8\x46\x7f\
\xfd\x9e\x60\xd9\x04\xca\xc6\x3f\x12\x78\x79\x13\x3f\x6f\x48\x7a\
\x00\x00\x00\x00\x49\x45\x4e\x44\xae\x42\x60\x82\
\x00\x00\x0a\xcb\
\x3c\
\x3f\x78\x6d\x6c\x20\x76\x65\x72\x73\x69\x6f\x6e\x3d\x22\x31\x2e\
\x30\x22\x20\x65\x6e\x63\x6f\x64\x69\x6e\x67\x3d\x22\x55\x54\x46\
\x2d\x38\x22\x20\x73\x74\x61\x6e\x64\x61\x6c\x6f\x6e\x65\x3d\x22\
\x6e\x6f\x22\x3f\x3e\x0a\x3c\x21\x2d\x2d\x20\x43\x72\x65\x61\x74\
\x65\x64\x20\x77\x69\x74\x68\x20\x49\x6e\x6b\x73\x63\x61\x70\x65\
\x20\x28\x68\x74\x74\x70\x3a\x2f\x2f\x77\x77\x77\x2e\x69\x6e\x6b\
\x73\x63\x61\x70\x65\x2e\x6f\x72\x67\x2f\x29\x20\x2d\x2d\x3e\x0a\
\x0a\x3c\x73\x76\x67\x0a\x20\x20\x20\x78\x6d\x6c\x6e\x73\x3a\x64\
\x63\x3d\x22\x68\x74\x74\x70\x3a\x2f\x2f\x70\x75\x72\x6c\x2e\x6f\
\x72\x67\x2f\x64\x63\x2f\x65\x6c\x65\x6d\x65\x6e\x74\x73\x2f\x31\
\x2e\x31\x2f\x22\x0a\x20\x20\x20\x78\x6d\x6c\x6e\x73\x3a\x63\x63\
\x3d\x22\x68\x74\x74\x70\x3a\x2f\x2f\x63\x72\x65\x61\x74\x69\x76\
\x65\x63\x6f\x6d\x6d\x6f\x6e\x73\x2e\x6f\x72\x67\x2f\x6e\x73\x23\
\x22\x0a\x20\x20\x20\x78\x6d\x6c\x6e\x73\x3a\x72\x64\x66\x3d\x22\
\x68\x74\x74\x70\x3a\x2f\x2f\x77\x77\x77\x2e\x77\x33\x2e\x6f\x72\
\x67\x2f\x31\x39\x39\x39\x2f\x30\x32\x2f\x32\x32\x2d\x72\x64\x66\
\x2d\x73\x79\x6e\x74\x61\x78\x2d\x6e\x73\x23\x22\x0a\x20\x20\x20\
\x78\x6d\x6c\x6e\x73\x3a\x73\x76\x67\x3d\x22\x68\x74\x74\x70\x3a\
\x2f\x2f\x77\x77\x77\x2e\x77\x33\x2e\x6f\x72\x67\x2f\x32\x30\x30\
\x30\x2f\x73\x76\x67\x22\x0a\x20\x20\x20\x78\x6d\x6c\x6e\x73\x3d\
\x22\x68\x74\x74\x70\x3a\x2f\x2f\x77\x77\x77\x2e\x77\x33\x2e\x6f\
\x72\x67\x2f\x32\x30\x30\x30\x2f\x73\x76\x67\x22\x0a\x20\x20\x20\
\x78\x6d\x6c\x6e\x73\x3a\x73\x6f\x64\x69\x70\x6f\x64\x69\x3d\x22\
\x68\x74\x74\x70\x3a\x2f\x2f\x73\x6f\x64\x69\x70\x6f\x64\x69\x2e\
\x73\x6f\x75\x72\x63\x65\x66\x6f\x72\x67\x65\x2e\x6e\x65\x74\x2f\
\x44\x54\x44\x2f\x73\x6f\x64\x69\x70\x6f\x64\x69\x2d\x30\x2e\x64\
\x74\x64\x22\x0a\x20\x20\x20\x78\x6d\x6c\x6e\x73\x3a\x69\x6e\x6b\
\x73\x63\x61\x70\x65\x3d\x22\x68\x74\x74\x70\x3a\x2f\x2f\x77\x77\
\x77\x2e\x69\x6e\x6b\x73\x63\x61\x70\x65\x2e\x6f\x72\x67\x2f\x6e\
\x61\x6d\x65\x73\x70\x61\x63\x65\x73\x2f\x69\x6e\x6b\x73\x63\x61\
\x70\x65\x22\x0a\x20\x20\x20\x77\x69\x64\x74\x68\x3d\x22\x32\x39\
\x2e\x39\x36\x30\x34\x39\x39\x22\x0a\x20\x20\x20\x68\x65\x69\x67\
\x68\x74\x3d\x22\x32\x36\x2e\x38\x36\x34\x39\x30\x34\x22\x0a\x20\
\x20\x20\x69\x64\x3d\x22\x73\x76\x67\x31\x38\x32\x31\x39\x22\x0a\
\x20\x20\x20\x76\x65\x72\x73\x69\x6f\x6e\x3d\x22\x31\x2e\x31\x22\
\x0a\x20\x20\x20\x69\x6e\x6b\x73\x63\x61\x70\x65\x3a\x76\x65\x72\
\x73\x69\x6f\x6e\x3d\x22\x30\x2e\x39\x31\x20\x72\x31\x33\x37\x32\
\x35\x22\x0a\x20\x20\x20\x73\x6f\x64\x69\x70\x6f\x64\x69\x3a\x64\
\x6f\x63\x6e\x61\x6d\x65\x3d\x22\x62\x75\x74\x74\x6f\x6e\x5f\x73\
\x74\x61\x72\x74\x73\x69\x6d\x2e\x73\x76\x67\x22\x3e\x0a\x20\x20\
\x3c\x64\x65\x66\x73\x0a\x20\x20\x20\x20\x20\x69\x64\x3d\x22\x64\
\x65\x66\x73\x31\x38\x32\x32\x31\x22\x20\x2f\x3e\x0a\x20\x20\x3c\
\x73\x6f\x64\x69\x70\x6f\x64\x69\x3a\x6e\x61\x6d\x65\x64\x76\x69\
\x65\x77\x0a\x20\x20\x20\x20\x20\x69\x64\x3d\x22\x62\x61\x73\x65\
\x22\x0a\x20\x20\x20\x20\x20\x70\x61\x67\x65\x63\x6f\x6c\x6f\x72\
\x3d\x22\x23\x66\x66\x66\x66\x66\x66\x22\x0a\x20\x20\x20\x20\x20\
\x62\x6f\x72\x64\x65\x72\x63\x6f\x6c\x6f\x72\x3d\x22\x23\x36\x36\
\x36\x36\x36\x36\x22\x0a\x20\x20\x20\x20\x20\x62\x6f\x72\x64\x65\
\x72\x6f\x70\x61\x63\x69\x74\x79\x3d\x22\x31\x2e\x30\x22\x0a\x20\
\x20\x20\x20\x20\x69\x6e\x6b\x73\x63\x61\x70\x65\x3a\x70\x61\x67\
\x65\x6f\x70\x61\x63\x69\x74\x79\x3d\x22\x30\x2e\x30\x22\x0a\x20\
\x20\x20\x20\x20\x69\x6e\x6b\x73\x63\x61\x70\x65\x3a\x70\x61\x67\
\x65\x73\x68\x61\x64\x6f\x77\x3d\x22\x32\x22\x0a\x20\x20\x20\x20\
\x20\x69\x6e\x6b\x73\x63\x61\x70\x65\x3a\x7a\x6f\x6f\x6d\x3d\x22\
\x31\x35\x2e\x38\x33\x36\x30\x38\x33\x22\x0a\x20\x20\x20\x20\x20\
\x69\x6e\x6b\x73\x63\x61\x70\x65\x3a\x63\x78\x3d\x22\x34\x2e\x35\
\x31\x32\x33\x35\x38\x39\x22\x0a\x20\x20\x20\x20\x20\x69\x6e\x6b\
\x73\x63\x61\x70\x65\x3a\x63\x79\x3d\x22\x31\x32\x2e\x32\x30\x32\
\x30\x33\x38\x22\x0a\x20\x20\x20\x20\x20\x69\x6e\x6b\x73\x63\x61\
\x70\x65\x3a\x63\x75\x72\x72\x65\x6e\x74\x2d\x6c\x61\x79\x65\x72\
\x3d\x22\x6c\x61\x79\x65\x72\x31\x22\x0a\x20\x20\x20\x20\x20\x73\
\x68\x6f\x77\x67\x72\x69\x64\x3d\x22\x74\x72\x75\x65\x22\x0a\x20\
\x20\x20\x20\x20\x69\x6e\x6b\x73\x63\x61\x70\x65\x3a\x67\x72\x69\
\x64\x2d\x62\x62\x6f\x78\x3d\x22\x74\x72\x75\x65\x22\x0a\x20\x20\
\x20\x20\x20\x69\x6e\x6b\x73\x63\x61\x70\x65\x3a\x64\x6f\x63\x75\
\x6d\x65\x6e\x74\x2d\x75\x6e\x69\x74\x73\x3d\x22\x70\x78\x22\x0a\
\x20\x20\x20\x20\x20\x69\x6e\x6b\x73\x63\x61\x70\x65\x3a\x73\x6e\
\x61\x70\x2d\x62\x62\x6f\x78\x3d\x22\x74\x72\x75\x65\x22\x0a\x20\
\x20\x20\x20\x20\x69\x6e\x6b\x73\x63\x61\x70\x65\x3a\x77\x69\x6e\
\x64\x6f\x77\x2d\x77\x69\x64\x74\x68\x3d\x22\x31\x39\x32\x30\x22\
\x0a\x20\x20\x20\x20\x20\x69\x6e\x6b\x73\x63\x61\x70\x65\x3a\x77\
\x69\x6e\x64\x6f\x77\x2d\x68\x65\x69\x67\x68\x74\x3d\x22\x31\x30\
\x31\x38\x22\x0a\x20\x20\x20\x20\x20\x69\x6e\x6b\x73\x63\x61\x70\
\x65\x3a\x77\x69\x6e\x64\x6f\x77\x2d\x78\x3d\x22\x2d\x38\x22\x0a\
\x20\x20\x20\x20\x20\x69\x6e\x6b\x73\x63\x61\x70\x65\x3a\x77\x69\
\x6e\x64\x6f\x77\x2d\x79\x3d\x22\x2d\x38\x22\x0a\x20\x20\x20\x20\
\x20\x69\x6e\x6b\x73\x63\x61\x70\x65\x3a\x77\x69\x6e\x64\x6f\x77\
\x2d\x6d\x61\x78\x69\x6d\x69\x7a\x65\x64\x3d\x22\x31\x22\x0a\x20\
\x20\x20\x20\x20\x69\x6e\x6b\x73\x63\x61\x70\x65\x3a\x73\x6e\x61\
\x70\x2d\x67\x6c\x6f\x62\x61\x6c\x3d\x22\x66\x61\x6c\x73\x65\x22\
\x0a\x20\x20\x20\x20\x20\x66\x69\x74\x2d\x6d\x61\x72\x67\x69\x6e\
\x2d\x74\x6f\x70\x3d\x22\x30\x22\x0a\x20\x20\x20\x20\x20\x66\x69\
\x74\x2d\x6d\x61\x72\x67\x69\x6e\x2d\x6c\x65\x66\x74\x3d\x22\x30\
\x22\x0a\x20\x20\x20\x20\x20\x66\x69\x74\x2d\x6d\x61\x72\x67\x69\
\x6e\x2d\x72\x69\x67\x68\x74\x3d\x22\x30\x22\x0a\x20\x20\x20\x20\
\x20\x66\x69\x74\x2d\x6d\x61\x72\x67\x69\x6e\x2d\x62\x6f\x74\x74\
\x6f\x6d\x3d\x22\x30\x22\x3e\x0a\x20\x20\x20\x20\x3c\x69\x6e\x6b\
\x73\x63\x61\x70\x65\x3a\x67\x72\x69\x64\x0a\x20\x20\x20\x20\x20\
\x20\x20\x74\x79\x70\x65\x3d\x22\x78\x79\x67\x72\x69\x64\x22\x0a\
\x20\x20\x20\x20\x20\x20\x20\x69\x64\x3d\x22\x67\x72\x69\x64\x31\
\x38\x32\x32\x37\x22\x0a\x20\x20\x20\x20\x20\x20\x20\x6f\x72\x69\
\x67\x69\x6e\x78\x3d\x22\x2d\x31\x2e\x30\x31\x39\x37\x35\x36\x22\
\x0a\x20\x20\x20\x20\x20\x20\x20\x6f\x72\x69\x67\x69\x6e\x79\x3d\
\x22\x2d\x32\x2e\x35\x36\x37\x36\x30\x30\x34\x22\x20\x2f\x3e\x0a\
\x20\x20\x3c\x2f\x73\x6f\x64\x69\x70\x6f\x64\x69\x3a\x6e\x61\x6d\
\x65\x64\x76\x69\x65\x77\x3e\x0a\x20\x20\x3c\x6d\x65\x74\x61\x64\
\x61\x74\x61\x0a\x20\x20\x20\x20\x20\x69\x64\x3d\x22\x6d\x65\x74\
\x61\x64\x61\x74\x61\x31\x38\x32\x32\x34\x22\x3e\x0a\x20\x20\x20\
\x20\x3c\x72\x64\x66\x3a\x52\x44\x46\x3e\x0a\x20\x20\x20\x20\x20\
\x20\x3c\x63\x63\x3a\x57\x6f\x72\x6b\x0a\x20\x20\x20\x20\x20\x20\
\x20\x20\x20\x72\x64\x66\x3a\x61\x62\x6f\x75\x74\x3d\x22\x22\x3e\
\x0a\x20\x20\x20\x20\x20\x20\x20\x20\x3c\x64\x63\x3a\x66\x6f\x72\
\x6d\x61\x74\x3e\x69\x6d\x61\x67\x65\x2f\x73\x76\x67\x2b\x78\x6d\
\x6c\x3c\x2f\x64\x63\x3a\x66\x6f\x72\x6d\x61\x74\x3e\x0a\x20\x20\
\x20\x20\x20\x20\x20\x20\x3c\x64\x63\x3a\x74\x79\x70\x65\x0a\x20\
\x20\x20\x20\x20\x20\x20\x20\x20\x20\x20\x72\x64\x66\x3a\x72\x65\
\x73\x6f\x75\x72\x63\x65\x3d\x22\x68\x74\x74\x70\x3a\x2f\x2f\x70\
\x75\x72\x6c\x2e\x6f\x72\x67\x2f\x64\x63\x2f\x64\x63\x6d\x69\x74\
\x79\x70\x65\x2f\x53\x74\x69\x6c\x6c\x49\x6d\x61\x67\x65\x22\x20\
\x2f\x3e\x0a\x20\x20\x20\x20\x20\x20\x20\x20\x3c\x64\x63\x3a\x74\
\x69\x74\x6c\x65\x3e\x3c\x2f\x64\x63\x3a\x74\x69\x74\x6c\x65\x3e\
\x0a\x20\x20\x20\x20\x20\x20\x3c\x2f\x63\x63\x3a\x57\x6f\x72\x6b\
\x3e\x0a\x20\x20\x20\x20\x3c\x2f\x72\x64\x66\x3a\x52\x44\x46\x3e\
\x0a\x20\x20\x3c\x2f\x6d\x65\x74\x61\x64\x61\x74\x61\x3e\x0a\x20\
\x20\x3c\x67\x0a\x20\x20\x20\x20\x20\x69\x64\x3d\x22\x6c\x61\x79\
\x65\x72\x31\x22\x0a\x20\x20\x20\x20\x20\x69\x6e\x6b\x73\x63\x61\
\x70\x65\x3a\x6c\x61\x62\x65\x6c\x3d\x22\x4c\x61\x79\x65\x72\x20\
\x31\x22\x0a\x20\x20\x20\x20\x20\x69\x6e\x6b\x73\x63\x61\x70\x65\
\x3a\x67\x72\x6f\x75\x70\x6d\x6f\x64\x65\x3d\x22\x6c\x61\x79\x65\
\x72\x22\x0a\x20\x20\x20\x20\x20\x74\x72\x61\x6e\x73\x66\x6f\x72\
\x6d\x3d\x22\x74\x72\x61\x6e\x73\x6c\x61\x74\x65\x28\x2d\x31\x2e\
\x30\x31\x39\x37\x35\x36\x2c\x2d\x32\x2e\x35\x36\x37\x34\x39\x36\
\x29\x22\x3e\x0a\x20\x20\x20\x20\x3c\x67\x0a\x20\x20\x20\x20\x20\
\x20\x20\x74\x72\x61\x6e\x73\x66\x6f\x72\x6d\x3d\x22\x6d\x61\x74\
\x72\x69\x78\x28\x30\x2e\x34\x34\x38\x34\x31\x37\x32\x38\x2c\x30\
\x2c\x30\x2c\x30\x2e\x35\x33\x38\x32\x36\x31\x35\x36\x2c\x37\x30\
\x39\x2e\x36\x38\x31\x39\x36\x2c\x2d\x34\x30\x35\x30\x2e\x31\x34\
\x30\x34\x29\x22\x0a\x20\x20\x20\x20\x20\x20\x20\x69\x64\x3d\x22\
\x67\x31\x34\x31\x36\x32\x2d\x39\x2d\x38\x2d\x33\x2d\x33\x22\x3e\
\x0a\x20\x20\x20\x20\x20\x20\x3c\x70\x61\x74\x68\x0a\x20\x20\x20\
\x20\x20\x20\x20\x20\x20\x73\x74\x79\x6c\x65\x3d\x22\x66\x69\x6c\
\x6c\x3a\x23\x30\x30\x30\x30\x30\x30\x3b\x66\x69\x6c\x6c\x2d\x6f\
\x70\x61\x63\x69\x74\x79\x3a\x31\x3b\x73\x74\x72\x6f\x6b\x65\x3a\
\x6e\x6f\x6e\x65\x22\x0a\x20\x20\x20\x20\x20\x20\x20\x20\x20\x64\
\x3d\x22\x6d\x20\x2d\x31\x35\x34\x39\x2e\x37\x38\x30\x34\x2c\x37\
\x35\x37\x39\x2e\x31\x36\x34\x33\x20\x33\x36\x2e\x32\x33\x31\x2c\
\x2d\x32\x34\x2e\x39\x35\x35\x33\x20\x2d\x33\x36\x2e\x32\x33\x31\
\x2c\x2d\x32\x34\x2e\x39\x35\x35\x32\x20\x7a\x22\x0a\x20\x20\x20\
\x20\x20\x20\x20\x20\x20\x69\x64\x3d\x22\x70\x61\x74\x68\x33\x37\
\x39\x33\x2d\x30\x2d\x32\x2d\x30\x2d\x34\x2d\x33\x2d\x35\x33\x2d\
\x36\x2d\x32\x2d\x36\x2d\x31\x2d\x30\x2d\x35\x2d\x33\x2d\x33\x2d\
\x34\x2d\x30\x2d\x34\x2d\x38\x30\x2d\x38\x2d\x39\x22\x0a\x20\x20\
\x20\x20\x20\x20\x20\x20\x20\x69\x6e\x6b\x73\x63\x61\x70\x65\x3a\
\x63\x6f\x6e\x6e\x65\x63\x74\x6f\x72\x2d\x63\x75\x72\x76\x61\x74\
\x75\x72\x65\x3d\x22\x30\x22\x20\x2f\x3e\x0a\x20\x20\x20\x20\x20\
\x20\x3c\x72\x65\x63\x74\x0a\x20\x20\x20\x20\x20\x20\x20\x20\x20\
\x73\x74\x79\x6c\x65\x3d\x22\x66\x69\x6c\x6c\x3a\x23\x30\x30\x30\
\x30\x30\x30\x3b\x66\x69\x6c\x6c\x2d\x6f\x70\x61\x63\x69\x74\x79\
\x3a\x31\x3b\x73\x74\x72\x6f\x6b\x65\x3a\x6e\x6f\x6e\x65\x22\x0a\
\x20\x20\x20\x20\x20\x20\x20\x20\x20\x69\x64\x3d\x22\x72\x65\x63\
\x74\x31\x33\x35\x32\x38\x2d\x39\x2d\x36\x2d\x32\x2d\x38\x2d\x38\
\x2d\x30\x2d\x36\x22\x0a\x20\x20\x20\x20\x20\x20\x20\x20\x20\x77\
\x69\x64\x74\x68\x3d\x22\x31\x37\x2e\x35\x34\x37\x32\x30\x31\x22\
\x0a\x20\x20\x20\x20\x20\x20\x20\x20\x20\x68\x65\x69\x67\x68\x74\
\x3d\x22\x32\x30\x2e\x34\x37\x31\x35\x37\x31\x22\x0a\x20\x20\x20\
\x20\x20\x20\x20\x20\x20\x78\x3d\x22\x2d\x31\x35\x36\x33\x2e\x38\
\x32\x30\x36\x22\x0a\x20\x20\x20\x20\x20\x20\x20\x20\x20\x79\x3d\
\x22\x37\x35\x34\x33\x2e\x39\x37\x33\x31\x22\x20\x2f\x3e\x0a\x20\
\x20\x20\x20\x20\x20\x3c\x72\x65\x63\x74\x0a\x20\x20\x20\x20\x20\
\x20\x20\x20\x20\x73\x74\x79\x6c\x65\x3d\x22\x66\x69\x6c\x6c\x3a\
\x23\x30\x30\x30\x30\x30\x30\x3b\x66\x69\x6c\x6c\x2d\x6f\x70\x61\
\x63\x69\x74\x79\x3a\x31\x3b\x73\x74\x72\x6f\x6b\x65\x3a\x6e\x6f\
\x6e\x65\x22\x0a\x20\x20\x20\x20\x20\x20\x20\x20\x20\x69\x64\x3d\
\x22\x72\x65\x63\x74\x31\x33\x35\x32\x38\x2d\x39\x2d\x36\x2d\x38\
\x2d\x38\x2d\x37\x2d\x31\x2d\x37\x22\x0a\x20\x20\x20\x20\x20\x20\
\x20\x20\x20\x77\x69\x64\x74\x68\x3d\x22\x31\x30\x2e\x33\x30\x32\
\x30\x35\x36\x22\x0a\x20\x20\x20\x20\x20\x20\x20\x20\x20\x68\x65\
\x69\x67\x68\x74\x3d\x22\x32\x30\x2e\x36\x39\x37\x38\x33\x34\x22\
\x0a\x20\x20\x20\x20\x20\x20\x20\x20\x20\x78\x3d\x22\x2d\x31\x35\
\x38\x30\x2e\x33\x36\x33\x33\x22\x0a\x20\x20\x20\x20\x20\x20\x20\
\x20\x20\x79\x3d\x22\x37\x35\x34\x33\x2e\x38\x36\x30\x34\x22\x20\
\x2f\x3e\x0a\x20\x20\x20\x20\x3c\x2f\x67\x3e\x0a\x20\x20\x3c\x2f\
\x67\x3e\x0a\x3c\x2f\x73\x76\x67\x3e\x0a\
\x00\x00\x0e\xe5\
\x3c\
\x3f\x78\x6d\x6c\x20\x76\x65\x72\x73\x69\x6f\x6e\x3d\x22\x31\x2e\
\x30\x22\x20\x65\x6e\x63\x6f\x64\x69\x6e\x67\x3d\x22\x55\x54\x46\
\x2d\x38\x22\x20\x73\x74\x61\x6e\x64\x61\x6c\x6f\x6e\x65\x3d\x22\
\x6e\x6f\x22\x3f\x3e\x0a\x3c\x21\x2d\x2d\x20\x43\x72\x65\x61\x74\
\x65\x64\x20\x77\x69\x74\x68\x20\x49\x6e\x6b\x73\x63\x61\x70\x65\
\x20\x28\x68\x74\x74\x70\x3a\x2f\x2f\x77\x77\x77\x2e\x69\x6e\x6b\
\x73\x63\x61\x70\x65\x2e\x6f\x72\x67\x2f\x29\x20\x2d\x2d\x3e\x0a\
\x0a\x3c\x73\x76\x67\x0a\x20\x20\x20\x78\x6d\x6c\x6e\x73\x3a\x64\
\x63\x3d\x22\x68\x74\x74\x70\x3a\x2f\x2f\x70\x75\x72\x6c\x2e\x6f\
\x72\x67\x2f\x64\x63\x2f\x65\x6c\x65\x6d\x65\x6e\x74\x73\x2f\x31\
\x2e\x31\x2f\x22\x0a\x20\x20\x20\x78\x6d\x6c\x6e\x73\x3a\x63\x63\
\x3d\x22\x68\x74\x74\x70\x3a\x2f\x2f\x63\x72\x65\x61\x74\x69\x76\
\x65\x63\x6f\x6d\x6d\x6f\x6e\x73\x2e\x6f\x72\x67\x2f\x6e\x73\x23\
\x22\x0a\x20\x20\x20\x78\x6d\x6c\x6e\x73\x3a\x72\x64\x66\x3d\x22\
\x68\x74\x74\x70\x3a\x2f\x2f\x77\x77\x77\x2e\x77\x33\x2e\x6f\x72\
\x67\x2f\x31\x39\x39\x39\x2f\x30\x32\x2f\x32\x32\x2d\x72\x64\x66\
\x2d\x73\x79\x6e\x74\x61\x78\x2d\x6e\x73\x23\x22\x0a\x20\x20\x20\
\x78\x6d\x6c\x6e\x73\x3a\x73\x76\x67\x3d\x22\x68\x74\x74\x70\x3a\
\x2f\x2f\x77\x77\x77\x2e\x77\x33\x2e\x6f\x72\x67\x2f\x32\x30\x30\
\x30\x2f\x73\x76\x67\x22\x0a\x20\x20\x20\x78\x6d\x6c\x6e\x73\x3d\
\x22\x68\x74\x74\x70\x3a\x2f\x2f\x77\x77\x77\x2e\x77\x33\x2e\x6f\
\x72\x67\x2f\x32\x30\x30\x30\x2f\x73\x76\x67\x22\x0a\x20\x20\x20\
\x78\x6d\x6c\x6e\x73\x3a\x73\x6f\x64\x69\x70\x6f\x64\x69\x3d\x22\
\x68\x74\x74\x70\x3a\x2f\x2f\x73\x6f\x64\x69\x70\x6f\x64\x69\x2e\
\x73\x6f\x75\x72\x63\x65\x66\x6f\x72\x67\x65\x2e\x6e\x65\x74\x2f\
\x44\x54\x44\x2f\x73\x6f\x64\x69\x70\x6f\x64\x69\x2d\x30\x2e\x64\
\x74\x64\x22\x0a\x20\x20\x20\x78\x6d\x6c\x6e\x73\x3a\x69\x6e\x6b\
\x73\x63\x61\x70\x65\x3d\x22\x68\x74\x74\x70\x3a\x2f\x2f\x77\x77\
\x77\x2e\x69\x6e\x6b\x73\x63\x61\x70\x65\x2e\x6f\x72\x67\x2f\x6e\
\x61\x6d\x65\x73\x70\x61\x63\x65\x73\x2f\x69\x6e\x6b\x73\x63\x61\
\x70\x65\x22\x0a\x20\x20\x20\x77\x69\x64\x74\x68\x3d\x22\x33\x32\
\x22\x0a\x20\x20\x20\x68\x65\x69\x67\x68\x74\x3d\x22\x33\x32\x22\
\x0a\x20\x20\x20\x76\x69\x65\x77\x42\x6f\x78\x3d\x22\x30\x20\x30\
\x20\x33\x32\x20\x33\x32\x22\x0a\x20\x20\x20\x69\x64\x3d\x22\x73\
\x76\x67\x35\x33\x34\x39\x22\x0a\x20\x20\x20\x76\x65\x72\x73\x69\
\x6f\x6e\x3d\x22\x31\x2e\x31\x22\x0a\x20\x20\x20\x69\x6e\x6b\x73\
\x63\x61\x70\x65\x3a\x76\x65\x72\x73\x69\x6f\x6e\x3d\x22\x30\x2e\
\x39\x32\x2e\x30\x20\x72\x31\x35\x32\x39\x39\x22\x0a\x20\x20\x20\
\x73\x6f\x64\x69\x70\x6f\x64\x69\x3a\x64\x6f\x63\x6e\x61\x6d\x65\
\x3d\x22\x72\x6f\x6c\x65\x5f\x66\x69\x6e\x69\x73\x68\x2e\x73\x76\
\x67\x22\x3e\x0a\x20\x20\x3c\x64\x65\x66\x73\x0a\x20\x20\x20\x20\
\x20\x69\x64\x3d\x22\x64\x65\x66\x73\x35\x33\x35\x31\x22\x20\x2f\
\x3e\x0a\x20\x20\x3c\x73\x6f\x64\x69\x70\x6f\x64\x69\x3a\x6e\x61\
\x6d\x65\x64\x76\x69\x65\x77\x0a\x20\x20\x20\x20\x20\x69\x64\x3d\
\x22\x62\x61\x73\x65\x22\x0a\x20\x20\x20\x20\x20\x70\x61\x67\x65\
\x63\x6f\x6c\x6f\x72\x3d\x22\x23\x66\x66\x66\x66\x66\x66\x22\x0a\
\x20\x20\x20\x20\x20\x62\x6f\x72\x64\x65\x72\x63\x6f\x6c\x6f\x72\
\x3d\x22\x23\x36\x36\x36\x36\x36\x36\x22\x0a\x20\x20\x20\x20\x20\
\x62\x6f\x72\x64\x65\x72\x6f\x70\x61\x63\x69\x74\x79\x3d\x22\x31\
\x2e\x30\x22\x0a\x20\x20\x20\x20\x20\x69\x6e\x6b\x73\x63\x61\x70\
\x65\x3a\x70\x61\x67\x65\x6f\x70\x61\x63\x69\x74\x79\x3d\x22\x30\
\x2e\x30\x22\x0a\x20\x20\x20\x20\x20\x69\x6e\x6b\x73\x63\x61\x70\
\x65\x3a\x70\x61\x67\x65\x73\x68\x61\x64\x6f\x77\x3d\x22\x32\x22\
\x0a\x20\x20\x20\x20\x20\x69\x6e\x6b\x73\x63\x61\x70\x65\x3a\x7a\
\x6f\x6f\x6d\x3d\x22\x31\x35\x2e\x38\x33\x39\x31\x39\x32\x22\x0a\
\x20\x20\x20\x20\x20\x69\x6e\x6b\x73\x63\x61\x70\x65\x3a\x63\x78\
\x3d\x22\x2d\x32\x2e\x34\x30\x32\x33\x35\x35\x39\x22\x0a\x20\x20\
\x20\x20\x20\x69\x6e\x6b\x73\x63\x61\x70\x65\x3a\x63\x79\x3d\x22\
\x31\x33\x2e\x33\x36\x37\x34\x38\x38\x22\x0a\x20\x20\x20\x20\x20\
\x69\x6e\x6b\x73\x63\x61\x70\x65\x3a\x64\x6f\x63\x75\x6d\x65\x6e\
\x74\x2d\x75\x6e\x69\x74\x73\x3d\x22\x70\x78\x22\x0a\x20\x20\x20\
\x20\x20\x69\x6e\x6b\x73\x63\x61\x70\x65\x3a\x63\x75\x72\x72\x65\
\x6e\x74\x2d\x6c\x61\x79\x65\x72\x3d\x22\x6c\x61\x79\x65\x72\x31\
\x22\x0a\x20\x20\x20\x20\x20\x73\x68\x6f\x77\x67\x72\x69\x64\x3d\
\x22\x74\x72\x75\x65\x22\x0a\x20\x20\x20\x20\x20\x66\x69\x74\x2d\
\x6d\x61\x72\x67\x69\x6e\x2d\x74\x6f\x70\x3d\x22\x30\x22\x0a\x20\
\x20\x20\x20\x20\x66\x69\x74\x2d\x6d\x61\x72\x67\x69\x6e\x2d\x6c\
\x65\x66\x74\x3d\x22\x30\x22\x0a\x20\x20\x20\x20\x20\x66\x69\x74\
\x2d\x6d\x61\x72\x67\x69\x6e\x2d\x72\x69\x67\x68\x74\x3d\x22\x30\
\x22\x0a\x20\x20\x20\x20\x20\x66\x69\x74\x2d\x6d\x61\x72\x67\x69\
\x6e\x2d\x62\x6f\x74\x74\x6f\x6d\x3d\x22\x30\x22\x0a\x20\x20\x20\
\x20\x20\x69\x6e\x6b\x73\x63\x61\x70\x65\x3a\x77\x69\x6e\x64\x6f\
\x77\x2d\x77\x69\x64\x74\x68\x3d\x22\x31\x36\x38\x30\x22\x0a\x20\
\x20\x20\x20\x20\x69\x6e\x6b\x73\x63\x61\x70\x65\x3a\x77\x69\x6e\
\x64\x6f\x77\x2d\x68\x65\x69\x67\x68\x74\x3d\x22\x39\x33\x32\x22\
\x0a\x20\x20\x20\x20\x20\x69\x6e\x6b\x73\x63\x61\x70\x65\x3a\x77\
\x69\x6e\x64\x6f\x77\x2d\x78\x3d\x22\x2d\x38\x22\x0a\x20\x20\x20\
\x20\x20\x69\x6e\x6b\x73\x63\x61\x70\x65\x3a\x77\x69\x6e\x64\x6f\
\x77\x2d\x79\x3d\x22\x2d\x38\x22\x0a\x20\x20\x20\x20\x20\x69\x6e\
\x6b\x73\x63\x61\x70\x65\x3a\x77\x69\x6e\x64\x6f\x77\x2d\x6d\x61\
\x78\x69\x6d\x69\x7a\x65\x64\x3d\x22\x31\x22\x0a\x20\x20\x20\x20\
\x20\x75\x6e\x69\x74\x73\x3d\x22\x70\x78\x22\x3e\x0a\x20\x20\x20\
\x20\x3c\x69\x6e\x6b\x73\x63\x61\x70\x65\x3a\x67\x72\x69\x64\x0a\
\x20\x20\x20\x20\x20\x20\x20\x74\x79\x70\x65\x3d\x22\x78\x79\x67\
\x72\x69\x64\x22\x0a\x20\x20\x20\x20\x20\x20\x20\x69\x64\x3d\x22\
\x67\x72\x69\x64\x35\x39\x31\x33\x22\x20\x2f\x3e\x0a\x20\x20\x3c\
\x2f\x73\x6f\x64\x69\x70\x6f\x64\x69\x3a\x6e\x61\x6d\x65\x64\x76\
\x69\x65\x77\x3e\x0a\x20\x20\x3c\x6d\x65\x74\x61\x64\x61\x74\x61\
\x0a\x20\x20\x20\x20\x20\x69\x64\x3d\x22\x6d\x65\x74\x61\x64\x61\
\x74\x61\x35\x33\x35\x34\x22\x3e\x0a\x20\x20\x20\x20\x3c\x72\x64\
\x66\x3a\x52\x44\x46\x3e\x0a\x20\x20\x20\x20\x20\x20\x3c\x63\x63\
\x3a\x57\x6f\x72\x6b\x0a\x20\x20\x20\x20\x20\x20\x20\x20\x20\x72\
\x64\x66\x3a\x61\x62\x6f\x75\x74\x3d\x22\x22\x3e\x0a\x20\x20\x20\
\x20\x20\x20\x20\x20\x3c\x64\x63\x3a\x66\x6f\x72\x6d\x61\x74\x3e\
\x69\x6d\x61\x67\x65\x2f\x73\x76\x67\x2b\x78\x6d\x6c\x3c\x2f\x64\
\x63\x3a\x66\x6f\x72\x6d\x61\x74\x3e\x0a\x20\x20\x20\x20\x20\x20\
\x20\x20\x3c\x64\x63\x3a\x74\x79\x70\x65\x0a\x20\x20\x20\x20\x20\
\x20\x20\x20\x20\x20\x20\x72\x64\x66\x3a\x72\x65\x73\x6f\x75\x72\
\x63\x65\x3d\x22\x68\x74\x74\x70\x3a\x2f\x2f\x70\x75\x72\x6c\x2e\
\x6f\x72\x67\x2f\x64\x63\x2f\x64\x63\x6d\x69\x74\x79\x70\x65\x2f\
\x53\x74\x69\x6c\x6c\x49\x6d\x61\x67\x65\x22\x20\x2f\x3e\x0a\x20\
\x20\x20\x20\x20\x20\x20\x20\x3c\x64\x63\x3a\x74\x69\x74\x6c\x65\
\x3e\x3c\x2f\x64\x63\x3a\x74\x69\x74\x6c\x65\x3e\x0a\x20\x20\x20\
\x20\x20\x20\x3c\x2f\x63\x63\x3a\x57\x6f\x72\x6b\x3e\x0a\x20\x20\
\x20\x20\x3c\x2f\x72\x64\x66\x3a\x52\x44\x46\x3e\x0a\x20\x20\x3c\
\x2f\x6d\x65\x74\x61\x64\x61\x74\x61\x3e\x0a\x20\x20\x3c\x67\x0a\
\x20\x20\x20\x20\x20\x69\x6e\x6b\x73\x63\x61\x70\x65\x3a\x6c\x61\
\x62\x65\x6c\x3d\x22\x4c\x61\x79\x65\x72\x20\x31\x22\x0a\x20\x20\
\x20\x20\x20\x69\x6e\x6b\x73\x63\x61\x70\x65\x3a\x67\x72\x6f\x75\
\x70\x6d\x6f\x64\x65\x3d\x22\x6c\x61\x79\x65\x72\x22\x0a\x20\x20\
\x20\x20\x20\x69\x64\x3d\x22\x6c\x61\x79\x65\x72\x31\x22\x0a\x20\
\x20\x20\x20\x20\x74\x72\x61\x6e\x73\x66\x6f\x72\x6d\x3d\x22\x74\
\x72\x61\x6e\x73\x6c\x61\x74\x65\x28\x2d\x36\x35\x2e\x37\x35\x30\
\x34\x37\x35\x2c\x2d\x32\x37\x38\x2e\x35\x39\x32\x38\x29\x22\x3e\
\x0a\x20\x20\x20\x20\x3c\x67\x0a\x20\x20\x20\x20\x20\x20\x20\x74\
\x72\x61\x6e\x73\x66\x6f\x72\x6d\x3d\x22\x6d\x61\x74\x72\x69\x78\
\x28\x30\x2e\x35\x31\x39\x32\x30\x32\x34\x33\x2c\x30\x2c\x30\x2c\
\x30\x2e\x35\x30\x32\x34\x36\x35\x39\x33\x2c\x2d\x32\x39\x37\x2e\
\x38\x36\x34\x31\x34\x2c\x2d\x32\x35\x35\x2e\x33\x33\x30\x35\x32\
\x29\x22\x0a\x20\x20\x20\x20\x20\x20\x20\x69\x64\x3d\x22\x67\x31\
\x31\x33\x30\x35\x2d\x38\x2d\x36\x2d\x35\x2d\x34\x2d\x30\x2d\x34\
\x2d\x30\x2d\x30\x2d\x35\x2d\x38\x2d\x34\x22\x3e\x0a\x20\x20\x20\
\x20\x20\x20\x3c\x70\x61\x74\x68\x0a\x20\x20\x20\x20\x20\x20\x20\
\x20\x20\x73\x6f\x64\x69\x70\x6f\x64\x69\x3a\x6e\x6f\x64\x65\x74\
\x79\x70\x65\x73\x3d\x22\x63\x63\x63\x63\x63\x63\x63\x63\x63\x22\
\x0a\x20\x20\x20\x20\x20\x20\x20\x20\x20\x69\x6e\x6b\x73\x63\x61\
\x70\x65\x3a\x63\x6f\x6e\x6e\x65\x63\x74\x6f\x72\x2d\x63\x75\x72\
\x76\x61\x74\x75\x72\x65\x3d\x22\x30\x22\x0a\x20\x20\x20\x20\x20\
\x20\x20\x20\x20\x69\x64\x3d\x22\x70\x61\x74\x68\x31\x31\x32\x37\
\x33\x2d\x33\x2d\x31\x2d\x30\x2d\x37\x2d\x36\x2d\x34\x2d\x34\x2d\
\x37\x2d\x39\x2d\x36\x2d\x34\x22\x0a\x20\x20\x20\x20\x20\x20\x20\
\x20\x20\x64\x3d\x22\x6d\x20\x37\x30\x38\x2e\x35\x30\x32\x30\x38\
\x2c\x31\x30\x37\x31\x2e\x36\x39\x32\x32\x20\x31\x34\x2e\x34\x38\
\x38\x38\x39\x2c\x2d\x33\x2e\x38\x38\x32\x33\x20\x31\x30\x2e\x39\
\x35\x33\x33\x38\x2c\x32\x2e\x32\x34\x31\x34\x20\x31\x34\x2e\x34\
\x38\x38\x38\x38\x2c\x2d\x33\x2e\x38\x38\x32\x32\x20\x37\x2e\x37\
\x36\x34\x35\x36\x2c\x32\x38\x2e\x39\x37\x37\x37\x20\x2d\x31\x34\
\x2e\x34\x38\x38\x38\x38\x2c\x33\x2e\x38\x38\x32\x33\x20\x2d\x31\
\x30\x2e\x39\x35\x33\x33\x38\x2c\x2d\x32\x2e\x32\x34\x31\x34\x20\
\x2d\x31\x34\x2e\x34\x38\x38\x38\x36\x2c\x33\x2e\x38\x38\x32\x33\
\x20\x7a\x22\x0a\x20\x20\x20\x20\x20\x20\x20\x20\x20\x73\x74\x79\
\x6c\x65\x3d\x22\x66\x69\x6c\x6c\x3a\x23\x66\x66\x66\x66\x66\x66\
\x3b\x66\x69\x6c\x6c\x2d\x6f\x70\x61\x63\x69\x74\x79\x3a\x31\x3b\
\x73\x74\x72\x6f\x6b\x65\x3a\x23\x30\x30\x30\x30\x30\x30\x3b\x73\
\x74\x72\x6f\x6b\x65\x2d\x77\x69\x64\x74\x68\x3a\x33\x2e\x34\x34\
\x34\x33\x30\x31\x33\x37\x3b\x73\x74\x72\x6f\x6b\x65\x2d\x6c\x69\
\x6e\x65\x63\x61\x70\x3a\x72\x6f\x75\x6e\x64\x3b\x73\x74\x72\x6f\
\x6b\x65\x2d\x6c\x69\x6e\x65\x6a\x6f\x69\x6e\x3a\x72\x6f\x75\x6e\
\x64\x3b\x73\x74\x72\x6f\x6b\x65\x2d\x6d\x69\x74\x65\x72\x6c\x69\
\x6d\x69\x74\x3a\x34\x3b\x73\x74\x72\x6f\x6b\x65\x2d\x64\x61\x73\
\x68\x61\x72\x72\x61\x79\x3a\x6e\x6f\x6e\x65\x3b\x73\x74\x72\x6f\
\x6b\x65\x2d\x6f\x70\x61\x63\x69\x74\x79\x3a\x31\x22\x20\x2f\x3e\
\x0a\x20\x20\x20\x20\x20\x20\x3c\x70\x61\x74\x68\x0a\x20\x20\x20\
\x20\x20\x20\x20\x20\x20\x69\x6e\x6b\x73\x63\x61\x70\x65\x3a\x63\
\x6f\x6e\x6e\x65\x63\x74\x6f\x72\x2d\x63\x75\x72\x76\x61\x74\x75\
\x72\x65\x3d\x22\x30\x22\x0a\x20\x20\x20\x20\x20\x20\x20\x20\x20\
\x69\x64\x3d\x22\x70\x61\x74\x68\x31\x31\x32\x37\x35\x2d\x35\x2d\
\x36\x2d\x32\x2d\x38\x2d\x36\x2d\x36\x2d\x35\x2d\x31\x2d\x38\x2d\
\x37\x2d\x36\x22\x0a\x20\x20\x20\x20\x20\x20\x20\x20\x20\x64\x3d\
\x22\x6d\x20\x37\x31\x32\x2e\x33\x38\x34\x33\x36\x2c\x31\x30\x38\
\x36\x2e\x31\x38\x31\x31\x20\x31\x34\x2e\x34\x38\x38\x39\x2c\x2d\
\x33\x2e\x38\x38\x32\x33\x20\x2d\x33\x2e\x38\x38\x32\x32\x39\x2c\
\x2d\x31\x34\x2e\x34\x38\x38\x39\x20\x2d\x31\x34\x2e\x34\x38\x38\
\x38\x39\x2c\x33\x2e\x38\x38\x32\x33\x20\x7a\x22\x0a\x20\x20\x20\
\x20\x20\x20\x20\x20\x20\x73\x74\x79\x6c\x65\x3d\x22\x66\x69\x6c\
\x6c\x3a\x23\x30\x30\x30\x30\x30\x30\x3b\x66\x69\x6c\x6c\x2d\x6f\
\x70\x61\x63\x69\x74\x79\x3a\x31\x3b\x73\x74\x72\x6f\x6b\x65\x3a\
\x23\x30\x30\x30\x30\x30\x30\x3b\x73\x74\x72\x6f\x6b\x65\x2d\x77\
\x69\x64\x74\x68\x3a\x30\x2e\x38\x36\x31\x30\x37\x35\x33\x34\x3b\
\x73\x74\x72\x6f\x6b\x65\x2d\x6d\x69\x74\x65\x72\x6c\x69\x6d\x69\
\x74\x3a\x34\x3b\x73\x74\x72\x6f\x6b\x65\x2d\x64\x61\x73\x68\x61\
\x72\x72\x61\x79\x3a\x6e\x6f\x6e\x65\x3b\x73\x74\x72\x6f\x6b\x65\
\x2d\x6f\x70\x61\x63\x69\x74\x79\x3a\x31\x22\x20\x2f\x3e\x0a\x20\
\x20\x20\x20\x20\x20\x3c\x70\x61\x74\x68\x0a\x20\x20\x20\x20\x20\
\x20\x20\x20\x20\x69\x6e\x6b\x73\x63\x61\x70\x65\x3a\x63\x6f\x6e\
\x6e\x65\x63\x74\x6f\x72\x2d\x63\x75\x72\x76\x61\x74\x75\x72\x65\
\x3d\x22\x30\x22\x0a\x20\x20\x20\x20\x20\x20\x20\x20\x20\x69\x64\
\x3d\x22\x70\x61\x74\x68\x31\x31\x32\x37\x37\x2d\x35\x2d\x33\x2d\
\x38\x2d\x33\x2d\x31\x2d\x30\x2d\x34\x2d\x37\x2d\x34\x2d\x37\x2d\
\x33\x22\x0a\x20\x20\x20\x20\x20\x20\x20\x20\x20\x64\x3d\x22\x6d\
\x20\x37\x33\x30\x2e\x37\x35\x35\x35\x33\x2c\x31\x30\x39\x36\x2e\
\x37\x38\x37\x37\x20\x2d\x33\x2e\x38\x38\x32\x32\x37\x2c\x2d\x31\
\x34\x2e\x34\x38\x38\x39\x20\x31\x30\x2e\x39\x35\x33\x33\x36\x2c\
\x32\x2e\x32\x34\x31\x34\x20\x33\x2e\x38\x38\x32\x32\x39\x2c\x31\
\x34\x2e\x34\x38\x38\x39\x20\x7a\x22\x0a\x20\x20\x20\x20\x20\x20\
\x20\x20\x20\x73\x74\x79\x6c\x65\x3d\x22\x66\x69\x6c\x6c\x3a\x23\
\x30\x30\x30\x30\x30\x30\x3b\x66\x69\x6c\x6c\x2d\x6f\x70\x61\x63\
\x69\x74\x79\x3a\x31\x3b\x73\x74\x72\x6f\x6b\x65\x3a\x23\x30\x30\
\x30\x30\x30\x30\x3b\x73\x74\x72\x6f\x6b\x65\x2d\x77\x69\x64\x74\
\x68\x3a\x30\x2e\x38\x36\x31\x30\x37\x35\x33\x34\x3b\x73\x74\x72\
\x6f\x6b\x65\x2d\x6d\x69\x74\x65\x72\x6c\x69\x6d\x69\x74\x3a\x34\
\x3b\x73\x74\x72\x6f\x6b\x65\x2d\x64\x61\x73\x68\x61\x72\x72\x61\
\x79\x3a\x6e\x6f\x6e\x65\x3b\x73\x74\x72\x6f\x6b\x65\x2d\x6f\x70\
\x61\x63\x69\x74\x79\x3a\x31\x22\x20\x2f\x3e\x0a\x20\x20\x20\x20\
\x20\x20\x3c\x70\x61\x74\x68\x0a\x20\x20\x20\x20\x20\x20\x20\x20\
\x20\x69\x6e\x6b\x73\x63\x61\x70\x65\x3a\x63\x6f\x6e\x6e\x65\x63\
\x74\x6f\x72\x2d\x63\x75\x72\x76\x61\x74\x75\x72\x65\x3d\x22\x30\
\x22\x0a\x20\x20\x20\x20\x20\x20\x20\x20\x20\x69\x64\x3d\x22\x70\
\x61\x74\x68\x31\x31\x32\x37\x39\x2d\x31\x2d\x33\x2d\x36\x2d\x35\
\x2d\x38\x2d\x36\x2d\x39\x2d\x37\x2d\x30\x2d\x32\x2d\x39\x22\x0a\
\x20\x20\x20\x20\x20\x20\x20\x20\x20\x64\x3d\x22\x6d\x20\x37\x33\
\x33\x2e\x39\x34\x34\x33\x35\x2c\x31\x30\x37\x30\x2e\x30\x35\x31\
\x33\x20\x33\x2e\x38\x38\x32\x32\x37\x2c\x31\x34\x2e\x34\x38\x38\
\x39\x20\x31\x34\x2e\x34\x38\x38\x38\x39\x2c\x2d\x33\x2e\x38\x38\
\x32\x33\x20\x2d\x33\x2e\x38\x38\x32\x32\x38\x2c\x2d\x31\x34\x2e\
\x34\x38\x38\x38\x20\x7a\x22\x0a\x20\x20\x20\x20\x20\x20\x20\x20\
\x20\x73\x74\x79\x6c\x65\x3d\x22\x66\x69\x6c\x6c\x3a\x23\x30\x30\
\x30\x30\x30\x30\x3b\x66\x69\x6c\x6c\x2d\x6f\x70\x61\x63\x69\x74\
\x79\x3a\x31\x3b\x73\x74\x72\x6f\x6b\x65\x3a\x23\x30\x30\x30\x30\
\x30\x30\x3b\x73\x74\x72\x6f\x6b\x65\x2d\x77\x69\x64\x74\x68\x3a\
\x30\x2e\x38\x36\x31\x30\x37\x35\x33\x34\x3b\x73\x74\x72\x6f\x6b\
\x65\x2d\x6d\x69\x74\x65\x72\x6c\x69\x6d\x69\x74\x3a\x34\x3b\x73\
\x74\x72\x6f\x6b\x65\x2d\x64\x61\x73\x68\x61\x72\x72\x61\x79\x3a\
\x6e\x6f\x6e\x65\x3b\x73\x74\x72\x6f\x6b\x65\x2d\x6f\x70\x61\x63\
\x69\x74\x79\x3a\x31\x22\x20\x2f\x3e\x0a\x20\x20\x20\x20\x20\x20\
\x3c\x70\x61\x74\x68\x0a\x20\x20\x20\x20\x20\x20\x20\x20\x20\x69\
\x6e\x6b\x73\x63\x61\x70\x65\x3a\x63\x6f\x6e\x6e\x65\x63\x74\x6f\
\x72\x2d\x63\x75\x72\x76\x61\x74\x75\x72\x65\x3d\x22\x30\x22\x0a\
\x20\x20\x20\x20\x20\x20\x20\x20\x20\x69\x64\x3d\x22\x70\x61\x74\
\x68\x31\x31\x32\x38\x35\x2d\x35\x2d\x35\x2d\x30\x2d\x31\x2d\x34\
\x2d\x36\x2d\x35\x2d\x37\x2d\x37\x2d\x32\x2d\x39\x22\x0a\x20\x20\
\x20\x20\x20\x20\x20\x20\x20\x64\x3d\x22\x6d\x20\x37\x30\x37\x2e\
\x33\x31\x39\x34\x33\x2c\x31\x30\x36\x37\x2e\x32\x37\x38\x34\x20\
\x31\x33\x2e\x39\x32\x30\x36\x33\x2c\x35\x31\x2e\x39\x35\x32\x35\
\x22\x0a\x20\x20\x20\x20\x20\x20\x20\x20\x20\x73\x74\x79\x6c\x65\
\x3d\x22\x66\x69\x6c\x6c\x3a\x6e\x6f\x6e\x65\x3b\x73\x74\x72\x6f\
\x6b\x65\x3a\x23\x30\x30\x30\x30\x30\x30\x3b\x73\x74\x72\x6f\x6b\
\x65\x2d\x77\x69\x64\x74\x68\x3a\x36\x2e\x38\x38\x38\x36\x30\x32\
\x37\x33\x3b\x73\x74\x72\x6f\x6b\x65\x2d\x6c\x69\x6e\x65\x63\x61\
\x70\x3a\x62\x75\x74\x74\x3b\x73\x74\x72\x6f\x6b\x65\x2d\x6c\x69\
\x6e\x65\x6a\x6f\x69\x6e\x3a\x6d\x69\x74\x65\x72\x3b\x73\x74\x72\
\x6f\x6b\x65\x2d\x6d\x69\x74\x65\x72\x6c\x69\x6d\x69\x74\x3a\x34\
\x3b\x73\x74\x72\x6f\x6b\x65\x2d\x64\x61\x73\x68\x61\x72\x72\x61\
\x79\x3a\x6e\x6f\x6e\x65\x3b\x73\x74\x72\x6f\x6b\x65\x2d\x6f\x70\
\x61\x63\x69\x74\x79\x3a\x31\x22\x0a\x20\x20\x20\x20\x20\x20\x20\
\x20\x20\x73\x6f\x64\x69\x70\x6f\x64\x69\x3a\x6e\x6f\x64\x65\x74\
\x79\x70\x65\x73\x3d\x22\x63\x63\x22\x20\x2f\x3e\x0a\x20\x20\x20\
\x20\x3c\x2f\x67\x3e\x0a\x20\x20\x3c\x2f\x67\x3e\x0a\x3c\x2f\x73\
\x76\x67\x3e\x0a\
"

qt_resource_name = b"\
\x00\x05\
\x00\x6f\xa6\x53\
\x00\x69\
\x00\x63\x00\x6f\x00\x6e\x00\x73\
\x00\x0e\
\x05\x91\x95\x07\
\x00\x72\
\x00\x6f\x00\x6c\x00\x65\x00\x5f\x00\x72\x00\x65\x00\x73\x00\x65\x00\x74\x00\x2e\x00\x73\x00\x76\x00\x67\
\x00\x16\
\x00\x1a\x6d\x87\
\x00\x62\
\x00\x75\x00\x74\x00\x74\x00\x6f\x00\x6e\x00\x5f\x00\x73\x00\x69\x00\x6d\x00\x73\x00\x65\x00\x74\x00\x74\x00\x69\x00\x6e\x00\x67\
\x00\x73\x00\x2e\x00\x73\x00\x76\x00\x67\
\x00\x12\
\x0b\x5b\xef\xe7\
\x00\x62\
\x00\x75\x00\x74\x00\x74\x00\x6f\x00\x6e\x00\x5f\x00\x73\x00\x74\x00\x65\x00\x70\x00\x73\x00\x69\x00\x6d\x00\x2e\x00\x73\x00\x76\
\x00\x67\
\x00\x12\
\x0b\x44\xe5\x07\
\x00\x62\
\x00\x75\x00\x74\x00\x74\x00\x6f\x00\x6e\x00\x5f\x00\x70\x00\x6c\x00\x61\x00\x79\x00\x73\x00\x69\x00\x6d\x00\x2e\x00\x73\x00\x76\
\x00\x67\
\x00\x13\
\x03\xcb\xbf\xe7\
\x00\x62\
\x00\x75\x00\x74\x00\x74\x00\x6f\x00\x6e\x00\x5f\x00\x72\x00\x65\x00\x73\x00\x65\x00\x74\x00\x73\x00\x69\x00\x6d\x00\x2e\x00\x73\
\x00\x76\x00\x67\
\x00\x0a\
\x09\xf1\x82\x47\
\x00\x70\
\x00\x65\x00\x6e\x00\x63\x00\x69\x00\x6c\x00\x2e\x00\x73\x00\x76\x00\x67\
\x00\x13\
\x02\x03\x15\x07\
\x00\x62\
\x00\x75\x00\x74\x00\x74\x00\x6f\x00\x6e\x00\x5f\x00\x70\x00\x61\x00\x75\x00\x73\x00\x65\x00\x73\x00\x69\x00\x6d\x00\x2e\x00\x73\
\x00\x76\x00\x67\
\x00\x0f\
\x00\x25\x66\xe7\
\x00\x72\
\x00\x65\x00\x73\x00\x65\x00\x74\x00\x5f\x00\x76\x00\x61\x00\x6c\x00\x75\x00\x65\x00\x2e\x00\x73\x00\x76\x00\x67\
\x00\x12\
\x0b\x5b\xdb\xe7\
\x00\x62\
\x00\x75\x00\x74\x00\x74\x00\x6f\x00\x6e\x00\x5f\x00\x73\x00\x74\x00\x6f\x00\x70\x00\x73\x00\x69\x00\x6d\x00\x2e\x00\x73\x00\x76\
\x00\x67\
\x00\x0e\
\x07\x95\x97\x07\
\x00\x72\
\x00\x6f\x00\x6c\x00\x65\x00\x5f\x00\x73\x00\x65\x00\x74\x00\x75\x00\x70\x00\x2e\x00\x73\x00\x76\x00\x67\
\x00\x10\
\x0d\x08\x53\x47\
\x00\x72\
\x00\x6f\x00\x6c\x00\x65\x00\x5f\x00\x73\x00\x74\x00\x61\x00\x72\x00\x74\x00\x75\x00\x70\x00\x2e\x00\x73\x00\x76\x00\x67\
\x00\x12\
\x05\x60\xbd\x67\
\x00\x62\
\x00\x75\x00\x74\x00\x74\x00\x6f\x00\x6e\x00\x5f\x00\x72\x00\x75\x00\x6e\x00\x6d\x00\x61\x00\x69\x00\x6e\x00\x2e\x00\x73\x00\x76\
\x00\x67\
\x00\x0f\
\x0b\xa9\x2e\x87\
\x00\x63\
\x00\x6c\x00\x65\x00\x61\x00\x72\x00\x5f\x00\x71\x00\x75\x00\x65\x00\x75\x00\x65\x00\x2e\x00\x70\x00\x6e\x00\x67\
\x00\x13\
\x03\x87\x95\xe7\
\x00\x62\
\x00\x75\x00\x74\x00\x74\x00\x6f\x00\x6e\x00\x5f\x00\x73\x00\x74\x00\x61\x00\x72\x00\x74\x00\x73\x00\x69\x00\x6d\x00\x2e\x00\x73\
\x00\x76\x00\x67\
\x00\x0f\
\x05\xf1\x27\xe7\
\x00\x72\
\x00\x6f\x00\x6c\x00\x65\x00\x5f\x00\x66\x00\x69\x00\x6e\x00\x69\x00\x73\x00\x68\x00\x2e\x00\x73\x00\x76\x00\x67\
"

qt_resource_struct = b"\
\x00\x00\x00\x00\x00\x02\x00\x00\x00\x01\x00\x00\x00\x01\
\x00\x00\x00\x00\x00\x02\x00\x00\x00\x01\x00\x00\x00\x02\
\x00\x00\x00\x00\x00\x02\x00\x00\x00\x0f\x00\x00\x00\x03\
\x00\x00\x00\x32\x00\x01\x00\x00\x00\x01\x00\x00\x0a\xd0\
\x00\x00\x01\x2a\x00\x00\x00\x00\x00\x01\x00\x00\x39\xeb\
\x00\x00\x00\xfe\x00\x00\x00\x00\x00\x01\x00\x00\x30\xa5\
\x00\x00\x02\x0e\x00\x00\x00\x00\x00\x01\x00\x00\x72\xe8\
\x00\x00\x00\xb8\x00\x00\x00\x00\x00\x01\x00\x00\x21\xda\
\x00\x00\x01\xc0\x00\x00\x00\x00\x00\x01\x00\x00\x62\xa8\
\x00\x00\x00\x10\x00\x00\x00\x00\x00\x01\x00\x00\x00\x00\
\x00\x00\x02\x3a\x00\x00\x00\x00\x00\x01\x00\x00\x7d\xb7\
\x00\x00\x01\x78\x00\x00\x00\x00\x00\x01\x00\x00\x4c\xd1\
\x00\x00\x00\xe4\x00\x00\x00\x00\x00\x01\x00\x00\x2c\x8e\
\x00\x00\x00\x8e\x00\x00\x00\x00\x00\x01\x00\x00\x1a\x15\
\x00\x00\x01\x4e\x00\x00\x00\x00\x00\x01\x00\x00\x44\xdd\
\x00\x00\x00\x64\x00\x00\x00\x00\x00\x01\x00\x00\x10\xc1\
\x00\x00\x01\xea\x00\x00\x00\x00\x00\x01\x00\x00\x6e\x17\
\x00\x00\x01\x9a\x00\x00\x00\x00\x00\x01\x00\x00\x58\x83\
"


def qInitResources():
    QtCore.qRegisterResourceData(0x01, qt_resource_struct, qt_resource_name, qt_resource_data)


def qCleanupResources():
    QtCore.qUnregisterResourceData(0x01, qt_resource_struct, qt_resource_name, qt_resource_data)


qInitResources()
