# Resource object code (Python 3)
# Created by: object code
# Created by: The Resource Compiler for Qt version 6.8.1
# WARNING! All changes made in this file will be lost!

from PyQt6 import QtCore

qt_resource_data = b"\
\x00\x00\x02\xf1\
\x89\
PNG\x0d\x0a\x1a\x0a\x00\x00\x00\x0dIHDR\x00\
\x00\x00\x10\x00\x00\x00\x10\x08\x06\x00\x00\x00\x1f\xf3\xffa\
\x00\x00\x02\xb8IDATx\xda\xa5\x92_HSQ\
\x1c\xc7\xcf\xb9wwmw\xea\xfe87\x97\x9bN\xb7\
)Z\x19:\x9b\xa6a\x7fFb`\xe6\x83\x9aD\x89\
\x84\xff\xc2H\xe8!\x88\x02\x0b\xc9\x07\xdbL\x0d1\xc3\
\x90\xc0z\x88\xfc\x8387\xdd\xa6\xa8kIJ\x96I\
>X\xf4.\x15>h\xcdb\xfbuvQ\x99\x16\xf5\
\xd0\xc3\xe7\xdes\xf9}\xbf\x9fs.\x1c\x04\x00;@\
\x16d\xc0V|kO\x1b\xcf-h\xe3\x7fe\xdb\x85\
\xab\xe2\x0e\xd1$\xddB\xdd 3MH.\x86\xa0\x0a\
-R\xa4x\x8d\xd7J\xaf\xa7\xf7'C\x99'\x1f\x9a\
\x96\xaf\xc0\x1d\xc2\x05o!\x1c\xea\xdf\x07L+\xfd\x9d\
i\xa1\xabI\xb6\x90j\xa1\xd6\x88ty\xab\xcc\x90\xb2\
W\xd9-\xf5]]*\x87\x86O5\x7f\xe4\xd2\x9b2\
\x90?\x14\xff\xe4\xdd\xa36\xce{\x0b\x80\xb2\xe2\xb5-\
A\xa3\xfc\x81\xc4W\xf3\xbe\x0c\xaa\x16K\xa0z\xb1\x14\
J\xe6OA\xb67\x0d\x8e\xccd@\xf9B1T\xbe\
+\xde\x9eU/\x90\xdc\xdb\xb3\x9c X6RVj\
=\x7f\xea(\x9c\x9e5C\x01A7\xae\x05\xf1 \x0b\
\x92\x1ea \xbaW\x1a\x90\xdb\xc2A>*\x83c/\
3\x83\x19\x8e\xa2Wy\xdb\x82\xfb\xaa.E \xcbc\
\x84 \xd1N%Dt\xb2~\xea.\xfeFYp\x1f\
\xb6`\x07y\xaf\xa9\x1eK\xfc\x8c\x8d\x01\xe3d*\x97\
\xcb\x9d6\x01\x0e\x0aH`^\xfb4\xc6\x9f\xe8\xd6\xfb\
b\x9d\x9a\xcf\xb2\xbe\xf0\x8f\x98\x14\x88x\xef\xe6\xef\x15\
\xd2$\xa8\x1c\x10\x83\xcc!\x05\x9d+\x01H\x16\x92\xdc\
\x09\x9c \x18\xd8\xd0\x0c\xab\x96\x14\xa3\x0a\x8f\xc8&\x1a\
\x0a\xef\x12\xccb+\xea\xd9,\xa7\x10V\x0e\xbb\xe3\x7f\
\xa4\xbb\xb4\x01\xd3\x98>`r\x18\xfc\xc6\x918\x7f\xfa\
\x90f\x03[\xd0*'\x10\x0f\xb0\x83\xb4\x8d\xee\xc6\xc3\
\xd8*\xea\xe4;B\x04\x07\x08_\x08\xc0\xd1\x8c|\xa8\
\x09\xad\xa0F\xf4\x015\xa09t\x13\xd5\x06Cs\xd2\
G\xc2^4\x8c\xae\x13.+\xfb\xc3\xeap\x13^F\
\xb7QT\xe8\x053?\xd3\xf1\x92\xc7\xa2\x18\xad]\x82\
w\x5c<b\xa9\x974\xb3\x1d\xa4|\x8eP\xc4\x8e0\
'\xd5\xed\xe2*\xba\x8e\xaaE\x95(\x07U \x81\xf9\
\xb9\x1e\xe7\xda\xe3\x99\x18g\x84@\xe6\x10\xee\x12\x5cD\
2Q=\xbf\x22\xb2/\xcc,\x18\xe1eF\x8d\x8a\x0e\
\xc6\xbb\xa4\x89'f\x0c\x92,W\x9c0\xc7\x1e\xc7\x98\
=z\xae\x94<\xae\xa0b\x9d\xbbN\xc0=\xba\x10J\
{\xa26D\x8e\xb1\x09$\xa0\xde?\xa1TdM\xc5\
\x0a\x8e{t\xbc<\xaf\x81\x0a)\xfc\xc6\xf6\x22\xcc\xc2\
\xa7\xb2\xedZ\xb1iZ\x13\x911\xa9f\xcd/t\xf4\
\x99\x99\x14n\xb7\xbf\xb1\xf3c\x02!\x93GC%\x8d\
\xcb\xa9\xd2\xd7\xa9\x9b\xe5\x7f\x0b\xfe\x8b_\x1a\xbd\xf35\
\xf6\x05\x89\xd6\x00\x00\x00\x00IEND\xaeB`\x82\
\
\x00\x00\x02/\
\x89\
PNG\x0d\x0a\x1a\x0a\x00\x00\x00\x0dIHDR\x00\
\x00\x00\x18\x00\x00\x00\x18\x08\x06\x00\x00\x00\xe0w=\xf8\
\x00\x00\x00\x04sBIT\x08\x08\x08\x08|\x08d\x88\
\x00\x00\x00\x09pHYs\x00\x00\x07\xee\x00\x00\x07\xee\
\x01\xc6>\x9a?\x00\x00\x00\x19tEXtSof\
tware\x00www.inksca\
pe.org\x9b\xee<\x1a\x00\x00\x01\xacID\
ATH\x89\xed\xd5;hTA\x14\x06\xe0\xef\x5cB\
6,\x08\x89\x16\x8a \x0a\xa9\xb4\xf2\x81\x08\x82\xa8H\
\x0a\xb1\xb0\x8a\x10,,,RXh\x99F\x97\x1b\x15\
S\x88\x95\x8d\x8d\x8d\xa5Z\x88\x95\xb1\xd1\xce\xb7\xd6V\
\x82\x8d\x9d\x16\x16Y%9\x16\xd9\xc8\xddd\x93\xdd\xbc\
\xac\xfca\xb83gf\xce\xff\x9f;s\xceDf\xda\
L\x14\x9b\xea\xfd_\x10\xf4\xaduc\x94qP8\x0c\
\xd2\xdbl\xe4\x87\x8e\xebV{\x061\x15C\x9a\xeea\
t\xd1\xd4C5\xe39\x91\xdf\xab\xc6\xd5G\xd0\xf4\x00\
g:\xcc\x8cj\xaa\xe1l\x9b\xa0j\x04q=\x8e\x9b\
s\x12\xdb\xf1^\xcd\xe3\xaa\xa2\x98\x8c\x11izE\x01\
\x85\x13y5_\xb6E\x10e\x0c\xe0>\xc6\x16\xa9-\
\xa3\x8c\xf3\xd9\xc8\x17 \x1d\xe9\x1aa:\x8a\xbf\x04\x0b\
\xb7\xe8\xe6\x12\xe7\xf3\xd8\x89GQ\xc6\x8e\xd6\xb8\xbf\x07\
\x82ZuX\xc4T\x0c\xe1\xca\x0a[\xb6\xe12\x08\x1f\
\xbb\x12\xf0\xa6\x8d@\xd3\x01\xdd\xf3\xe1PK\xddS\xbc\
[a\xddk\xfb<\xab\x1a\xfa\xf0\xab\x07U\xa7\xa2\x8c\
\x99V?\x90\xado\x15?\xf4\xbb\x90\xa39\x0bQF\
a\xc0\x96\x02\x9fz )Pk\xb5\xfe\x0e\xcea\xd0\
o\xfb\xa3\x8czL\xc6%|6\xe3t\x91\x8d\xfc)\
\x5c\xeb!\x8a\xeeH\x17\xf1U\xba\x8b\xe1\x05e\xecu\
\x1b\xb70\xbbN\x8a\x11l\xad\x1a\xda\x13\xedF\x0c\x9b\
u\x0cw0\xb4N2\x18\xebX\x8b\xa2\x8c/\xd8\xbd\
\x11\x04\x1b]\xae\x97\xfc\xe2\xe5\x8a\xdd\xda\x9e\xb90)\
\xd51\x8eA\x96O\xb0\xe7k$x\x92\x8d\x9c\xc0.\
\xf3\xd9\xffm\xb93\xa8\xe3\x1c\xf6\xf4\xe8z\x0e\xd3\xd9\
\xc8WK|\xfd\x7f\xf4\xbb\xe1\x0f\xd3-w\x9d\xcd\xb7\
CG\x00\x00\x00\x00IEND\xaeB`\x82\
\x00\x00\x02\xf3\
\x89\
PNG\x0d\x0a\x1a\x0a\x00\x00\x00\x0dIHDR\x00\
\x00\x00\x10\x00\x00\x00\x10\x08\x06\x00\x00\x00\x1f\xf3\xffa\
\x00\x00\x00\x01sRGB\x00\xae\xce\x1c\xe9\x00\x00\x00\
\x04gAMA\x00\x00\xb1\x8f\x0b\xfca\x05\x00\x00\x02\
\x9dIDAT8O\x85\x93\xddKSq\x1c\xc6\x8f\
\xc7\xbd\x9c\x9d\xe3^=\xdb\x9a[\x0a\xf9r\x91\x10\x08\
\x95`Z`\xb1\xcc(\xa2\x05aQ4\xba\xe8\xa2B\
A\x99\x897\xe1E\xc5\x8cH\x1dI2\xcd\x12Gl\
e-47\xb4\xcd\xa47q3\x0b\x84\xba\xc8\xff\xc0\
\xb0\xae\xb4\xd0\xa7\xefo\xe8p&u\xf1=\xe3\xf7|\
\x9f\xcf\xc3s^\xc6\x01\xf8\xd7\xf0k\xb3\xd5.5\x7f\
\x09\x1f[[wF*+\xe7\x02<\x9f|QT\xf4\
k\xa4\xac\xecw\xc8h\xfc\x14\xa9\xaa\x9ac\xbb\xcd\xfe\
\x8cC\xbc\xae\xae\xeb\xb1^\xbf4Vs\x18\x89\xc6F\
|\xf1z\xf1\xb5\xbd\x1dI\x8f\x07\xd1\xeaj\x04h\xc7\
<\x1b\x99\x0c8`\xd4\xafN\xd5_\xc5lK3\x9e\
\x97\x97c\xd0\xe1\xc0Pq!\xc6\x8f81\xddP\x8f\
\xc9\x8bn\x0c\x88\x9a\xd5\x8d!\xa9\xcb\x14U\xebc\xe9\
\xe7\xce ~\xfa\x14\xbaDa\xa1G\xa1h\x0ah4\
\x8e\xa7:\xdd\x9e\xa8\x9c\xbb\x18\xadub\xc2\xedF\xd4\
u\x02\xcc\xcb\x98t@\x90\xee9TZ\x8c\xc9\x0b\xe7\
\xd1\x91#~\xf7I\x925\xa5\xd3\xef\xa8m\xdb\xb7\xd7\
\xae\xe3\x88\xb9\x5c\x08\xd7\x1c\xc2\xf0\xb1\xa3\x08\x96\x96\x80\
1\xe9\x80\xbe\xc2\xc2\x85g\xfb\xa9rY)|\x0a\x85\
\x87i\x01I\xb2\x8c\xe6\xd9\xe6\x13\xee:\xbcu:\x11\
9P\x81\x1bj%\xfc%;\xf0d\xdf^0f=\
\x80\xef\x94\xa4\xe5\xe0\xc1\x0a\xf8\xf3\xad\xe8\x15E\x1b\x83\
\x87-\xe6\xf9\x99\x93\xb5H\xd0\xb3xS\xb1\x1b\xed\x1a\
\xf5J?\xc7]\xf2\x9b\x0d\xe8\xca\xb7\x801\x8cM\x05\
\xdc\xa1\xc3m\x93\x06=&\x09\xfd\x92\xb4+,\x9b\xe6\
c\x052\xa6\xcdf\xbc\xdb.\xc3Kp/\xc7\x9d\x0d\
p\x9cu0W\x8b\xbbZ\x05\x18\xb3\x1e\xc0uR\x9d\
\x0e#\xd53\x09\x08[\xe4\x9f#\xb2\x80\xf7Tn\x9a\
\x8c^\x15\xbfr\x9f`\xe6\x1b\x90\xa4\x86!K\x0ez\
\xc8\xcb\x18\xa6\xa5\x02\xba\xe9\x81t\x93xO\xc9c\xc8\
.b\x9c\xe4\x0f:%n\x12\xec[\x83\xa9\x995j\
\x97\x17C*\x1e~\x83\x12\x8cI\x07\xbc\xa2W\xd2\xa6\
\xd3-=\xb0\x0a\x08\x92\x147\xabq]\xc8\xc6-\x9e\
o\xf2\x09B\xfe#\xad\xd63V`\xfe\x11\xd7\xa9\x10\
\x22\x0f\xf32&\x1d\xc0\xe6!}\x1cmJ~5\x98\
' Fp,W\x85\xb0\x99\xda\xd8\xf4\x98qh1\
+f\xe3\xa5\x8d`\xf20\xef:\x97\x0e`\xd3K\x8b\
k\x94\xdeG\x0d\x22v\x01\x09\xbb\x06\x9f\x1d\x22&h\
\x06,j\xb0\x1d\xf3ld2\x02\xd8\x84\xa9\x9a\x97\xee\
\xef2\xc7%\x9b\xb5\xda\xe5\x16\x83a\xf9JVV\x92\
il\xb7\xd9\x9fq\xd8b\xfe\xf3w\x06\xf7\x07\xd61\
4\x04$\xd0K2\x00\x00\x00\x00IEND\xaeB\
`\x82\
\x00\x00\x02(\
\x89\
PNG\x0d\x0a\x1a\x0a\x00\x00\x00\x0dIHDR\x00\
\x00\x00\x18\x00\x00\x00\x18\x08\x06\x00\x00\x00\xe0w=\xf8\
\x00\x00\x00\x04sBIT\x08\x08\x08\x08|\x08d\x88\
\x00\x00\x00\x09pHYs\x00\x00\x07\xee\x00\x00\x07\xee\
\x01\xc6>\x9a?\x00\x00\x00\x19tEXtSof\
tware\x00www.inksca\
pe.org\x9b\xee<\x1a\x00\x00\x01\xa5ID\
ATH\x89\xcdU=k\xc2P\x14=\xd1\x8aX\x0a\
F\x03\x0e\xa2\x8b[\x96B\xb0\x82[\x97\xb6\x04\x17w\
W\x11\xa4\xbfB\x7fB\x7f\x82S\xffB;\x14:\x16\
';\x08\x1d:\xb4P\x8a\xd0\xd4)1\xfd\xf4tx\
\x94G\x9aD_l\x87\x1e\x08\xdc\xe4\xdds\xce\xcb\xe5\
\xde\xf74\x92\x84\x02\x1e\x1f\x81\x9b\x1b\xe0\xf3\x130M\
\xa0RQa\x01\xe0\x0a,\x16\xe4pH\xea:\x09\x04\
\x9f\x9d\x1d\xf2\xf8\x98|~^\xa5@\xc6\x1a\xdc\xde\x92\
\xd5jPT\xd3\xc8t:\xf8\xcd0\xc8\xb3\xb3\x84\x06\
//\xa4eI\x91\xbd=\xf2\xe2\x82t]\xd2\xf7\xc9\
\xab+\xf2\xf0P\xae\x17\x0a\xe4\xdd]\x02\x83\xc1@\x92\
\x1b\x0d\xf2\xfd=\x9a\xdc\xeb\xc9<\xdbN`P\xafK\
\xe2\xf5u4\x91$=\x8f,\x95D^.\x17\xbd\x91\
\x90\x81\xe3\x90\xa9\x94 \xd5j\xf1\xe2\xdfh\xb7\xe5f\
&\x93\xf0\xfa\xd6\xcf\xae\xda\xde\x06./\x81\x87\x07 \
\x9f_\xdf\x85\x9e'\xe3l6a\x9b\xae\x83\xe3\x88\xd2\
\x00d\xb1H\xbe\xbd\x85sR\x8a\xe3\x12\x82\xeb\x02\xad\
\x16\xe0\xfb\xe2\xbd\xdf\x072\x99?\xfa\x03\xdf'\x0f\x0e\
\x82\x9d\xf6\xfa\x1a\x9d\x9b\xd8\xc0\xf3\x82\xe2\xbb\xbb\xe4\xd3\
S|~\x22\x83\x8f\x0fr\x7f_\x8a[\xd6/\x8e\x8a\
(\x9c\x9c$\x13Od\xb0\x5c\x8aN\x01\xc4\xe1\xe78\
j<\xe5.\xba\xbf\x07\xe6s\x11w\xbb\x80a\xa8\xf1\
\x94\x0d\xa6S\x19\x9b\xa6*\x0b\x08Mr\x1cf39\
\xa9\xe5\xb2\xba\x81F\xaa\xddh\x9bb\xe3IV\x85r\
\x89NO\x81\xf3s\x11\x1f\x1d\x01\x9d\xce\x1f\x1b\x8c\xc7\
\xc0h$b]W7\xf8?%\xb2my?4\x9b\
\xea\x06_(\x19&\xf1i\xc8\x89q\x00\x00\x00\x00I\
END\xaeB`\x82\
\x00\x00\x0b\xbf\
<\
?xml version=\x221.\
0\x22 encoding=\x22UTF\
-8\x22 standalone=\x22\
no\x22?>\x0d\x0a<!-- Crea\
ted with Inkscap\
e (http://www.in\
kscape.org/) -->\
\x0d\x0a\x0d\x0a<svg\x0d\x0a   xml\
ns:dc=\x22http://pu\
rl.org/dc/elemen\
ts/1.1/\x22\x0d\x0a   xml\
ns:cc=\x22http://cr\
eativecommons.or\
g/ns#\x22\x0d\x0a   xmlns\
:rdf=\x22http://www\
.w3.org/1999/02/\
22-rdf-syntax-ns\
#\x22\x0d\x0a   xmlns:svg\
=\x22http://www.w3.\
org/2000/svg\x22\x0d\x0a \
  xmlns=\x22http://\
www.w3.org/2000/\
svg\x22\x0d\x0a   xmlns:s\
odipodi=\x22http://\
sodipodi.sourcef\
orge.net/DTD/sod\
ipodi-0.dtd\x22\x0d\x0a  \
 xmlns:inkscape=\
\x22http://www.inks\
cape.org/namespa\
ces/inkscape\x22\x0d\x0a \
  width=\x2221.6701\
24\x22\x0d\x0a   height=\x22\
22.767508\x22\x0d\x0a   i\
d=\x22svg19056\x22\x0d\x0a  \
 version=\x221.1\x22\x0d\x0a\
   inkscape:vers\
ion=\x220.91 r13725\
\x22\x0d\x0a   sodipodi:d\
ocname=\x22button_r\
unmain.svg\x22>\x0d\x0a  \
<defs\x0d\x0a     id=\x22\
defs19058\x22 />\x0d\x0a \
 <sodipodi:named\
view\x0d\x0a     id=\x22b\
ase\x22\x0d\x0a     pagec\
olor=\x22#ffffff\x22\x0d\x0a\
     bordercolor\
=\x22#666666\x22\x0d\x0a    \
 borderopacity=\x22\
1.0\x22\x0d\x0a     inksc\
ape:pageopacity=\
\x220.0\x22\x0d\x0a     inks\
cape:pageshadow=\
\x222\x22\x0d\x0a     inksca\
pe:zoom=\x2215.8360\
83\x22\x0d\x0a     inksca\
pe:cx=\x221.3125957\
\x22\x0d\x0a     inkscape\
:cy=\x229.1811147\x22\x0d\
\x0a     inkscape:c\
urrent-layer=\x22la\
yer1\x22\x0d\x0a     show\
grid=\x22true\x22\x0d\x0a   \
  inkscape:grid-\
bbox=\x22true\x22\x0d\x0a   \
  inkscape:docum\
ent-units=\x22px\x22\x0d\x0a\
     inkscape:sn\
ap-bbox=\x22true\x22\x0d\x0a\
     inkscape:sn\
ap-global=\x22false\
\x22\x0d\x0a     inkscape\
:window-width=\x221\
920\x22\x0d\x0a     inksc\
ape:window-heigh\
t=\x221018\x22\x0d\x0a     i\
nkscape:window-x\
=\x22-8\x22\x0d\x0a     inks\
cape:window-y=\x22-\
8\x22\x0d\x0a     inkscap\
e:window-maximiz\
ed=\x221\x22\x0d\x0a     fit\
-margin-top=\x220\x22\x0d\
\x0a     fit-margin\
-left=\x220\x22\x0d\x0a     \
fit-margin-right\
=\x220\x22\x0d\x0a     fit-m\
argin-bottom=\x220\x22\
>\x0d\x0a    <inkscape\
:grid\x0d\x0a       ty\
pe=\x22xygrid\x22\x0d\x0a   \
    id=\x22grid1906\
4\x22\x0d\x0a       origi\
nx=\x22-5.1649393\x22\x0d\
\x0a       originy=\
\x22-8.0531213\x22 />\x0d\
\x0a  </sodipodi:na\
medview>\x0d\x0a  <met\
adata\x0d\x0a     id=\x22\
metadata19061\x22>\x0d\
\x0a    <rdf:RDF>\x0d\x0a\
      <cc:Work\x0d\x0a\
         rdf:abo\
ut=\x22\x22>\x0d\x0a        \
<dc:format>image\
/svg+xml</dc:for\
mat>\x0d\x0a        <d\
c:type\x0d\x0a        \
   rdf:resource=\
\x22http://purl.org\
/dc/dcmitype/Sti\
llImage\x22 />\x0d\x0a   \
     <dc:title><\
/dc:title>\x0d\x0a    \
  </cc:Work>\x0d\x0a  \
  </rdf:RDF>\x0d\x0a  \
</metadata>\x0d\x0a  <\
g\x0d\x0a     id=\x22laye\
r1\x22\x0d\x0a     inksca\
pe:label=\x22Layer \
1\x22\x0d\x0a     inkscap\
e:groupmode=\x22lay\
er\x22\x0d\x0a     transf\
orm=\x22translate(-\
5.1649393,-1.179\
3721)\x22>\x0d\x0a    <g\x0d\
\x0a       style=\x22f\
ill:#d40000\x22\x0d\x0a  \
     transform=\x22\
matrix(0.2384424\
1,0,0,0.23844241\
,415.62948,-1091\
.0347)\x22\x0d\x0a       \
id=\x22g11357-5-8-6\
-4\x22>\x0d\x0a      <pat\
h\x0d\x0a         inks\
cape:connector-c\
urvature=\x220\x22\x0d\x0a  \
       style=\x22fi\
ll:#d40000;fill-\
opacity:1;stroke\
:none\x22\x0d\x0a        \
 d=\x22m -1701.1346\
,4592.8904 c -12\
.2362,8.1421 -20\
.3064,21.9735 -2\
0.3064,37.7729 0\
,25.0961 20.3446\
,45.441 45.441,4\
5.441 25.0964,0 \
45.441,-20.3449 \
45.441,-45.441 0\
,-15.7994 -8.070\
2,-29.6308 -20.3\
065,-37.7729 l -\
7.5261,11.3603 c\
 8.5188,5.7069 1\
4.2003,15.3881 1\
4.2003,26.4126 0\
,17.5679 -14.240\
9,31.8087 -31.80\
87,31.8087 -17.5\
678,0 -31.8087,-\
14.2408 -31.8087\
,-31.8087 0,-11.\
0245 5.6814,-20.\
7057 14.2003,-26\
.4126 l -7.5262,\
-11.3603 z\x22\x0d\x0a   \
      id=\x22path11\
646-8-1-5-7-6-2\x22\
 />\x0d\x0a      <path\
\x0d\x0a         style\
=\x22fill:#d40000;f\
ill-opacity:1;st\
roke:none\x22\x0d\x0a    \
     d=\x22m -1682.\
8162,4626.061 13\
.6323,0 0,-45.44\
1 -13.6323,0 z\x22\x0d\
\x0a         id=\x22pa\
th11654-8-7-1-6-\
0-7\x22\x0d\x0a         i\
nkscape:connecto\
r-curvature=\x220\x22 \
/>\x0d\x0a    </g>\x0d\x0a  \
</g>\x0d\x0a</svg>\x0d\x0a\
\x00\x00\x00\xcd\
\x89\
PNG\x0d\x0a\x1a\x0a\x00\x00\x00\x0dIHDR\x00\
\x00\x00\x10\x00\x00\x00\x10\x08\x06\x00\x00\x00\x1f\xf3\xffa\
\x00\x00\x00\x01sRGB\x00\xae\xce\x1c\xe9\x00\x00\x00\
\x04gAMA\x00\x00\xb1\x8f\x0b\xfca\x05\x00\x00\x00\
\x09pHYs\x00\x00\x0e\xc2\x00\x00\x0e\xc2\x01\x15(\
J\x80\x00\x00\x00bIDAT8O\xed\x921\x0a\
\xc0 \x0cE\x93\x0c\x1e!n\xde1\xa3\x07\xcf\x22B\
[\xf4/\xa2]*\xdd|\x10\xf2!\xf0 \xf0\xf9z\
\xa0\x0d\x04\xfb3G\xf0\x22`\xe6ab\x8c\xb8\xcc,\
\x05!\x04\xa4\x8e\xaa\x22\xcd\xfc\xf3B)\x05\xa9\xe3\xee\
H3\xcb&\x9aY\x93\x88\x08\xd5Z)\xa5D9g\
\x5cGN\x95\xb7\x05D7/%\x1b\x84\xb5\x9e\xcf\xe5\
\x00\x00\x00\x00IEND\xaeB`\x82\
\x00\x00\x01,\
\x89\
PNG\x0d\x0a\x1a\x0a\x00\x00\x00\x0dIHDR\x00\
\x00\x00\x10\x00\x00\x00\x10\x08\x06\x00\x00\x00\x1f\xf3\xffa\
\x00\x00\x00\x04gAMA\x00\x00\xb1\x8f\x0b\xfca\x05\
\x00\x00\x00\x09pHYs\x00\x00\x0e\xc4\x00\x00\x0e\xc4\
\x01\x95+\x0e\x1b\x00\x00\x00\x18tEXtSof\
tware\x00paint.net \
4.0.6\xfc\x8cc\xdf\x00\x00\x00\xaaIDA\
T8O\xed\x92;\x0a\x840\x14Eo\xc64\x1a\x5c\
C\xb6\x90\x95\x08\xf6n\xc5\xde\xb5h\x9b\xdd\x98\x22\x08\
\xd9A\xb00\xc2\x9b\xe882\xc5\x14\xc6n`\x0e<\
\xb8\xf9px\xc5e\xde{\xea\xba\x0eeY\x22\x85\x10\
\x02\x94R\xc04M\x14\xcf\xb7\xa6\xaek\xe2Y\x96\xc5\
\xfc\xa2\xef{\xcc\xf3\x0c\xa2\xed\xfd;\x9csXk\xd1\
\xb6-\x84\x10\x80s\xee4^\xc5\x18\xb3\xffo\x9a\x86\
\x1e\x9b5\x95m\xcb7\xb7\x04\x9f\xfc\x05?+(\x8a\
\xe2H\xb1\x99\x8c\xb1#\x02\xc30\x5c\xae\xf2\xc98\x8e\
g\x95S\xa7\xaa*b\xcb\xb2\x90\xd6\x1ay\x9e\xc7\xbb\
\xeb\xac\xeb\x0a)%\x9e\xee\xde\x87\x83\x87\xf5\xaa\x5c\x00\
\x00\x00\x00IEND\xaeB`\x82\
\x00\x00\x0e\xd5\
\x89\
PNG\x0d\x0a\x1a\x0a\x00\x00\x00\x0dIHDR\x00\
\x00\x00a\x00\x00\x00d\x08\x06\x00\x00\x00\x96\xcb^\x10\
\x00\x00\x00\x04gAMA\x00\x00\xb1\x8f\x0b\xfca\x05\
\x00\x00\x00\x09pHYs\x00\x00\x0e\xc1\x00\x00\x0e\xc1\
\x01\xb8\x91k\xed\x00\x00\x00\x19tEXtSof\
tware\x00paint.net \
4.0.173n\x9fc\x00\x00\x0eRID\
ATx^\xed]\x09TT\xd7\x19\x06\x12M\x93\x93\
\x98\xb4M\xd1\xa4\xb6\xf6\x9c6=M\x9b\x9e\xd3\xc66\
\x15\x11TT\x8cQ\xab5q\x89\x9a(\xcb\xb0* \
.\x11\xe2.\x22\xb2\xb8\x00\xc3>,\x03#\xbb \x8b\
\xb23\x80\x10@\xd9e\x93]\xd6\x11\x10\x1cA\x11e\
n\xff\xfb|&\x08\xf7\x11\x95\x19\x1f\xc8\xfb\xce\xf9\x8e\
\xe7p\xe6\xbdw\xff\xef\x9bw\xff\xff\xbfs\xdfS\x89\
\xc3\x04\x00B\x08\xf3}\xe0l\x05\xf3\x1d\xe0[\xcf\xc9\
7\x80*\xf4P_]@\x90\x98\xcb\xfb\xee\x0d\x18\xb4\
Hz\x0cJk\xda\x0c\xb2\x8a\xea\x0d2\x0a\xeb\x9e\x8f\
\x05#\xfe\x1dFqA-/ \xee\xaa\x96sH\x96\
\x1a\x89\xe7\x08\x7f\xc3\xb4\xf3O\xfd\xd7z+\xe1\x9f\xe6\
\xeb8\xcf\xf9\xcfv\xe7\xdfOB\xfe\x168\x0b\xa8\x8a\
\xb9@\xcfU\xd5\xe8d\x84\xaa :O\xb5\xb2^\xa2\
\x0a\xba\xbfK\x99 \x93\xc9\x94\x81\xbe\xf5\xad]M\x11\
\xa9%M\xfb\x9cc\x9bV\x98y7i\x19\xb9\xcb\x95\
\x0b\xf4]\xab\xd5\xf5\x5c\xaa\x9e\x87j:\xce\x950\xf8\
\xeb\xc0\xd2I\xc8b`\x1a0\x04(\xc0\x04\x0d\x04\x86\
\xb6\x11\x02\xef\xa8\x5cAy]\xbb`hh\xc8\x9c2\
\xa1\xa2\xbe]\xa5\xa2\xae#F\x18w\x15\xf1N\x84\xa3\
\xd5\xbb\x04\x08\x82Gp\x10\xc7\xf1q\x08\xd8\x07\xec\x00\
6c\xce\xd3qn^\xbe\xc3\xaby\xf3\xf7\xa2\xe6\xd3\
\x22qsj\xfe\x8d\x00\xca\x04\x10_\x05\xa6\x8a\x18S\
\xbbH\xd2\x898*\x88\x9b\xac\x03\xd1!\xf7\xcbq\x94\
\x09f\x0eQ*\xc0\x98\xff\xed\xf5'~\x98\xa3b\xa8\
\xae\xe7:\xa4e\xe4\x11K\x99\xb0\xfdH\x88\x0a0\xe6\
\x0bs\x1f\xe2\x879*\x860\xe5\x0fh\xf0\xf8\x11\x94\
\x09\xb6\xbe)*'\x04\xc91[\x0f\x9e'~\x98\xa3\
b\xb8\x90\xc7/\x5cm)x\x9c\x98\xe3\xb3*\x94\x81\
^{\xce\xc5v\xab\xeb\xbb\x12\x0f\xe0(W\xe2\x84-\
Yf\xe2yv\x9fs\xdc\xdf(\x13z\xa5\xf7\x95{\
\xa4\xf7\xbe=}>#m\xed\x1e\xbf\x81y\xdb\x9de\
#\x0ez\x8a0\x97\xa1%\xc6\x1e\xe8\xf3\x9d^\x1cG\
p\xa9\x89'\xd2\x18\xfb\x8b\x8c\x0d\xb8\xb7@\x9f\x1f\x0d\
\x1a\xae\x04\x13\x1e7\xa2\x0f\x06\x1fa\xaaB\x93e\xee\
 L/\x82d\xf1\x08>\xc8h\x84\xee\xb1\x10\xe4\x1f\
\x9b\x8f\x0a*\x9bQQu\x0bG\x9a\x85U\xcd(*\
\xbd\x0c\x99;F\x13u\x03bM\x1f\x00+\x17\x1a\xb8\
m[\xff\x9d\xf0}\xca\x80\xe1\x90tI\xffqQ\x5c\
\xe6\xb8\xf7\x5cl\x97&\x8f\x8f\x8d \x9d\x08\xe1*\xca\
5\xf4\x0a4{T\xa7\xcdq\x18\x83\x13\x8b\xd0\xb7\x87\
\x18s+\xd6T\x02\x8d\xab\xcd\x7f-}\xff\x5cP\xd9\
B+?\x0cp\x927\x0b\xabZ\x96\x86%\x17\xc7o\
\xb4\x0a\xec\x83\xee\x8et\x22\x8a\xdf\x1e\x0eFqW*\
\xe0\x10\xf2`\xa6\x22\xf3\xca\x1a\x11\x94\xfaH]\xd7\x85\
\xa8\x19\xb0\x17\xaa\xa1\xcbz\xc7B\xe7B\xc7\xfc\x06-\
\xfb\xd3\xc0'\xea\xee\xed\x9b\x91\x96_\xb3\xfc\xb4(\xa3\
\x16\xf2\xc3C\xc2\x89(j\x1a\xf0\x91!t\xd7\x15\x0d\
\x1dp\x18yPS\x8d\xd6\xfcKH\xdb\xd4\x93\xa8\x17\
\xf0\xa1\x86>\xbf\x80g\x13\xb6\xc1\xc2)z\x06\x98@\
\xabN\x00\x9cL\xb9\xaaA\xf2\x81\xb8\xa0n\xef\x0e\xfb\
\xa8\x9a\xe5\x90l\x08'\xa4\xa8\xbd\xc3\x0b\x1d\xf1JD\
u\xcd]p\x18y`S\x85 *Z\xb3\xdb\x8fq\
\xb9\x07\xaf\x9bA\xe2\xb65\xb4\x8d\x98\xf5c2\x1e\x0b\
p\xd2i]\xbd\xfd\x7f\xf5\x8a\xca\xe5\xeb\x1e\x0dm\x80\
\xfc@<\xb1\x1a\xdcv\xabv\x09PHb!j\xbd\
\xd5\x0b\x87\x91\x07\xf8\xaa3\xf1\x87*\xb4\xf5\xa0\x08\x0b\
M\xd2\x09'\xe3\xdb\x90\x88\xfd\xd6[\x09\xe7C2~\
\xf6e\xf9\xce\x9e\xbe\xd7:\xba\xa4K\xed\xfc\xd3\x82\xe1\
\xc0^\xfad\xa4\x8b c\xbbH\x14\x9a\x5cLUK\
S\x8d\xb1\x99\xe5\xe8{\xb7Kh\x1e\xf9\x0e\xc0\xe5\xe8\
 \x98\x93\x01\xb3\xc6\xe6\xa4\xdc\xaa\xd7iy\x9f\x1dp\
7L\xcf*\xae\xdfb/L\xcfZd\xe4\x86\xf3\x03\
\xd1\x08\xdc7h\x19\xbbS\xf3\xe1T#\xee\x97 \xd9\
\x8e\xd2\x84\xe6#0G\xb2f\xb7\xaf\x99}@\xda,\
Z\xd6\xe7Gu\xa3dv@\xdcU\xcb\xfd\xae\xf1\x12\
\x0d\x9e+c\xd9\xcaq4\xc1\x00\xe9\xba\xbd\xfe.\xc6\
\xb6\x11\x9f\xc6eU<\xff]\xf0\x040\xe7\xa9\x5c\xce\
\xae\xfc\xa7\xd7\x85\x1f\xdc\xb7\x1c\x10uB~`\xac\x98\
8\xfeDH\xd0\xd2e\xa6\x9e\x19\xc6'#\xb5O\x05\
\xa4?\xfe\xf5l<\x00#~\x91\x92w\xe33;\xff\
\xd4\xb4\xd5\x96\x82;\x0c\xf3\x1f\xc7\x9f\xf8\x00\xbe\xac\xd7\
\xb7\x1f\x09\xb1\xd4?\x1e\xf6+Z\xc6\xf1\x01W\x00m\
\x9dw\xde-\xbd\xd1\xb6Y\xdf&\xac\x14\xe6A\x9cp\
H\x17\xe7\x08ys\xbe\x9eK\xc7R\x13O_(E\
g\x1e\xf5NR\xa6e\x1c?\x1e\x0c>z\xadE\xd2\
;[\x18\x7f\xed\xe0\xf6\xc3!e8\x19\x13\x060\xd5\
\x89\x0b\x97\x81\xc5F\xeeQ&v\x91ZN\x81\xe2\x17\
\xcf\x03L\x80\xbbA\xa5E\xd2\xf3\xe9\x09A\x0a\x7f\xa3\
U`+}Q\xd2`\xa6*\x87\xb4\x8c\xdc\xafn\xb0\
\x12\x1a\xe7\x965\xcd \xae\x0d\x8d\x17`\x82R\xb3\xa4\
G95\xbff\xf51\xef\xa4\xd8\xa5&\x1e\xf7\xe1\xc2\
\x8cF\xcc\x03.3\xf1@\x9b\xac\x02\xd1\xe6\x03\x22\x04\
\x89}Rr\xf3\x81 \xf4\xf9No4\x9fyM\x08\
s\x08\xfa\x81\xceo\x0e\x89\x8e\xb9\x85g\xff%\xbb\xa4\
\x81VMA(\xabm\x7f\xd7-\x22G\x07\xca\xd6\x06\
\x98\x96\x18\xfb\x07\xe8\x12\x915?\x1e\x15W\xb7N\xea\
\x8e\xba\xbe\xa5\x0b9\x04\xa6\xa3\x15f\xde\xa3b\xa4)\
\x83/\xdc\xfd-\x07E\xe1f\x0eQ\x9a\xdeQ\xb9\xf2\
\x9f\x86F\x02\x0f\xec\xa2\xf8\xfa\x1f\x9dD\x19\xfbaZ\
\x92h\xe8SF\x8c\x1a\x9c\x9a\xae3\xb4\xf3\xe7Q`\
\xfc58\x84\x1c\xe0d`Rn52=u\x81\xb1\
)\x83j\xb1\x1f\xca\xd12\x9eM\xd8\x97G\xbc\x12\x7f\
M\xcb\xa4x\xc0\xe0\xa6E\xa4\x96|r\xc4;\xe9\xfc\
J\x0bA'\xd3\xad\xba\x08\xee\x06\xa8\x95Q~\xf9M\
8\x84\x1c\xe4D\xe6\x8d\xa6[\xd4\xb2\xc4\xf2\x1d\x8c\x0b\
\x99\x0f\xe1KX\x07\xd3\xd6Q\x0b\xa7\x8b\x1fJ\xfb\x07\
h\x85^\x02\xf0\x00;\xba\xef\xbe\xdd\xd8v[\x9bg\
\x13\x9e\x05%\x19\xde\xe4D\x1a$\xe4\x05O\x049\x04\
\xd5\xdc\xec\x84\xc3\xc8\xc1ND\xe2)\x14\xaf\x8e\xae\xb4\
`\xde\x85\x02_\xbe\xae\xcfwz\x85\xa7_\xab\xf9]\
\xf1\x8dV\xc5OC#\xd1\xd5\xdb\xaf\xdc\xd4~\xfb\xcd\
K\xd9\x95\xbco\x0e\x05\xe71-\xe3\xe2\xe6n\x89\xb1\
;\x12\xc6_E-\x1d=\x10\x1f9\xe8\x89F<\x0d\
\xe1Ub\xbcZL\x8a\x0b\xf3\x0bs\x9fd\xe7\x90\xac\
\x95\xe2\x82\xda\xd7\xab\x9bn\xd1\xca\xbcd@\x92V*\
\xadi\x9bs\xd4;\xd1\xe6kkQ-\x0c\x8c\xd8\xc8\
a#\xb6\x1d>\x8f\x12r*!>r\xd0\x13\x89P\
b\x22\xcb31cUDC\xab,|J\x0cm\xc3\
\xf7\xc6d\x96\xff\x86\x96\x83=\x84\xa7\x94(\x85$\x15\
i@\x87\xe8\x07\xf9A\x0a\x95\x02\xd1\x08\xe8$\xd1A\
\x8f\x04\x94\x7f\xbd\x09\xe2$\x07?\x11X\xd5 Ag\
\xcegP;'Hq\x00\x1fAC\xd6\xb9\xedp\xf0\
\xd9S\x01is\xed\x03\xd2i%XF\x8f\xf4\xdet\
\xc7 \xf1\xba]\xa7\xa3\x8b4y\xfc\x01\x18(\xd1\x08\
\xe8-\x90\xbd0\x1db%\x0b0\x11\xe8\x1b\x93\x8f\xd6\
1o\x09\x1d\x9a\xaf\xe3r\x7f\x93u`\xba\xd1\xc9\x08\
\xedk\x95-\x13\xe7\xd9\x09<x\x98CU\x8f\xfb$\
o]\xbb\xc7\xafq\x81\x9e\xeb !\x00jZ\xfa\xda\
:\x08\xf9\xc7\xe5\xc3!d\x11\xd8d2\xe4\x01\x13\xbb\
H\xc6i\x08\xee\xf2A\xe8\x8a\x9b\xcd\x1c\xa3\xb6B\xe9\
=z\xcb\x0a\xdb\xc0\xebKA\x97\x0b>\x82Z\xd9\x11\
:\xccV5\x1d\x17b\x13\xb7\xc8\xd0\x8d\x0a\xf4JQ\
\x1d\xc4M\x16\x83\x0d\x96\xd7u@sy\x89\xfa\xed\x9c\
4n\xa0\x0c\xee\xf2V\x18\xbb\xa3SP\xc6Gm\x9d\
w^\xa3C\x9fX\x80\x81\xbd\x95W\xd6\xa4\xaew,\
,|\x89\xb1\xc7-B \x14\xa1\xb9A\x87=\x13P\
u\xa3\x04\xe2'\x8b\xf22\xd9\x22\xe9E\xee\x119h\
\x95\x85\x808^L0\xe0\xf6W\xdf\x05\xc4F\xa5\x97\
\xa9\x15T\xb6\xbcI\x87<1!.\xa8\x9b\x96\x94{\
c-L;\xc9P\xb6\xe2\x1dg\xc4;\x02\x82B\x90\
\xd0A\x03\xb20/\x93P\xe7\xa3\x95\xe6>\xd4tI\
\x18+^\x96\x18\xfcr\x9f\x7f\x9eGD\xb6!\xe3\x9e\
\xa1\x89\x040A)!\xa7\xea\xbd\xa3\xde\xc9\xbb\xa1\x93\
\xc4\x8f\x0d\xe1$=\xca\x08*?|\x1f\x84\xe2\xb3\xd9\
\xddD\x96[\xdaDM\x8f\x0c\xcb\xf3x\xdc\xb2u{\
\xfc\x9aw\xd8_\xb0\xf3\x8d\xc9S\x0d\xbctM~\xbf\
\x11(\x12^\x17r1?1>\x19\xe9\x08e+\xe3\
n\x8d\x05<W\xb4\xdf%\x0e\xf2C=\xe8A\x16I\
\x91,\xafkGP\xd5QU\x1bi|@\xd9bC\
\xf7{P\x8e\xfa9\x04\xa6k^\xce\xa9\x9c\x1c\x06<\
\x01\x04\xa9\xb2\xf7\x5c\xdc\x12\x9dc\xa1q0\xf5\xdc\x85\
\x80\x88\x1b\x05V\xec\xf4FN\x81b\xd4\xd0\xda\x0d\x87\
\x90\xc5R\x14\xf1\xc6\xe6\x0dV\xc2QczB\xb8[\
\x1fm\xd8/\xcc\x83\x1eh\xa3\xb4\x7f\xe0m:\xb4\xc9\
\x85\xcc\xa2\xfa\xb7\x0fy$,\x83\xba\x1b\xff\x1aw\x8f\
\x14(\xe6\x96\x83\x22\x04\xb79\xe8B\x16K\x11\xc4\x9b\
\xb6\xa0\xd6g\xca\x03\xf8\xef\x0f\x97\x98xt\xc3\x1d`\
\x9e]\xd20\xe7\xa5.\xce\xc9\x13x})8\xb1\xf0\
C\xe7\xd0,\xcbe\xa6\x1e\x0d\x90\xe0\x18\x93\xb4\xc1\x89\
0$.\xa8\x05}\xc8\xa2\xc9\x93\x15\xf5\x1dh\xcf\xb9\
X\xb4\xc4\x88y\x1a\xd22v\xef\xb4\xf5M\x11\x06\xc4\
_\xfd{u\xd3\xaditH\x93\x13e\xb5\xed\xd3\xe1\
\x8e\xf8\x98w\x22\x8c\xafe\xec\xd1H\x08\x98\x22^&\
\xc0uze\x83b\xcbV\x5c\x8e\x9e\x0b\xce\xa4\x1e\x15\
&\x8d\x03s\xa9\xb1\xc7]\xddc\xa1\x99a\xc9\xc5\xda\
\xf1W*&\xe744\x12\xc1\x89E*\xc2\xf8k\x8b\
7Z\x09\xc3\x17\xf2\xf8=\x10(\xf1\x8e\xc0\xfd\x03~\
\x9e\xfa\xa6\x02W[\xf1\x96\xfe/\xf7\x050u\xc5\xb2\
\x05\xfa\xae\x0f7Z\x05\x96C\xc2>\x10\x91Z2\xf1\
\xcb\xd1g\x05\x98\xa0\x04\xcd\xd0\xb4\x03\xee\x97\xf57Y\
\x07\xe5\xe0\xf9\x16\x07<B\x00j~\xc6\xeb6qY\
\x8a)[sJ\x1b\xa9\x07\xe6\xc7x6O\xb6\xc6\xd2\
\xef\xb6\x99C\x94Wqu\xeb\x9c\xba\x96\xae\xc9U\x0d\
\xfd\x1c\x1c\x832\x94\xce\x86d}\x08I\xd8j\xf9N\
\xafN\x08\x98\xb8\xc8\x87\x9f\xf9\xda}&\x06e\x15\xca\
\xb7l\xbd\x0e\xe5(^<\x84)q\xd45\x9fP\x83\
\xc7\x1f2\xb2\x8d\x88\x0cK.Z\x01\xd3\xd6t\xfc(\
\xd9+\x07\x1c\x14T$s\xa1\xfdw\x81\xdb\xbe\x1b\x02\
'\x96\xad\xf8\x99j\xfc\xe3:\xfeyq\xa4\x98/\xc2\
\xb6\xce^$\xb8\x98\x87\xa0\xdc\xa4v\x81\x90\xae\x89\xcb\
Q\xbd\xe3a\xc5NAb\xa3\xb6\xce;\xaaxw\xc9\
+\x8b\xfa\x96\xae\xe9;\x1d\xa2>\xfb\xc2\xcc;\x1e\x02\
\xbfC\x12\x04s3t\xd3\x01P\xc7\x8f\x14\xf4Ex\
)\xbb\x12\xaa\xafp\xe2u0\xd5t\x9d\x1f\xae\xb2\x10\
t\xb9\x87g\xdb]-\xbf\xf9\xc9\xe3\x91\xbe\xc2\xc0\xdf\
0\xd1\xe5\xc2wN\x05\xa4/Y\xa0\xef\x82\xdf\x84B\
\x5c\xf6V\xd3qA\xdb\x8f\x04\xa3\xfc\xeb\xe3\xdb$\xd0\
\xd8\xd6\x8d,\x9c\xa2\xd1B\x03\xc6-\xec2(\x08\xee\
:\x08\xd3\xd2\xfd.\xe6\xfd\xbb\xbc\xae\xe3\xe5\xffV\xcc\
\x06\xc4\x05u*>\xd1y\xefA\x12^\xa3\xa6\xeb\x92\
\x89\x85\x18!\x0cEh\x96\xa8\xfc0\x9e\xd5V;\xff\
\xd4a?\xd6\x9f\x1b\xc6\xc7\xd7\xd06\xf5|\x00S\xe4\
\xf5\x90\xc4\xa2\xaf\x92~\xa8\xfa%=\xc4\xa9\x01~x\
\x8e\x92\x93(s\x86\xa6\x81\xdb6\x10#\x158\xbaZ\
\x02\xe2]|'|S\x90gd\x0e\xcc\xeb\xb9\xcfL\
\x9f\xe8\x5ctF\x94\x81\xa0\xdaA\xea\xbaO\xaa\xa1\xa7\
M\xc0\x8f8m\xb0\x0a\xacu\x09\xcd:UT\xdd:\
\x0bL{\xf5\xdf2F\x82\xb1\xdd\x8574\xf4\xf9\x16\
\x90\x1f\xf0\xfa\x12\xf1\x8e\x90\x1f\x9f2A\xb6\xda\xd2\xb7\
w\xcf\xd9\xd8\x90\xce\xde\xbe\xb9\xd2\xfe\x81\x89\xf9#\xcd\
\xcb\x00\x98\xa0\xb4z\x97\xefz\x98\x16\x9e\xe4\x07\x05\x1a\
\xf1\x93\x09\x9a<\xbe\xcc\xca5>3\xb7\xacq\xdb\xad\
\xdbw'\xf7\xb2\x84<\x00\x89\xf3\x0f\xeb\xf7\x0bwC\
\x17\xdb\x06b\x11\x13\xb5<9_\xcf\x15Y\xf1/\xc9\
\xa2\xc4e!\xb7\xef\xf4/\xea\xe8\x96\xd2#\x99\xc2(\
\xabm\x9f\xa6o\x13\xfa\xb1\xba\x9e\xcbq\x10\xa9}\xa4\
h\xf2&\x14\x03\x03\xc7}\x92\x83\xf3\xca\x9a6@\x1e\
\x98M\x0f\x83\x03\xcf&L\x19\x04\xfa\x00X2\x5c0\
\x05Q\xaa\xae\xe7\xba\x18LP\xc1\x15\x14\x87a\x00q\
f\x02qn \x09'OJ\x81\x9a\xf4e9\x0c\x07\
\x08\xc3\x99\xc06@\x981M\xc0\xaf\xb1\xb1\x17\xa6=\
\x13\xcd\x1d\xa3\x18\xd7\x89\x80\x9c\x09L\x00a\xc64\xe1\
y\xde\xb3\x94\x9cW=\xd6\x8ej\xce\x04&\x800c\
\x9a\xc0\x0f{v\x13R\xf3op&\xbc\x08@\x18\xce\
\x04\xb6\x01\xc2p&\xb0\x0d\x10\x863\x81m\x800\x9c\
\x09l\x03\x84\xe1L`\x1b \x0cg\x02\xdb\x00a8\
\x13\xd8\x06\x08\xc3\x99\xc06@\x18\xce\x04\xb6\x01\xc2p\
&\xb0\x0d\x10\x863\x81m\x800\x9c\x09l\x03\x84\xe1\
L`\x1b \x0cg\x02\xdb\x00a8\x13\xd8\x06\x08\xc3\
\x99\xc06@\x18\xb9\x9a0\xc6\xabr8\x13\x98\x00\xc2\
pw\x02\xdb\x00a8\x13\xd8\x06\x08\xc3\x99\xc06@\
\x18\xce\x04\xb6\x01\xc2p&\xb0\x0d\x10\x863\x81m\x80\
0\x9c\x09l\x03\x84\xe1L`\x1b \x0cg\x02\xdb\x00\
a8\x13\xd8\x06\x08\xc3\x99\xc06@\x981M0=\
\x15\x89D\x09\x85\xcfD\xfc\x92t\xfc\xc2\x12\xd2y\x80\
\x9c\x09L\x00a\xc64A\x8e\xe4L`\x02\x08\xc3\x99\
\xc06@\x18\xce\x04\xb6\xb1\xc8\xd0m\xe6\x22\x03\xb7b\
\xfcr\x91\x11\xa2\xc9\x95\xf3\xc0\x04 g\x02\x09_[\
\x07\xcd\xdcd\x1dX\x8c\xffCU\x92x\xf2 \xfe\xcf\
6\x96\x9axH\xb5M\xbd8\x13H8\xe9\x9f:\xd3\
\xd67\xa5\x18\xbf\xa3\x8e$\xa0<\xa8e\xe4\x8e\xcc\x9d\
\xa2\xa5{\x9d\xe38\x13H(\xadi\x9bYX\xd5R\
\x8c\xdf\xfa\xb5v\xb7\x1fQ\xc4\xf1\x10\x1b\xb0\xc3\xfe\x02\
J\xc9\xab\x96\xe6\x946r&\x90\xf0`\xf0\xd1\xfb\xf7\
\x07\x06S\xb2\x8a\xea\x1a\x9d\x82\xc4\xb5\xbb\x9c\xa2\x19i\
A\xf8\xdb\xcf\xf1\x90GBmpBamgO_\
I\xdf\xbd\x81\xcf\xe8\xcbr\x18\x0e\x99L\xf6\x1e\xd0\x1b\
\x18\x0d\x0cS \x03\x80\x1f\xd3\x97e\x19JJ\xff\x07\
\x0c\xe1\x95Fq=\x1dQ\x00\x00\x00\x00IEND\
\xaeB`\x82\
\x00\x00\x029\
\x89\
PNG\x0d\x0a\x1a\x0a\x00\x00\x00\x0dIHDR\x00\
\x00\x00\x10\x00\x00\x00\x10\x08\x03\x00\x00\x00(-\x0fS\
\x00\x00\x01\x17PLTE\xff\xff\xff\x80\x00\x00\xa8\x00\
\x00\xad\x00\x00\x87\x00\x00\x8a\x00\x00\x91\x00\x00\x98\x00\x00\
\x9c\x00\x00\xaa\x00\x00\x80\x00\x00\xa8\x00\x00\xaf\x04\x04\x9c\
\x00\x00\x87\x0e\x0e\x8e\x00\x00n\x00\x00m\x00\x00j\x00\
\x00\xa2\x00\x00\x96++\x7f\x1e\x16\x82$\x1b\xd2xu\
\xc3JI\xc9`]\x9d\x1f\x1c\xbf4*\xc5G?\xa4\
\x1f\x13\xa4\x1f\x15\xa4!\x1a\xa4#\x1e\xa5\x1e\x12\xa6\x1e\
\x10\xab$\x17\xaf'\x1b\xb31&\xb3+\x1f\xbeJ?\
\xc3J@\xc8LC\xcaVL\x80#!\x81#!\xa1\
>4\xb2C:j#\x1fj# {<2Y!\
\x1c[!\x1b\xbd\x00\x00\xbe\x00\x00\xbf93\xc1\x11\x0a\
\xc233\xc2MH\xc3::\xc592\xc6\x12\x0c\xc7\
\x12\x0c\xc9>>\xcbD?\xcbNJ\xccFF\xd0\x00\
\x00\xd0\x12\x0c\xd3VV\xd3WT\xd3e`\xd4b^\
\xd6`]\xd7ca\xdb\x13\x10\xdb\x14\x11\xdf\x13\x0f\xdf\
\x14\x12\xdfha\xe3\x00\x00\xe5/*\xe50,\xe52\
-\xe52.\xe5sq\xe6mm\xe6vu\xe9\x8d\x89\
\xef\x14\x12\xef\x15\x13\xef\x89\x87\xf0\x8d\x8a\xf5\x00\x00c\
\x8eA!\x00\x00\x004tRNS\x00222H\
HHHHHIIIJKOPQR\xd0\xd7\
\xdd\xde\xe4\xe6\xea\xf2\xf4\xf5\xfa\xfa\xfa\xfa\xfa\xfa\xfa\xfa\
\xfa\xfb\xfb\xfb\xfb\xfb\xfc\xfc\xfc\xfc\xfd\xfd\xfd\xfe\xfe\xd5\
n\xdeb\x00\x00\x00\x9dIDATx\x01c \x0a\
0K\xf2\x80(\x1eqf\x08\x9fI:J\x8b\x93\x81\
\x81[3Z\x86\x09, \xec\x17\x1a\xa6\xc1\xcb\xaf\x17\
\x12\x1a.\x0c\x16\xe0Psu\xf1\xd45tw\xf1P\
\xe7\x80\xe8aW\xb1\xb7s\xb0ttSe\x87\x99\xca\
\xa6lmae\xa6\xc4\x06\xb7\x86U\xd1\xdc\xc4\xd4\x5c\
\x91\x15\xc6g\x91uv\xb2\xb1ur\x96c\x81\xf0\xb9\
\xe4}\xfc\xbd\x8c\x8d\xbc\xfd}\x15\xf8\xc0\x02\xa2\x011\
\x11\xfa\x02B\x06\x911\x81\x22`\x01F\xa9 m\x01\
\x06\x06!\x9d`)F\x06\x88\x88\x98 \x88\x12\x92\x00\
\xf1\x09\x03\x00C\xb3\x13k\xbd\xf5+\x11\x00\x00\x00\x00\
IEND\xaeB`\x82\
\x00\x00\x06\xfc\
\x00\
\x00\x1e\x0bx\xda\xedYM\x8f\xe36\x12\xbd\x07\xc8\x7f\
P4\x97i\xc4\xa4\xf8-\xd2\xb1;\x87\x1d\x0c\x10 \
\xb9\xe4\x039.dImkG\x96\x0cIn\xbb\xe7\
\xd7\xa7HJ\xb2\xdc\xb6{\xb2\xd9\xd9A\xb0\xdbm\x18\
2Y\x8fE\xb2\xf8X|T/\xbe?n\xcb\xe01\
o\xda\xa2\xae\x96!\xc5$\x0c\xf2*\xad\xb3\xa2Z/\
\xc3\xdf~}\x8ft\x18\xb4]ReIYW\xf92\
\xac\xea\xf0\xfb\xfb\xaf\xbfZ|\x83P\xf0\x8f&O\xba\
<\x0b\x0eE\xb7\x09~\xa8>\xb4i\xb2\xcb\x83\xb7\x9b\
\xae\xdb\xcd\xa3\xe8p8\xe0\xa2\xaf\xc4u\xb3\x8e\xee\x02\
\x84\xa0)4n\x1f\xd7_\x7f\x15\x04\x01\xf4]\xb5\xf3\
,]\x86}\x9b\xdd\xbe)\x1d6K\xa3\xbc\xcc\xb7y\
\xd5\xb5\x11\xc54\x0a'\xf8\xf4\x84O\xed\x08\x8a\xc7<\
\xad\xb7\xdb\xbaj]\xd3\xaa}3E7\xd9\xc3\x08\xb7\
C:p\x87\xa2\xc6\x98\x88\xb0\x881\x04\x08\xd4>U\
]rD\xcf\xda\xc28\xaf\xb5e\x84\x90\x08l\x13\xe8\
\x9f\x84\xcd[\x88\xec\x0e\xbe#~\xa8\xc0m\xbdo\xd2\
\xfc\x01\x1a\xe6\xb8\xca\xbb\xe8\xdd\xaf\xefF#\x228\xeb\
\xb2\xa9\x9f!\xb0g\xfd\x9eE\xbbJ\xb6y\xbbK\xd2\
\xbc\x8d\x86z\xef\xe0Pd\xddf\x19r\xb6;\xfa\x8a\
M^\xac7\xdd\xb4\xa6\xc8\x96!\x0c\x9c\x1a\x22\x95\xaf\
\x990\x84\xf6\x98\xde\xe9|4\x11,4\x16Ac\x0c\
7\x1e3\x8c\x7f\x9e\xd5\xa9\x1d\xcf2\x5c\xed\xbb\xae\xae\
\xfe\x99&U\x9a\x97\xab\xa4K7\xd8F\xe8\xde\xc2\x17\
Y\xfe\xd0\xbav~\x04\xb6h\x87\x00\x0c\x8c<`\xf4\
g\x9de\x8fE~\x98\xc0WI\xdb\xcf0\x08v\xc9\
\x1a8Q\xd6\xcd2|\xf3\xe0\xfe\x06\xcb\xaan\xb2\xbc\
\x19l\xca\xfd\x9d\xdbj\x08Z\xd1=\xf9\xcd0\xf8\x1f\
&k\x1d\x8f\x00r\x03\xd0n\x92\xac>,Cva\
\xfdX\xd7[p,\xb1\xe6\x8ah~aO\x8f\xce*\
\x0d\x13\x5c]Z\xed\xa0\x0c\xe6D\x19!/\xad\xfb\xa6\
\x81\xfd\x82\xca\xe4)\x87\xb9\xb9\x07\x1dP\xed\xa6>\xac\
\x1b\x1b\xa6\xae\xd9\xe7\x17m\xad\x09\xadV\xf5\xf1\x86\x1d\
\xd6oo7#\xdaWE\x07d\x1f\x882\x81\xb4U\
\xb2{\xc9\x85\xb3\xaf\xcbz\x95\x94\xcb\xf0!)\xdbK\
\xc8\xa1\xa8 n\xa8'\xa8\x11\xe2\x16b`,%\x84\
\xdd\xc2\xc08\x8c\x22\xb7\xacv\xf5n\xd9\xb6\xc9\xb1\xd8\
\x16\x1f\xf3\xccb\xee=hq\x16\xaa\xbea\x10tO\
v\x0b\x1e\x9fle8\xd6\xda0\xdb\x1a \xaf\x12#\
y\xa3K\xf6z\xc36\xef\x92,\xe9\x92\x09\x97\x87*\
\xeb\x81\x8ec\x80D5\xff\xf9\xdd\xfb\xfb\xa1\xa3E\x9a\
\xce\x7f\xaf\x9b\x0fc\xc7A`!\xc9\xaa\xdeCp\xc2\
\xfbS\xfd\x22K\xe7\x90Z\xb6Iw_l\x81\xa16\
-}\x0b\x99d\x11\x9d\x0c\xe7h;\xb3\x89_\xef\xb9\
\xc9}\x96\xba\x9a\xaf\xb3t[\xd8V\xd1/]Q\x96\
?\xd8n\x86\xb9O\xdc\x16]\x99\xdf\xbbn\xfd\xcfq\
.Q?\x99a\xb2\xd1t\xb6\x8bh\x88\x88/\xae'\
\xb1:'\xfa\xb8Ne\xb2\xca\x81i?Zk@\xaf\
0\xbe\xde\xef\xb6u\x96\xf7\x0e\xc6 \xaf\xcf\x97\x91r\
\xa1\x15\xa2\xc8 \x81\xc8i\x89\xdb\xee\xa9\x84\xa6\x0f0\
\xd3\xf9\x1bM\xec\xe7;[@}r\x98\xd3\x13\xb6k\
\x92\xaa\xb5A\x86uM\xba\xa68\xbe%3\xc8\xe8<\
f\x8a3\xc3f\xd3\x9f3d\x84\xc1T\x0a\xa9gL\
0\xac(#\xf2\xee\xb4\x94\x8b]\xd2m&\xeb2\xf1\
\xed~\x96p \xbf\xe5X\xc6\xd4(!g\x88c\x01\
\x07\x9d\x89\xe3\xbbp\xd2\xca2,\x901$\x1a-4\
\x9f1\xa9\x04\xf4\xa9x\x90\x06d\xc61e\x82\x06\x88\
a\xc9\x99R3\x89\x95T:@\xfe)\xc7\xb2\xc3\xc1\
\x90\x07\x8b\x9a\xf9&\xf1\xa4\xa2\xc7\x92Y\x8f\x0e\x06\xa7\
\xdeb\x82s\xa4\x09|\xe7\x06\xbc\x0e\xdd\xf5>\xcfz\
7\xc1\xc7\xe9t\xc6\x8d\xd5\xc0\xb6\xee\x81<\xbe\x8e8\
~\x0aa\x93\xec\x10\x10v\x1da}(\x83\x0d\x8b\x8d\
\x9e\x22,a\xec\xfa\x00g(C\xfeC\xcf\x5c|\x92\
5\xdf\xb5]S\x7f\xc8\xe7\x15\x88\xad\xab\x9d\xfb\x8c\x93\
4\xe9to\xfd\x9b\xac\xa0\x0a3.a9^I\xf1\
\xa5I\xa1!\x91(D\x90\xf8\x1b\xd2\x82Klb\x22\
\x89y\xa5\xc5\x17\xa7\x05AD#\x09\xe4\x90\x7fCb\
H\x89\x81\x17\xf1\xeb!\xf2\xe5\x89AQ\x8c8|\xd5\
\x7f\x9f\x16\x8bh}\xa9\x81\xaeh\x17\xac\xb5\x221a\
\x10_\xfb9\x15u\xcc\xb0\x11LiXC\x05*\x06\
\x92\x89\xbe{\xa6\x8a\x8d\x8a%$A\x06L\x8f!\x0d\
\xda\x13\x12&\x87\xe2\x89\xc2Y\x7f\x8a\x98\x88jmo\
AlF\xa5\x8c\xb1\x16\x92\xde=\x8f\xe0\x9aR*\x09\
\xec(\x0a_\xdb\x07s\xbdr(\xfd\xc5\xd4;X}\
q\xa2\xf3\xa6\x0a\xf7\xd9\xbe\xfa\x0f\xfc\xbbK\xd0\x9c\x0f\
\xc5\xb2\xa8r\xd0\xads{\x7f\x9e\xd6\xfd\xab.\xaa9\
\xe8\xee\xbc\x19j]\xa1\x84\x0bL7\x17\x17\x83\x1d*\
\xb2\x04\xee\xa8M\x93<]0\xa4\xdf\xd7\x861\x0cw\
P\xc3gTHce(\xb5\x1b\x90\xc1n?G\x8f\
t\xa5pQw\xc7\x9b\x14\x10\xee\x18\xe4\xb2\xb2\x0b\x0b\
\x0b\xa0\x9e\xb5\x18/\xacu\x05\x93\xea\xea\x06\xc1\xd5\xf5\
1\xe9\xf6Mno\x5c\xe7w\x86\xff\x9d\x88\xda[\xbf\
\xd2 \xf2!\xa216D\x04\x94\xe1X\xc2\x15\x16\xe2\
\xca0\xd1\x5c\xbf\x14Z\x0e\x1f\x1b^\xbbq\xb4U\x10\
@g\x82\xf8kl\xc3\x9f \xb6\x143\xc2\x88\xb2\xb1\
\xe5 nc\x16\x18\x0e?4\x5c\xa3\xa8\x10\xf6\xcdT\
\xfcrp\x99\x0b\xad\xcd\x16\x1chkC\xab\xacT{\
\x0d\xaf\xa5.1p\x8d\xe4Z\xd8X*`1\x833\
\x182\x01!\xd4\xe6\xfa\xfc<\xa5^\x8b\xad@\xc2\xe5\
`\xe13\xb0\xcb\xfd\xcf\xb4\xce\xffqb\xb0\xe4\xa5\xe6\
\xc4T\x1a\xf8|`f.C|:\xb8\xcae\x03\xe9\
\x82K\x5cv\xa0\x96\xc4\xaf\xe1=\xe5]m\xf3.\xdc\
p4\xe4\x89>\xf126\xfbSy\x97\xf5g\x99O\
\x0b\xd4%\x0a\xe5\xd2\x04\x1cx\x7f9\xc6'\xb9\xf5\xa2\
\x1e\x1fU\x97\xd1B\x80\xc6\xf5\x9a\xab/\x80\x12\x8a9\
6\x92P\x90B\x9aa*\xa8\xbc\xd4\xe8\x86C\x03\xa2\
,H\x08\x01m9s\x1a]b\xae\x0c\x08m\x81\xb9\
\xe4`58fVx\xfb'\x1b\xcb\x1eG\xadH\x1f\
L\xbe\xcd\xa4\xdcc\xc9\xcc\xa3u08\xf5\x16\x1d\x9c\
#upr:X\xbc\xcb\xb3\xce\xf5\x0b\x12\xdd\x03i\
\xccoJ\xf4\x97\x11\xeee\xfa\x10\x8f\x9b\x12\xdd0\x8a\
)\x00\xccU\x89\x0e\x1a\xd3\x1e\xc9\xbaW\xb4\xc4\xe56\
\xbb\x0d\xe9g\xd6\x98\x9f\xe3f\xd73\x89b\xc8\xe1\x12\
\xb2\xb9\xa3\xd2\xa9\x04\x1a\xc4h,\x14\xc8wC\x09\x86\
\xfb\xde\x95\xf7\x00V\x16\xc6\xc2\x18w\x12\x80\x88\x01\xc9\
\xef\xa8D1\xa7\x14\xa8B1Q\x9c\xc3\xbe\xc2<\x96\
\xf6\xf6\x07\x8f\xa1\xe00\xe0\x9d\x0c\xf5=z,z\x1c\
\x99\xa1\xde\xdb\xe0\xac7\x9c\xa1N\xce|u\xefj\xda\
\xe1m\xeaX\xbb}-\xaaoR\xe7eDO\x1d?\
\xff\x17\xa8C\x9c\x17q\x83:1\xe9\xaf$\xdcel\
\xfb\x89\xcf_2?\xa3\x8e\xffG\xd6g\xbc\xe9\xf9\xe7\
\xc2\xfe3\x00\x9e\x7f\x00\x04\x9c\xc6B\
\x00\x00\x09o\
\x89\
PNG\x0d\x0a\x1a\x0a\x00\x00\x00\x0dIHDR\x00\
\x00\x01\x00\x00\x00\x01\x00\x08\x06\x00\x00\x00\x5cr\xa8f\
\x00\x00\x00\x04sBIT\x08\x08\x08\x08|\x08d\x88\
\x00\x00\x00\x09pHYs\x00\x00f\xe3\x00\x00f\xe3\
\x01\xab\xda\x11\xea\x00\x00\x00\x19tEXtSof\
tware\x00www.inksca\
pe.org\x9b\xee<\x1a\x00\x00\x08\xecID\
ATx\x9c\xed\xdd\xfbO\xd5\xf7\x1d\xc7\xf17\x02\xde\
@\x01A\xd0\xe2\xa5:A;\xdbZ\xed\xeaj\xec\xaa\
U\xabV\xa7s:\xe7\x08\xde\xf1\x80[\xb2,K\x17\
\x17\xb7,M\xd7\xca\xfe\x80%\xfb7\xf6\xd3~):\
;;\xa3\xf3p\x15\x10\x14\xbc\xa0\x5cD\x10\x145\x1b\
\x97s\xbe\xfb\xa5[r\xf2-\xd6\xcb\x81\xcf\xf7\xf0z\
>~|\x7f~y%\x87<\x93\xf3\xcb!\xe9\xc4\xc9\
\x1d\x9e\x01\x904\xc9\xf5\x00\x00\xee\x10\x00@\x18\x01\x00\
\x84\x11\x00@\x18\x01\x00\x84\x11\x00@\x18\x01\x00\x84\x11\
\x00@\x18\x01\x00\x84\x11\x00@\x18\x01\x00\x84\x11\x00@\
\x18\x01\x00\x84\x11\x00@\x18\x01\x00\x84\x11\x00@\x18\x01\
\x00\x84\x11\x00@\x18\x01\x00\x84\x11\x00@\x18\x01\x00\x84\
\x11\x00@\x18\x01\x00\x84\x11\x00@\x18\x01\x00\x84\x11\x00\
@\x18\x01\x00\x84\x11\x00@\x18\x01\x00\x84\x11\x00@\x18\
\x01\x00\x84\x11\x00@\x18\x01\x00\x84\x11\x00@\x18\x01\x00\
\x84\x11\x00@X\x8a\xeb\x01A\x91\x9f\xbf\xc4\xb6n\xde\
\xefzF\xa0\x5ci\x0a\xdb\x85\x8b\x7fs=\x03c\x88\
\x00|-=m\xa6\x15\x16\xacr=#P\x0a\x0bV\
Yj\xead;\xf7\xd5_]O\xc1\x18\xe1+\x00\x9e\
j\xfbGGl\xfd\xba=\xaeg`\x8c\x10\x00|\xab\
\x8f\xb6\x1c\xb2\x0d\xeb\xf7\xba\x9e\x811@\x00\xf0L\xb6\
l>`\x1b7\xecs=\x03qF\x00\xf0\xcc6o\
*\xb6\x0f7\x16\xb9\x9e\x818\x22\x00\x18\xd5\xf0\xf0\xa0\
\xef\xb6ic\x91m\xfe\xb0\xd8\xc1\x1a\x8c\x05\x02\x80Q\
\xd57\x9c\xb7\x81G}\xbe\xfb\xc6\x0f\xf6\xd9\xd6\xcd\x07\
\x1d,B\xbc\x11\x00\x8cjhh\xd0\xc2\xe1\x0a\x1b\x18\
\xb8\xef{\xfb`\xfdOl\xdb\xd6\xc3\xe3?\x0aqE\
\x00\xf0T\xc3#\x83\x16\xae\xac\xb0\x87\x0f{}o\xeb\
\xde\xdfm\xdb\xb7\x1du\xb0\x0a\xf1B\x00\xf0\xad\x86G\
\x86,\x5cy\xda\x1e<\xe8\xf1\xbd\xbd\xff\xde.\xdb\xb1\
\xfd\x98\x83U\x88\x07\x02\x80g2\x12\x19\xb2\xca\xaa\xd3\
\xd6\xdf\x7f\xcf\xf7\xf6\xde\xda\x9d\xb6sG\xa9\x83Ux\
Y\x04\x00\xcfl$2l\x95\xd5g\xac\xaf\xbf\xdb\xf7\
\xb6v\xcd\x0fm\xd7\xce\xe3\x96\x94\x94\xe4`\x19^\x14\
\x01\xc0s\x89D\x86\xad\xaa\xea\x8c\xdd\xef\xeb\xf2\xbd\xad\
yw\x9b\xfd\xf8G?'\x02\x09\x84\x00\xe0\xb9E\xa2\
#V]}\xd6z\xefw\xfa\xde\xbe\xbfz\xab\xed\xde\
\xf5\x0b\x22\x90 \x08\x00^H$:b\xd55g\xad\
\xa7\xb7\xc3\xf7\xb6\xfa\x9d-\xb6g\xf7/\x89@\x02 \
\x00xa\xd1h\xc4jj\xbe\xb4{=\xed\xbe\xb7w\
\xde\xded{\xf7\xfc\x8a\x08\x04\x1c\x01\xc0K\x89z\x11\
\xab\xad\xfd\xd2\xba\xbbo\xfb\xde\xde^\xb5\xc1\xf6\xed\xfd\
\xb5M\x9a\xc4\x9fYP\xf1\xc9\xe0\xa5E\xbd\xa8\xd5^\
>gw\xef\xb6\xf9\xdeV\xbe\xb5\x9e\x08\x04\x18\x9f\x0a\
\xe2\xc2\xf3\xa2VW\xff\x95uu\xdd\xf4\xbd\xbd\xb5b\
\x9d\xfd\xec\xa7\x1f\xdb\xa4I\xc9\x0e\x96\xe1i\x08\x00\xe2\
\xc6\xf3\xa2v\xb9\xe1\xbcuv\xde\xf0\xbd\xadx\xf3\x07\
V\xb4\xef7D `\x08\x00\xe2\xca\xf3\xa2V\xdfp\
\xde::Z}oo\xbe\xb1\xd6\x8a\x8bNXr2\
\x11\x08\x0a\x02\x80\xb8\xf3\xcc\xb3\x86\xc6\x0b\xd6\xde\xde\xe2\
{{}\xf9\x1a+.\xfa-\x11\x08\x08\x02\x801\xe1\
\x99g\x8dW.\xda\x9d;\xd7|o\xcb\xbf\xfb\xae\x1d\
(>i\xc9\xc9\xfc(\xb5k\x04\x00c\xc63\xcf\x1a\
\x9b.Z\xdb\xedf\xdf\xdbk\xcbV\xdb\xc1\xfd\xbf\xb3\
\x94\x94T\x07\xcb\xf0?\x04\x00c\xae\xa9\xf9\x92\xdd\xba\
u\xc5w_\xb6\xf4{vp\xff\xef-%e\xb2\x83\
U0#\x00\x18'\xcd\xd7*\xed\xe6\xcdF\xdf}i\
\xe1*;t\x80\x08\xb8B\x000n\xae\xb6T\xd9\xf5\
\x1b\xf5\xbe{a\xc1J;|\xf0\x0f\x96\x9aJ\x04\xc6\
\x1b\x01\xc0\xb8ji\xad\xb1\xd6\xebu\xbe{\xc1\x92\x15\
v\xe4\xd0'\x96\x9a:\xc5\xc1*]\x04\x00\xe3\xae\xf5\
z\x9d\xb5\xb4\xd6\xfa\xee\xdfY\xfc\x86\x1d=\xfc\x89M\
\x9e<\xd5\xc1*M\x04\x00N\x5c\xbfq\xd9\xae^\xab\
\xf6\xdd\x17/z\x9d\x08\x8c#\x02\x00gn\xdej\xb0\
\xe6\xabU\xbe\xfb\xa2W\x97[\xc9\x91Om\xca\x94i\
\x0eVi!\x00p\xeaV[\xa355_\xf2\xdd_\
]\xf8\x9a\x95\x1c\xf9\xd4\xa6N\x99\xee`\x95\x0e\x02\x00\
\xe7\xdan7[\xe3\x95\x7f\x99\xe7y1\xf7\x85\x0b\x96\
Y\xc9\xd1?\xda\xd4\xa9D`\xac\x10\x00\x04\xc2\x9d\xf6\
\xab\xdf\x18\x81\x05\xf3\x0b-t\xf43\x9b65\xcd\xd1\
\xb2\x89\x8d\x00 0\xda;\xaeYC\xe3\x05_\x04\xe6\
\xcd+\xb0P\xc9g6mZ\xba\xa3e\x13\x17\x01@\
\xa0tt\xb6Z}\xc3y_\x04\xf2\xf3\x97Xi\xc9\
\xe76}\xfa\x0cG\xcb&&\x02\x80\xc0\xe9\xec\xbaa\
\x97\xeb\xff\xe9\x8b\xc0+\xaf,\xb6\xd2\x92\xcf--m\
\xa6\xa3e\x13\x0f\x01@ u\xdd\xbdiu\x97\xcf\x99\
\xe7Ec\xees\xe7.\xb2\xd2\x92S\x96\x96\x96\xe1h\
\xd9\xc4B\x00\x10Xw\xbb\xdb\xac\xb6\xee\x9cE\xa3\xb1\
\x11\x983g\xa1\x95\x1d;e\xe9\xe9D\xe0e\x11\x00\
\x04Z\xf7\xbd\xdbV[\xf7\x0f_\x04\xf2\xf2\x16X\xd9\
\xb1r\x9b1#\xcb\xd1\xb2\x89\x81\x00 \xf0\xee\xf5\xdc\
\xb1\x9a\xda\xb3\x16\x8dFb\xee\xb9\xb9\xf3\xad,D\x04\
^\x06\x01@B\xe8\xe9\xed\xb0\xea\x9a\xb3\x16\x89\xc4F\
`vN\xbe\x1d\x0f\x95[\xc6\xcclG\xcb\x12\x1b\x01\
@\xc2\xe8\xbd\xdfiU5\x7f\xb7Hd$\xe6\x9e\x93\
\x93oe\xa1r\xcb\xc8\xc8q\xb4,q\x11\x00$\x94\
\xbe\xbe.\xab\xaa\xf6G ;{\xae\x1d\x0f\x95[&\
\x11x.\x04\x00\x09\xa7\xaf\xff\xaeUV\x9d\xb1\x91\x91\
\xe1\x98\xfb\xacYs\xac\xac\xf4O\x96\x95\x99\xebhY\
\xe2!\x00HH\xfd\x0f\xba\xad\xb2\xea\xb4?\x02Yy\
VVZn\xb3\xb2\xf2\x1c-K,\x04\x00\x09\xeb\xc1\
\xc3\x1e\x0bWV\xd8\xf0\xc8P\xcc=+3\xd7\xcaB\
\xe56k\xd6\x1cG\xcb\x12\x07\x01@B{8\xd0k\
\xe1p\x85\x0d\x0f\x0f\xc6\xdc33g\xdb\xf1P\xb9e\
g\xcfu\xb4,1\x10\x00$\xbc\x81G\xf7-\x5cY\
aCC\xb1\x11\xc8\xc8\xc8\xb1\xb2P\xb9\xe5\xe4\xe4;\
Z\x16|\x04\x00\x13\xc2\xc0\xa3>\x0bW~aCC\
\xff\x89\xb9g\xcc\xcc\xb6\xe3\xa1r\x9bM\x04\xbe\x11\x01\
\xc0\x84\xf1\xe8q\xbf]\x0a\x7fa\x83\x83\xff\x8e\xb9\xcf\
\x98\x91ee\xa1r\xcb\xcd\x9d\xefhYp\x11\x00L\
(\x8f\x9f<\x18=\x02\xc7NY^\xde\x02G\xcb\x82\
\x89\x7f\xcf\x8aQee\xe5%\xec/\xf3\xdejk\xb2\
\xc2\x82\x95\x96\x94\x94\xf4\xff[zz\xa6\x95\x1d;e\
\x7f\xfe\xcb\xc7\xd6\xdf\x7f\xcf\xe1\xba\xe0 \x00\x18\xd5\xd2\
\xc2U\xae'\xc4]ZZ\x86\xe5\xce\x9eG\x00\xbe\xc6\
W\x00@\x18\x01\x00\x84\x11\x00@\x18\x01\x00\x84\x11\x00\
@\x18\x01\x00\x84\x11\x00@\x18\x01\x00\x84\x11\x00@\x18\
\x01\x00\x84\x11\x00@\x18\x01\x00\x84\x11\x00@\x18\x01\x00\
\x84\x11\x00@\x18\x01\x00\x84\x11\x00@\x18\x01\x00\x84\x11\
\x00@\x18\x01\x00\x84\x11\x00@\x18\x01\x00\x84\x11\x00@\
\x18\x01\x00\x84\x11\x00@\x18\x01\x00\x84\x11\x00@\x18\x01\
\x00\x84\x11\x00@\x18\x01\x00\x84\x11\x00@\x18\x01\x00\x84\
\x11\x00@\x18\x01\x00\x84\x11\x00@\x18\x01\x00\x84\x11\x00\
@\x18\x01\x00\x84\x11\x00@\x18\x01\x00\x84\x11\x00@\x18\
\x01\x00\x84\x11\x00@\x18\x01\x00\x84\x11\x00@\x18\x01\x00\
\x84\x11\x00@\x18\x01\x00\x84\x11\x00@\x18\x01\x00\x84\x11\
\x00@\x18\x01\x00\x84\x11\x00@\x18\x01\x00\x84\x11\x00@\
\x18\x01\x00\x84\x11\x00@\x18\x01\x00\x84\x11\x00@\x18\x01\
\x00\x84\x11\x00@\x18\x01\x00\x84\x11\x00@\x18\x01\x00\x84\
\x11\x00@\x18\x01\x00\x84\x11\x00@\x18\x01\x00\x84\x11\x00\
@\x18\x01\x00\x84\x11\x00@\x18\x01\x00\x84\x11\x00@\x18\
\x01\x00\x84\x11\x00@\x18\x01\x00\x84\x11\x00@\x18\x01\x00\
\x84\x11\x00@\x18\x01\x00\x84\x11\x00@\x18\x01\x00\x84\x11\
\x00@\x18\x01\x00\x84\x11\x00@\x18\x01\x00\x84\x11\x00@\
\x18\x01\x00\x84\x11\x00@\x18\x01\x00\x84\x11\x00@\x18\x01\
\x00\x84\x11\x00@\x18\x01\x00\x84\x11\x00@\x18\x01\x00\x84\
\x11\x00@\x18\x01\x00\x84\x11\x00@\x18\x01\x00\x84\x11\x00\
@\x18\x01\x00\x84\x11\x00@\x18\x01\x00\x84\x11\x00@\x18\
\x01\x00\x84\x11\x00@\x18\x01\x00\x84\x11\x00@\x18\x01\x00\
\x84\x11\x00@\x18\x01\x00\x84\x11\x00@\x18\x01\x00\x84\x11\
\x00@\x18\x01\x00\x84\x11\x00@\x18\x01\x00\x84\x11\x00@\
\x18\x01\x00\x84\x11\x00@\x18\x01\x00\x84\x11\x00@\x18\x01\
\x00\x84\x11\x00@\x18\x01\x00\x84\xa5\xb8\x1e\x10\x14\x8f\x9f\
\x0c\xd8\xb5\x96j\xd730\x0e\x1e?\x19p=!0\
\x92N\x9c\xdc\xe1\xb9\x1e\x01\xc0\x0d\xbe\x02\x00\xc2\x08\x00\
 \x8c\x00\x00\xc2\x08\x00 \x8c\x00\x00\xc2\x08\x00 \x8c\
\x00\x00\xc2\x08\x00 \x8c\x00\x00\xc2\x08\x00 \x8c\x00\x00\
\xc2\x08\x00 \x8c\x00\x00\xc2\x08\x00 \x8c\x00\x00\xc2\x08\
\x00 \x8c\x00\x00\xc2\x08\x00 \x8c\x00\x00\xc2\x08\x00 \
\x8c\x00\x00\xc2\x08\x00 \x8c\x00\x00\xc2\x08\x00 \x8c\x00\
\x00\xc2\x08\x00 \x8c\x00\x00\xc2\x08\x00 \x8c\x00\x00\xc2\
\x08\x00 \x8c\x00\x00\xc2\x08\x00 \x8c\x00\x00\xc2\x08\x00\
 \x8c\x00\x00\xc2\x08\x00 \xec\xbfv\xea\xd7\x999s\
{W\x00\x00\x00\x00IEND\xaeB`\x82\
\x00\x00\x03\x14\
\x89\
PNG\x0d\x0a\x1a\x0a\x00\x00\x00\x0dIHDR\x00\
\x00\x00\x10\x00\x00\x00\x10\x08\x06\x00\x00\x00\x1f\xf3\xffa\
\x00\x00\x00\x01sRGB\x00\xae\xce\x1c\xe9\x00\x00\x00\
\x04gAMA\x00\x00\xb1\x8f\x0b\xfca\x05\x00\x00\x02\
\xbeIDAT8Oc\xf8\xff\xff?\xc9822\
\x92->>^i\xd3\xa6MjX\x15\xe0\xc3\x0e\x0e\
\x0e\x5c\x89\x89\x89Vg\xcf\x9e\xf5\x9e0a\x82\x1eV\
E\xc8\xb8\xb2\xb2R\xb4\xa6\xa6&\x04\x88\x0b\x8b\x8a\x8a\
R\x81\x9ag\xbe|\xf9\xb2i\xf9\xf2\xe5\xe1\x81\x81\x81\
\xd2X5\xc1paa\xa1JOO\xcf\xdcC\x87\x0e\
\x9d=z\xf4\xe8S\xa0a/n\xdc\xb8\xf1c\xf3\xe6\
\xcd\x97=<<\xb4Aj\xb0j\x04\xe1\xe4\xe4d\x95\
I\x93&-{\xf5\xea\xd5\x97;w\xee\xbc\xcf\xce\xce\
~\xbak\xd7\xae\xdf\xf3\xe7\xcf\xff\x16\x13\x133\x1b\xa6\
\x0eC#\x08\xfb\xf9\xf9\xa9466.\xf9\xf4\xe9\xd3\
\x8f\xb7o\xdf~)..\x9e\x0bt\xee\x9e\xfc\xfc\xfc\
\xa7k\xd6\xac\xf9\x03\x94\x9b\x05S\x8b\xa1\xd9\xdd\xdd]\
%%%e\xce\xdd\xbbw?>~\xfc\xf8\x03\xd0\xef\
S222\xc4\x82\x82\x82\x0a\x16-Zt\xe3\xde\xbd\
{o\xeb\xea\xea\xda`\xeaQ4\x1b\x19\x19\xa9x{\
{\xcf\xd8\xbf\x7f\xff\xf3\xe3\xc7\x8f?IMM\x9d\x00\
\xb4Y,)))\x10\x18\x06\x17\x80.\xfa\xb3g\xcf\
\x9e\xe3UUU\xde\x18\x06HIIq9;;O\
=y\xf2\xe4\x9b\x8d\x1b7\xde\xf3\xf2\xf2\xearss\
\x03\xd9\x1c\xb8m\xdb\xb6S\xbf~\xfd\xfa\x07\x0c\xc0{\
%%%\x99\x0d\x0d\x0dL\x18\x06\xc8\xcb\xcb[\xadZ\
\xb5\xea\xc2\xc5\x8b\x17\xbf[ZZ\xae355\x95u\
rr\x0a\x04\x06\xe4\xee\x17/^\xfc>s\xe6\xccM\
\x87\x99F\xfb|\xb6\x19\xff\x8c\xd8o:\x11\xc3\x00Q\
QQ\xaf\xd3\xa7O\xbfmjj\xfa\x91\x9e\x9e~C\
GGg60\xde7\x01\x0d\xfc\xb1d\xc9\x92\xe3a\
aaYZ\x8bd\xfe\xac\xfb8\xf1\x7f\xc0V\xe3?\
\x18\x06(++\xcb\x015>\x01\xfa\xfd\x7f{{\xfb\
\xb7\x89\x13'>\xbbv\xed\xdaO {\xafh\x85\xe8\
^\xa1\xc9\xfc\x7ft\xa6\xa9\xfc\x9f\xf3\xa6\xee\xbf\xebb\
\xfd\xff!\xdbL\xfe\xa4\x9f\xb4\x9e\x00\xd6\xec\xeb\xeb\xcb\
\x01\x0c(/`\x08\x7f\x03\xc6\xf3\x17\xa0\x9f\x7f\x81\xe2\
\xbe\xab\xabk?\xd0+\x99\x5c\xed\x5c?\xdb\xeef\xfd\
oz\x94\xf2\xbf\xec^\xc8\xff\x92;A\xff\xd3.x\
\xfc\x8f\xddg\xfe\x13\x941X\x80\x9au\x1f=z\x94\
\xb6s\xe7\xceBCC\xc3b\xa0wr\x81\x81\x9a\xa5\
\xaa\xaaj\xce\xc0\xc0\xc0\xc8T\xcb\xd0'\xd4(\xf0G\
\xadN\xf1\x7f\xe6M\xc7\xff\x86\xfd\xaa\xff-\x16*\xfe\
\xf1\xda\xae\xde\xc7\x10\x17\x17'\x01t\xb6\xc5\xc2\x85\x0b\
\x9d\x80!\xaf\x0c\xf3\x12*f`\xfc\xff\x7f\x01\x87x\
\x95\xe8\xdf\xac\xab\xae\xff\xe5zE\x11a\xb0a\xc3\x06\
I\xa0S\x15CBBDP5a`F\xf66\xd6\
\x09\x5c\xcd\x9c\xbf\xf8&\xb3\xf7C\xc4\xfe3\x00\x00\x13\
jq\x90\xd3\x8d\x1a5\x00\x00\x00\x00IEND\xae\
B`\x82\
\x00\x00\x04\xcd\
\x89\
PNG\x0d\x0a\x1a\x0a\x00\x00\x00\x0dIHDR\x00\
\x00\x00@\x00\x00\x00@\x08\x06\x00\x00\x00\xaaiq\xde\
\x00\x00\x00\x04sBIT\x08\x08\x08\x08|\x08d\x88\
\x00\x00\x00\x09pHYs\x00\x00\x18\xf4\x00\x00\x18\xf4\
\x01R\xb2Is\x00\x00\x00\x19tEXtSof\
tware\x00www.inksca\
pe.org\x9b\xee<\x1a\x00\x00\x04JID\
ATx\x9c\xed\x9a\xcfk\x5cU\x14\xc7?\xe7\xe6G\
\xfd\x11\xc1j\xed\xc2_\x15\x14Zq\xd5\x08V\xd0J\
\xb0\x99\x0a\xd6n\xb4y\x11\xc1\xff\xc0\x85.]H\xe9\
Fp\xe3\xca\x95\xe0B\x90\x90\xbe\xb6\x0a\x06\x04}C\
\xd2X\xea/Z\xaa\x16L,V\xa1\x98\x16K\xb5\xc6\
\xaaM\xc3\xcc=.&\xd4\xc9\xa4\x95\xb9\xf7\xdd\xfb\xde\
\xb3\xe9w77\xf7\x9c\xf3}\xdf9\xe7\x9d37W\
T\x95\xd5\x8c\xdeR\xa2\xee\x11\xc3q\x061<\x8ab\
\x81\xe3\xec\xd3CeP\x91\xc22 \x91\x8d(\xdb\x10\
\x19\x06\x86\x80\xb5\x1d;\x8eb5a\xbf\xfeX\x0c\xa1\
\x16\xe2\x0b\x90\xc8\xe3 \xaf\x03[\xbb\xd8}\x8a\x86\x0e\
\xf2\xbe\xfe\x1a\x97\xd4\xbf0Q\xbd'\xf2$\xc8\x14\xdd\
=<\xc0\xbd\xf4\x99\x97cR\xeaD\xbc\x0cH\xa4\x1f\
d\x0eXw\x95\x1d\xbf\x03S\xb4Ja\xa8m}\x8e\
\xd4\xde}E\x8b]\xb2\x89\x1e\xb6\xa3R\x03\xee\x03n\
\x019\x0c\xf6\x1dR\x9d\xf4\xa1\x19O\x80\x11y\x06\x91\
\x89\x8e\xd5i\xd0\x0c\xc8\x80\xa3\xa4\xda$\x91\x01\x90s\
\xc0\x9a\xcb\xbb\x8cnd\x5cO\xf0\x82\xac\xa3\xc16\xd4\
lG\xb4\x06\xdcs\x95h\x8a\xe8\xab\xec\xd57\x5ci\
\xc6\x13`T^A\xe5\xcd\xb6\x95\xfd\xa4v\xe4\x8a{\
\x13\xf3\x09Pk[\xf9\x98V\xe6l\xc6\xa5LEk\
\xec\xd5\xba\x0b\xcdxm\xd0r\x01i\xfb\xacbW\xec\
\xd9#\x86\x19\x1e\x06it\xfc\xe5)\xaf\x98*\xaf\x01\
N\x02\xc4\xcb\x80]\xb2\x05#_\xb4\xad\x9c\x07\xbd\x03\
\xb8\x0b\xa8-\xa5\xf50p[\xc0\xa8J\xaf\xaegL\
\xcfuk\x10/\x03\x0cGh\xbd\xe8n]ZY\x0b\
r\x12\xd8\x00\x80D\x11^h\xb0\x15\xf8\xa0[\x83\xf0\
\x02$r#\xc2\x13\x88\xa9\xb12\xbb6\x04\x8f\x07\x17\
\x81C\xa0u c\x1f\xdf\xb8\x18\xe7/\x01\x11a\x84\
A\xa0\x06R\x03\x1e\xa3\xfd\x8d\x1e\x1e\x168\x06\x92\x81\
\xcd\xf8\x93\xc3|\xa4\x97|\x9d\xf9\x0b\x90\xc8\x0e0/\
\x82\x0e\x03\xb7\xfb\x12\xe8\x12?\xa1R\x07\x9b\xd1d2\
\xe4\xa4\xe8^\x02\xcf\xcazze\x02\xe4\x11\x886F\
\x9f\x07&\x11\xad#d\x8c\xeb\xc9X\x81\xdc2\xe0i\
Y\xc3\x80L\x03[\x02\xf3X\x04>C4C\xa9\xf3\
\x10G\xd8\xad+\xdbf\x04\xb8e\xc0\xcd\xec \xdc\xc3\
\x7f\x0bKi\xbd\xc0\xa7|\xa8\x7f\x07\xf2\xeb\x047\x01\
\xc4\xec\xcc\x91\xf6s \x19j\xeb\xf4QgL\x7f\xf1\
u\x14\x12\x8e\x02`\x1c\x9e\xff\x02p\x10\xd5\x8c\x1e\xea\
\x8c\xeb\x8c#\xb7B\xe0&\x80\xe5\xec\xb2\xf1v9\x1a\
\xc0W\xc8R{:\xcb\x97Li\xe7\x88[98v\
\x01\xfb9\xcb\x15\x98\xbd\x5c\xc7\xfd\x1c\xe4=\xfd#$\
\xb9\x22\xe0&@\x93ize\x0c\xb5u,\x19\x07\xf4\
\xe7H\xbc\x0aCqg\x82\x15E\xdc#\xb1\xff\x01V\
\xbd\x00\xfe\xbf\x06\x13y\x09\xcc\x03\x01\xb9\x04\x82\xfd\x81\
T\xdf\xeavw\x8e\x9f\xc32\x04\xfa\x9c\xbf},\xc8\
\x01\xa0k\x01r\x94\x80\x9c\xf1\xb7\x8d\x08\x91\xd3.\xdb\
\xfd\x05P\xeb\x14\xa808\xf2\xf2\x17@\xa8f\x06(\
Ee\x80[\xa0\xc2`\x8a\x12`\xd5g@\xa3\xa2\x19\
\xd0\xe7\xf6\xc5\xe4\x1b\x85\x13s\x09\xe8\xf7w\x10\x1c\x17\
I\xedM.\x06y'\xc1\xaa\x95\x813\x9f\xbc\x02T\
\xad\x0c\x9c\xf9\x5c[\x19\xa0nC\x10\xe4\x16\xc0=`\
T8\xb6\xc0\x96I\x1e\x88\xadX\x06\xb8O\xa7\xf9\x04\
\xa8\xda0\xe4\xc1\xe7\xda\x12\xa0\xf8\x12\xa8\xd8K\xb0Y\
t\x1b\xac\xda4x\x83;\x9f\xfc\x87\xa2\xd5\x99\x06\xff\
\x22\xb5\x03\xaeF!\xce\x04\xabR\x06^\xd9x]\x80\
\xb2\x02\x07\x87\xc7\x14\x08A\x04\xa8\xc84\xe8\xd1\x02[\
fyQ\x95i\xd0\xf3\x8c2D\x09\xcc\x05\xf0\x11\x02\
^<\xf2\x0b\xd0d6\xb7\x8f\x10\xb0\x9c\xf01\xcb/\
\x80\xa9\x84\x00\xca\x22\xdf\xfb\x18\xe6\x17 \xd5y\xca\xef\
\x04\xa7|\xef\x18\x85\xfa\xe7\xe8w\x81\xfc\xf8\xc2;\x0b\
\xc3\x08 R\xf2\xfd\x1f)Y\x00\xb5\xe5\x0a \xb6d\
\x01\x0c\xc7\x82\xf8\xf1\x85\xf0\xb5\xb7i\xb0+2\x89\x99\
\x016\x85q\xe6\x84YR\xfb\xa0\xafq\xb8\x1b\x22\xa2\
o\x07\xf3U`\xdcp\x02(\xef\x02\x0b\xc1\xfcu\x87\
\x85\xa5\xb8\xde\x08'@\xaa\xbf\x81\x8e\x02\xf3\xc1|\xfe\
7\xe6AG[q\xfd\x11\xfe\x9a\xdc\xf3r?Mv\
\x22\xe6N\xe2\x9c\x14-\xa2\xf64=L\x84\xb8F\x7f\
\xfd\x9e`\xd9\x04\xca\xc6?\x12xy\x13?oHz\
\x00\x00\x00\x00IEND\xaeB`\x82\
\x00\x00\x06\x8c\
\x89\
PNG\x0d\x0a\x1a\x0a\x00\x00\x00\x0dIHDR\x00\
\x00\x01\x00\x00\x00\x01\x00\x08\x06\x00\x00\x00\x5cr\xa8f\
\x00\x00\x00\x04sBIT\x08\x08\x08\x08|\x08d\x88\
\x00\x00\x00\x09pHYs\x00\x00\x1f\x81\x00\x00\x1f\x81\
\x01\x9b\xfdp\xb9\x00\x00\x00\x19tEXtSof\
tware\x00www.inksca\
pe.org\x9b\xee<\x1a\x00\x00\x06\x09ID\
ATx\x9c\xed\xdb1\x88ew\x19\xc6\xe1w\xe3\x18\
W\x5c\xb3\xba\xb8\xa2\x82\x10T\x8c\x85+D\xd2\xc8\xb1\
\xb0P\xb0\x91\xb8A\xd1F-\x0cX\xd9\xdd\xc2*\x85\
\x95\xc5\xed\xacD\xd3'\x04\xb2\x11\xb7\x10\xb4\xb0\xf0\x22\
i\xd2\xec\x16\xae\x88D,\x14\x03\x89\x89+\x891z\
-\xee\x86\xd9\x88)\xb2s\xce\xfc\xef\xcc\xfb<p\xdb\
\xef\xff\xcd\x81\xf3\xe3\x9e33g\xb6\xdbm\x80Nw\
\x8d^\x00\x18G\x00\xa0\x98\x00@1\x01\x80b\x02\x00\
\xc5\x04\x00\x8a\x09\x00\x14\x13\x00(&\x00PL\x00\xa0\
\x98\x00@1\x01\x80b\x02\x00\xc5\x04\x00\x8a\x09\x00\x14\
\x13\x00(&\x00PL\x00\xa0\x98\x00@1\x01\x80b\
\x02\x00\xc5\x04\x00\x8a\x09\x00\x14\x13\x00(&\x00PL\
\x00\xa0\x98\x00@1\x01\x80b\x02\x00\xc5\x04\x00\x8a\x09\
\x00\x14\x13\x00(&\x00PL\x00\xa0\x98\x00@1\x01\
\x80b\x02\x00\xc5\x04\x00\x8a\x09\x00\x14\x13\x00(&\x00\
PL\x00\xa0\x98\x00@1\x01\x80b\x02\x00\xc5\x04\x00\
\x8a\x09\x00\x14\x13\x00(&\x00PL\x00\xa0\x98\x00@\
1\x01\x80b\x07\xa3\x17\xd8[\x9b\xd5\xa5$\x0f\xdd\xfa\
\xdc7x\x9b7\xf3R\x92kI~\x95\xe4\x07\x99\xd6\
\xff:\x96S7\xab\xbb\x92|6\xc9\xe5$_N\xf2\
\xc1c9\xf7\xad\xfbkv\xd7\xe7J\xa6\xf5OF/\
\xb3\x8f\xcel\xb7\xdb\xd1;\xec\x97\xcd\xea\xbe$W\x93\
|l\xf4*o\xd1\xd3I\xbe\x96i\xfd\xc7EO\xd9\
\xac\x1eL\xf2\xe3$\x17\x17=g~\x8f'y8\xd3\
\xfa\xe6\xe8E\xf6\x89\x00\xdcn\xb3zgv7\xd2\xa5\
\xd1\xab\xdc\xa1\x17\x92|3\xd3\xfa\xea\x22\xd37\xab\x8f\
$y&\xc9\xf9E\xe6/\xefF\x92\xafdZ_\x1f\
\xbd\xc8\xbe\xf0\x0e\xe0\x8d~\x98\x93{\xf3'\xc9{\x93\
<v+d\xf3\xda\xac\xde\x91\xe4\x89\x9c\xdc\x9b?\xd9\
=\xca\xfdh\xf4\x12\xfbD\x00^\xb7Y]N\xf2\xed\
\xd1k\xcc\xe0]I\xbe\xb0\xc0\xdc\xef'\xf9\xf4\x02s\
\x8f\xdbg\xb2Y}`\xf4\x12\xfbB\x00\x0e}q\xf4\
\x023zh\x81\x99\xa7\xe5\xfa\x9c\xc9\xee\xc5%\x11\x80\
\xdb\x9d\xe4\xaf\xfe\xff\xebK\xd9\xac\xde6\xdb\xb4\xcd\xea\
 \xc9'f\x9b7\x9e\x00\xdc\x22\x00\x87.\x8c^`\
F\x17\x92\xbc{\xc6y\xe7\x92\xdc=\xe3\xbc\xd1\xee\x1d\
\xbd\xc0\xbe\x10\x00(&\x00PL\x00\xa0\x98\x00@1\
\x01\x80b\xfe\x19\xe8(^{5\xf9\xdb\x9f\x96=\xe3\
\xdc\xc5\xe4\xec=\xcb\x9e\xb1\x94W^Jn>\xb7\xec\
\x19\xef\xf9prp\x9a~Aq\xbc\x04\xe0(^y\
1\xb9\xfe\xd3e\xcf\xf8\xf8\xe7\x93\x0f}j\xd93\x96\
\xf2\xfc\xb3\xc9\xef~\xb9\xec\x19\x0f|c\x17I\xee\x88\
G\x00(&\x00PL\x00\xa0\x98\x00@1\x01\x80b\
\x02\x00\xc5\x04\x00\x8a\x09\x00\x14\x13\x00(&\x00PL\
\x00\xa0\x98\x00@1\x01\x80b\x02\x00\xc5\x04\x00\x8a\x09\
\x00\x14\x13\x00(&\x00PL\x00\xa0\x98\x00@1\x01\
\x80b\x02\x00\xc5\x04\x00\x8a\x09\x00\x14\x13\x00(&\x00\
PL\x00\xa0\x98\x00@1\x01\x80b\x02\x00\xc5\x04\x00\
\x8a\x09\x00\x14\x13\x00(&\x00PL\x00\xa0\x98\x00@\
1\x01\x80b\x02\x00\xc5\x04\x00\x8a\x09\x00\x14\x13\x00(\
&\x00PL\x00\xa0\x98\x00@1\x01\x80b\x02\x00\xc5\
\x04\x00\x8a\x09\x00\x14\x13\x00(&\x00PL\x00\xa0\x98\
\x00@1\x01\x80b\x02\x00\xc5\x04\x00\x8a\x09\x00\x14\x13\
\x00(&\x00PL\x00\xa0\x98\x00@1\x01\x80b\x02\
\x00\xc5\x04\x00\x8a\x09\x00\x14\x13\x00(&\x00PL\x00\
\xa0\x98\x00@1\x01\x80b\x02\x00\xc5\x04\x00\x8a\x09\x00\
\x14\x13\x00(&\x00PL\x00\xa0\x98\x00@1\x01\x80\
b\x02\x00\xc5\x04\x00\x8a\x09\x00\x14\x13\x00(&\x00P\
L\x00\xa0\x98\x00@1\x01\x80b\x02\x00\xc5\x04\x00\x8a\
\x09\x00\x14\x13\x00(&\x00PL\x00\xa0\x98\x00@1\
\x01\x80b\x02\x00\xc5\x04\x00\x8a\x09\x00\x14\x13\x00(&\
\x00PL\x00\xa0\x98\x00@1\x01\x80b\x02\x00\xc5\x04\
\x00\x8a\x09\x00\x14\x13\x00(&\x00PL\x00\xa0\x98\x00\
@1\x01\x80b\x02\x00\xc5\x04\x00\x8a\x09\x00\x14\x13\x00\
(&\x00PL\x00\xa0\x98\x00@1\x01\x80b\x02\x00\
\xc5\x04\x00\x8a\x09\x00\x14\x13\x00(v0z\x81\x13\xed\
\xec\xf9\xe4\x93\x0f.{\xc6\xb9\x8b\xcb\xce_\xd2\x85{\
\x97\xbf>g\xcf/;\xff\x94\x13\x80\xa38\xb8;y\
\xdfGGo\xb1\xbf\xce\xde\xb3\xfb\xb0\xb7<\x02@1\
\x01\x80b\x02\x00\xc5\x04\x00\x8a\x09\x00\x14\x13\x80C\xcf\
\x8e^`F\xaf&\xb99\xe3\xbc\xbf'y~\xc6y\
\xa3\x9d\xa6\x9f\xe5H\x04\xe0\xd0S\xa3\x17\x98\xd1o3\
\xad_\x9bm\xda\xb4\xfew\x92\x9f\xcd6o\xbck\xa3\
\x17\xd8\x17\x02p\xe8\xa9$\xdb\xd1K\xcc\xe4\xe7\x0b\xcc\
|r\x81\x99\xa3,q}N$\x01x\xdd\xb4\xfeK\
\x92\xdf\x8c^c\x06\xcf$yd\x81\xb9\xbfH\xf2\x8f\
\x05\xe6\x1e\xb7G3\xad\xaf\x8c^b_\x08\xc0\x1b}\
'\xc9\x8d\xd1K\x1c\xc1\x8bI\xbe\x9ai\xfd\xcf\xd9'\
O\xeb\x97\x93|=\xc9\x0b\xb3\xcf>>\xd7\x92|w\
\xf4\x12\xfbD\x00n7\xad\xaf'y \xc9\xe3\xa3W\
\xb9\x03\xcf%\xf9V\xa6\xf5\x1f\x16;aZ_Mr\
\x7f\x92\xa7\x17;c9\xbf\xcf.\x8e/\x8f^d\x9f\
\x9c\xd9nO\xcbc\xef\xcc6\xab\x87\x93\x5cNr)\
\xc9\xfb\x07o\xf3f\xfe\x9c\xdd\xbb\x8b+I~\x9di\
\xfd\x9fc9u\xb3z{\x92\xef%\xf9\x5cv\xd7g\
_\xff\xe0\xffFv\xef.\x9e\xcc\xb4\xf6\xe2\xef\xff\x10\
\x00(\xe6\x11\x00\x8a\x09\x00\x14\x13\x00(&\x00PL\
\x00\xa0\x98\x00@1\x01\x80b\x02\x00\xc5\x04\x00\x8a\x09\
\x00\x14\x13\x00(&\x00PL\x00\xa0\x98\x00@1\x01\
\x80b\x02\x00\xc5\x04\x00\x8a\x09\x00\x14\x13\x00(&\x00\
PL\x00\xa0\x98\x00@1\x01\x80b\x02\x00\xc5\x04\x00\
\x8a\x09\x00\x14\x13\x00(&\x00PL\x00\xa0\x98\x00@\
1\x01\x80b\x02\x00\xc5\x04\x00\x8a\x09\x00\x14\x13\x00(\
&\x00PL\x00\xa0\x98\x00@1\x01\x80b\x02\x00\xc5\
\x04\x00\x8a\x09\x00\x14\x13\x00(&\x00PL\x00\xa0\x98\
\x00@1\x01\x80b\x02\x00\xc5\x04\x00\x8a\x09\x00\x14\x13\
\x00(&\x00P\xec\xbf\xb7?\x8a\xdc[I\x04\xad\x00\
\x00\x00\x00IEND\xaeB`\x82\
\x00\x00\x05U\
\x89\
PNG\x0d\x0a\x1a\x0a\x00\x00\x00\x0dIHDR\x00\
\x00\x00Q\x00\x00\x00Z\x08\x06\x00\x00\x00\xc0H\xba\xf5\
\x00\x00\x00\x01sRGB\x00\xae\xce\x1c\xe9\x00\x00\x00\
\x04gAMA\x00\x00\xb1\x8f\x0b\xfca\x05\x00\x00\x00\
\x09pHYs\x00\x00\x0e\xc3\x00\x00\x0e\xc3\x01\xc7o\
\xa8d\x00\x00\x00\x1atEXtSoftwa\
re\x00Paint.NET v3.\
5.100\xf4r\xa1\x00\x00\x04\xc4IDAT\
x^\xed\x971\x8b\x5ce\x18\x85\xf7/XX\x08Z\
\xa5\x95T\x0aba!\xa4\x11,\x82\xa0X(K\x1a\
\xc1J\xfb\xc8\x16\x82E\x041\x85\x82\xa6Q\xb0\x10\x04\
-\xa26\x82\x85X\xd8\xfbSD\x88Z\x5c\xdf3o\
\xce\xc9\xfdv\xce\xce\xdc;s\xe7\xde\x1bx\x1fx\xe0\
\xe3\xdb=\xb33\x0f\x93\xd9\xcdY\xd7u\x8f\x8b\xdd\xc5\
\xc5Ew~~\x8e#p\xdf\xb3\x88\xf6r\x8d\x22\xe0\
Y<]\xf80\xa4\xfd\xbe%\xb4\x97+s\xf3\x0ed\
\xc05\x86\xb4\x97k\xd2\x05\xa4k\xf9\xa7m/W\xa2\
}\x07^v\x0d\xefH{\xb9\x06\x87\x04\xa4K\xbf#\
\xed\xe5\xc2\x0ez\x07^v\xc9w\xa4\xbd\x5c\xd2C\x02\
\xd2\xa5\xde\x91\xf6r!\xf7\xbe\x03\x9f\xb9\xf6D\xf7\xec\
\xf3O\xd9\xaf\xd1%B\xda\xcb\x99\xdd0$\xe0\xdd\x1f\
^\xeb>\xff\xe9\xf5\xa1!\xdd\xcf:\x89\xf6rf\x07\
\x07\xbc\xf7\xcb\x9b\x1bG\x84$\xee\xe7N\xa6\xbd\x9c\xc9\
\x0dc\x03\x1e\x18\xd2\xfd\xfc\xc9\xb4\x973yp@\xba\
\x96\x90\xf6r\x0e\x8f\x0dH\xd7\xf0\x19\xe9.\xbb\x1f\x7f\
\xfb\xb3{\xf7\xa3o\xbb\x17\xde\xbas\x12\x9f\xbe~c\
\xeb\x85\xf6\x1d\x1a\x90\x0e\x09\xf9\xe4\xb5\xe7\xecs\x19#\
\x9a|}\xff\x0f$\x02j\xd6\x8f\xb7\x11\x01\xdd\x03L\
\xe5\xd4\x01\xe9\x5c!\xe1\xbd\xef\x7f\x8fT;\x22\xbe}\
\xfb+;\x9c\xc2S\x05\xa4s\x85\xbc\xf1\xce\xddH\xb5\
#\xa2\x1bM\xe1\xa9\x03\xd2\xb9B\xf6\x9b5\x01\xa1\x1b\
\x1c\xeb\x5c\x01\xe9\x1c!\xfb\xcd\x9a\x80\xd0\x0d\x8eq\xee\
\x80\xf4\xd4!\xfb\xcd\x9a\x80\xd0\x0d \xc1\x87\xaa\xfb\xfa\
\xc3\x0f\xdb\x86\xa9\xfe\x8c9\xd4!!/\xfd\xcff\x0b\
\xf7Za\xa0fM@\xe8\x06\x90\x0c\x8d\xb8t@z\
lH\xf7Za\xa0fM@\xe8\x06\x10\x91\xe0U\x7f\
?\xe2\x9e\xdf\xf3\xea\x1b\xb7\xb6\x9eh\xdf\xb9\x02\xd2!\
!_|\xf9\x15=\xff\xbe\xee\xb5\xc2~\xb3& t\
\x831\xee\xfb\x0c\xdc\xa7\x8b0F\xf7\x98C\x1d\xf3\x19\
\xd9o\xd6\x04\x84n0\xd4c\x03B\x17f\x8c\xee1\
\xc784d\xbfY\x13\x10\xba\xc1\x10\xa7\x08\x08]\x98\
1\xba\xc7\x1c\xeb\x90\x90\xfdfM@\xe8\x06\xfb\x9c*\
 ta\xc6\xe8\x1e\xf3\x10\xf7\x85\xec7k\x02B7\
\xd8\xe5\x94\x01\xa1\x0b3F\xf7\x98\x87\xba+d\xbfY\
\x13\x10\xba\x01\xe4o\xab\xfeo\xe7\xa9\x03B\x17f\x8c\
\xee1\x8f\xf1\xaa\x90\xfdfM@\xe8\x06\x90\x5c\xf5k\
\x1f\xf7cpO\x18\xba0ct\x8f\x09\x0f\xc5\xbdV\
\x18\xa8\x99\x0e\xd4\x0d \xa9\x88i\xa0f:P7\x80\
\xa4\x22\xa6\x81\x9a\xe9@\xdd\x00\x92\x8a\x98\x06j\xa6\x03\
u\x03H*b\x1a\xa8\x99\x0e\xd4\x0d \xa9\x88i\xa0\
f:P7\x80\xa4\x22\xa6\x81\x9a\xe9@\xdd\x00\x92\x8a\
\x98\x06j\xa6\x03u\x03H*b\x1a\xa8\x99\x0e\xd4\x0d\
 \xa9\x88i\xa0f:P7\x80\xa4\x22\xa6\x81\x9a\xe9\
@\xdd\x00\x92\x8a\x98\x06j\xa6\x03u\x03H*b\x1a\
\xa8\x99\x0e\xd4\x0d \xa9\x88i\xa0f:P7\x80\xa4\
\x22\xa6\x81\x9a\xe9@\xdd\x00\x92\x8a\x98\x06j\xa6\x03u\
\x03H*b\x1a\xa8\x99\x0e\xd4\x0d \xa9\x88i\xa0f\
:P7\x80\xa4\x22\xa6\x81\x9a\xe9@\xdd\x00\x92\x8a\x98\
\x06j\xa6\x03u\x03H*b\x1a\xa8\x99\x0e\xd4\x0d \
\xa9\x88i\xa0f:P7\x80\xa4\x22\xa6\x81\x9a\xe9@\
\xdd\x00\x92\x8a\x98\x06j\xa6\x03u\x03HN\x1d\xf1T\
\x1e\x8a{\xad0P3\x1d\xa8\x1b@R\x11\xd3@\xcd\
t\xa0n\x00IEL\x035\xd3\x81\xba\x01$\x151\
\x0d\xd4L\x07\xea\x06\x90T\xc44P3\x1d\xa8\x1b@\
R\x11\xd3@\xcdt\xa0n\x00\xc9T\x11\x1f\x17\xdck\
\x85\x81\x9a5\x01\xa1\x1b@R\x11\xd3@\xcd\x9a\x80\xd0\
\x0d \xa9\x88i\xa0fM@\xe8\x06\x90T\xc44P\
\xb3& t\x03H*b\x1a\xa8Y\x13\x10\xba\x01$\
\x151\x0d\xd4\xac\x09\x08\xdd\x00\x92\x8a\x98\x06j\xd6\x04\
\x84n\x00IEL\x035k\x02B7\x80\xa4\x22\xa6\
\x81\x9a5\x01\xa1\x1b@R\x11\xd3@\xcd\x9a\x80\xd0\x0d\
 \xa9\x88i\xa0fM@\xe8\x06\x90T\xc44P\xb3\
& t\x03H*b\x1a\xa8Y\x13\x10\xba\x01$\x15\
1\x0d\xd4\xac\x09\x08\xdd\x00\x92\x8a\x98\x06j\xd6\x04\x84\
n\x00IEL\x035k\x02B7\x80\xa4\x22\xa6\x81\
\x9a5\x01\xa1\x1b@R\x11\xd3@\xcd\x9a\x80\xd0\x0d \
\xa9\x88i\xa0fM@\xe8\x06\x90T\xc44P\xb3&\
 t\x03H*b\x1a\xa8Y\x13\x10\xba\x01$\x151\
\x0d\xd4\xac\x09\x08\xdd\xa0\xdc\xb6\xdf\xac\x09\x08\xdd\xa0\xdc\
\xb6\xdf\xac\x09\x08\xdd\xa0\xdc\xb6\xdf\xac\x09\x08o\xbe\xff\
\x85\x1d\x95\x8f|\xe9\xd6'\x91jG\xc4O\xbf\xf9\xd5\
\x0e\xcbG~\xf0\xd9\xfdH\xb5#\xe2?\xff\xfe\xd7}\
\xf8\xe5\xcfv\x5c\xde\xe9\xde\xfb\xf8\xbb\xee\xaf\xbf\x1fD\
\xaa\x1d\x11\xcb\xf1\xda\xcbr\x9c\xf6\xb2\x1ccw\xf6?\
\xadz\xce\x9c\xe0\x03d\xa3\x00\x00\x00\x00IEND\
\xaeB`\x82\
\x00\x00\x02\xd6\
\x89\
PNG\x0d\x0a\x1a\x0a\x00\x00\x00\x0dIHDR\x00\
\x00\x00\x10\x00\x00\x00\x10\x08\x02\x00\x00\x00\x90\x91h6\
\x00\x00\x00\x01sRGB\x00\xae\xce\x1c\xe9\x00\x00\x00\
\x04gAMA\x00\x00\xb1\x8f\x0b\xfca\x05\x00\x00\x00\
\x09pHYs\x00\x00\x0e\xc3\x00\x00\x0e\xc3\x01\xc7o\
\xa8d\x00\x00\x02kIDAT8Oc\xf8\xf0\xe1\
\xc3\xcd{O.\x5c\xbb\x7f\xee\xca\xe3\xbb\xcf\xce?}\
\x7f\xf4\xc9\xbb\xe3p\x04\xe4\xde{v\x1e(u\xf1\xfa\
\x83\xfb\x8f\x9e\x7f\xfa\xf8\x91\xe1\xfa\x9dG\x8ds\x0f6\
\xcc=\xbch\xe3\x9dmw\x03\xd6?c\x5c\xff\x94\x0b\
\x81\x9e1\xee\xb8\x1f\xd4\xbf\xe8r\xed\xecC\xads\x0f\
<~\xfa\x82\xe1\xcc\xa5\xbb\xad\xcbN\xe7L;z\xf6\
\xf2\xe7\xeb\xdfr6>\x11\xda\xfaL\x16\x8e\x80\xdc\xbb\
\xbf\xf2g\xac\xbe\x914\xe1Pr\xc7\xb6\x1bw\x1e1\
\x9c\xbdz\xafe\xc9\xc9\xa4\xbe\x03G\xcf\xbc\xbb\xfa%\
\x1bS\xc3\xed\x1fy\xfd\x8b\xae\x844\xef\x8am\xde|\
\xeb\xeec\xb0\x86\xa5'\x93\xfb\x0f\x1e=\xf3\x1e\xbb\x86\
\x9fy\xfd\x8b\xaf\x067\xed\x88i\xdat\xeb\x1e\xb1\x1a\
.\xfb\xd5n\x8e\xac\xdfp\xfb\xde\x134\x0d\x99\x1b\x9e\
\x08ly*\x05G@\xee\xad\x1f9}\x8b.{W\
n\x08\xabY\x8b\xa6\xe1\xed\x95/\x19\x1b\x9e\xf0n~\
*\x0eG@\xee\xad\x1f\xd9\xbd\x8b.\xb9\x16\xaf\x0d\xae\
Z}\xfb>B\xc3\x81#\xe7\xee\xff\xc7\x01\xba\x16\x1e\
t\xcc[\x11X\xb6\xe2\xce\xfd\xa7`\x0dKNfN\
=\xde\xbd\xe8\xf0\xddG\xaf\xaf\xddyq\xf5\xee\x8bk\
\x08\xf4\xf2\xce\xc3W\xb9\xdd\x9b\xeds\x96\xf9\x95.\x83\
jh^t\xa2l\xf1\xa5\xd8\xee\xfd\xfe5\x1b}*\
7x\x96\xads/Y\xed\x5c\xb0\xd21w\xb9}\xf6\
\x12\x87\xac\x85N\xb9K\x1dr\x96y\x17.\xb9\xf3\x00\
\xa2a\xf1\xc9\xa2yg}\xca\xd7F\xd7\xae\xc8\xeb^\
\x9f\xdd\xb5>\xbdmUb\xc3\x92\xf8\xda\x85~\x05\xb3\
\x1d\xb2\x97\xd8e.\xb4N_\xe0\x91\xb7\xf0.DC\
\xcbb\xa0\x1f\x0e\xb9\xe5/^\xb7\xeb@\xff\xa4\xae\xc8\
\xe8\x88\xfe\xc9}{\x0f\xec\xdc\xb2m\xed\xc4Y\x0b\xa2\
\xdav\xb8\x16\xae0\x8a\x9b\xe5\x965\xff\xee\xc3g\x10\
'\x1dO\xe89\xe0S\xb6b\xeb\xc1\xa3..\xf6\x0c\
\x0c\x0cA\xc1\xfe[wn\x5c\xb6b~{\xff\xc4\x98\
\x8e\x9d\xee\xc5\xab\xb4\xc3'9\xa6\xcf\x01k\xb8r\xaf\
i\xe1\xf1\xf8\xae}\xde%\xcb\xd7l\xdfcoo\x05\
\xd4\xe0\xed\xe3\xb1l\xe5\xc2\xa9\xd3\xfb\xca\x1a\x9a\xa3\xdb\
w\xb8\x15\xadR\x0d\xec\xb5K\x9eq\xef\xe1s\x06`\
\xbam[x8\xbe{\x8f{\xe1\xb2\xa9\x0bW\xf4\xf6\
wd\xe7f\xd47\xd6t\xf5u\xd47V\xa5\xe6\x16\
E\xb4\xecp*X!\xeb\xd9n\x938\xfd\xde\xa3\xe7\
\x00\x05\x9f\xe9.\xdc\xed\x8a\xba\x00\x00\x00\x00IEN\
D\xaeB`\x82\
\x00\x00\x085\
\x89\
PNG\x0d\x0a\x1a\x0a\x00\x00\x00\x0dIHDR\x00\
\x00\x00d\x00\x00\x00]\x08\x06\x00\x00\x00S\x97\xc31\
\x00\x00\x00\x01sRGB\x00\xae\xce\x1c\xe9\x00\x00\x00\
\x04gAMA\x00\x00\xb1\x8f\x0b\xfca\x05\x00\x00\x00\
\x09pHYs\x00\x00\x0fa\x00\x00\x0fa\x01\xa8?\
\xa7i\x00\x00\x00\x18tEXtSoftwa\
re\x00paint.net 4.0\
.6\xfc\x8cc\xdf\x00\x00\x07\xa6IDATx^\
\xed\x9c\xa1\x92^\xd5\x16\x84#\x10\x91\xa1\x0a\x83\xa0j\
\xaa@\x22b\x10\xb8\x91\xf1T\xa8\xe0\x22\x91\xc1\xe1\x22\
\xa31\x18D\xfc\x18\x14*\x82G\xe0\x11\xf2\x08\x91\x91\
\xc3\xe9S}&\xbb\xfbt\x92\x7fg\xf6\xbf\xd7!\xe4\
\xab\xfa\xcc=}{\xad\xbb\xf6\x88{\xa9\xba\xff\x1dp\
}}\xbd\xf3\x13\xe7\xe3\xbd\xb7\xf6\x00}H\xbfo\xfe\
\xb5\xd5O\xdc\x8e\xf7\xde\xd3\x03t4W\x03\xfceq\
\xfbC\xf9P\xe5\x0f\xac\x82v~\xdc\xc1\x03\xf0\xf9\xf3\
\xe7\xd7\x97\x97\x97H\x1fJ\xec\xf4\xec\xd9\xb3e\xc5=\
\x93w\xbe:\xd5e\xa7\xabe\xe7\xf6\x0fKn\xbd\xc3\
\x03\x0c\xb5\xc3\x0f\xe7\xd3\xa7O\x975\xdf\x80\xc7H\xb9\
#\xd9\xec\xec\xb7V<\xc0\x90\x94\x1d\xcd{\xf7\xee-\
k\xbe\xe1\xfe\xfd\xfb1w$\x9b\x9d\xfd\xd6\x8a\x07\x18\
\x92\xb2#\xda\x92\xbe\x1fQ\xe2\xb7V<\xc0\x90\x14\x1d\
\xd1\x96\xf4\xfd\x88\x12\xbf\xb5\xe2\x01\x86\xa4\xe8\x88\xb6\xa4\
\xefG\x94\xf8\xad\x15\x0f0$E\xb0\x8a\xb4\x0blI\
\xdfa\x15i\x17H\xd6\x1bo\xee\xf0\x00CR\x04\xab\
H\xbb\xc0\x96\xf4\x1dV\x91v\x81d\xbd\xf1\xe6\x0e\x0f\
0$E\xb0\x8a\xb4\x0blI\xdfa\x15i\x17H\xd6\
\x1bo\xee\xf0\x00CR\x04\xabH\xbb\xc0\x96\xf4\x1dV\
\x91v\x81d\xbd\xf1\xe6\x0e\x0f0$E\xb0\x8a\xb4\x0b\
lI\xdfa\x15i\x17H\xd6\x1bo\xee\xf0\x00CR\
\x04\xabH\xbb\xc0\x96\xf4\x1dV\x91v\x81d\xbd\xf1\xe6\
\x0e\x0f0$E\xb0\x8a\xb4\x0blI\xdfa\x15i\x17\
H\xd6\x1bo\xee\xf0\x00CR\x04\xabH\xbb@\xfc\xb3\
\xa1\xc7\x8f\x1f\xbf3SE\xda\x05\x92\x9b;\xc3\x1d\x1e\
`H\x8a`\x15i\x97V<J\xfa\xd7a\x15i\x17\
Hn\xee\x0cwx\x80!)\x82U\xa4]N\xb5\x8a\
\xb4\x0b$7w\x86;<\xc0\x90\x14\xc1*\xd2.\xa7\
ZE\xda\x05\x92\x9b;\xc3\x1d\x1e`H\x8a`\x15i\
\x97S\xad\x22\xed\x02\xc9\xcd\x9d\xe1\x0e\x0f0$E\xb0\
\x8a\xb4\xcb\xa9V\x91v\x81\xe4\xe6\xcep\x87\x07\x18\x92\
\x22XE\xda\xe5T\xabH\xbb@rsg\xb8\xc3\x03\
\x0cI\x11\xac\x00\xff\xd56\xedr\xaaU\xa4] \xb9\
\xb93\xdc\xe1\x01\x86\xa4\x08\xce\xe6}\x8f\xf1\xd5\xd7\x9f\
_\x7f\xfb\xdd\x97\xf1\xdb\xe6\xf6\xbfSf\x93v\x81\xc4\
o\xadx\x80!)\x8239\xe51~\xfb\xf3\x87\xeb\
\xdf\xff\xfa\xf1\x90\x8f\x92\xf6\x80\xc4o\xadx\x80!)\
\x82\xb38\xf51\xfex\xf1\xd3\xea\x11\x1f%\xed\x00\x89\
\xdfZ\xf1\x00CR\x04g\xd0\xfb\x18G}\x944\x1f\
\x12\xbf\xb5\xe2\x01\x86\xa4\x08\x9e\x9b\x0f}\x8c\xcd#=\
J\x9a\x0d\x89\xdfZ\xf1\x00CR\x04\xcf\xc9m\x1fc\
\xf3(\x8f\x92\xe6B\xe2\xb7V<\xc0\x90\x14\xc1s1\
\xea16\x8f\xf0(i&$~k\xc5\x03\x0cI\x11\
<\x07\xa3\x1fc\xb3\xfaQ\xd2<H\xfc\xd6\x8a\x07\x18\
\x92\x228\x9as=\xc6f\xe5\xa3\xa4Y\x90\xf8\xad\x15\
\x0f0$Ep$\xe7~\x8c\xcd\xaaGIs \xf1\
[+\x1e`H\x8a\xe0(f=\xc6f\xc5\xa3\xa4\x19\
\x90\xf8\xad\x15\x0f0$Ep\x04\xb3\x1fcs\xf6\xa3\
\xa4~H\xfc\xd6\x8a\x07\x18\x92\x22x[\xaa\x1ecs\
\xe6\xa3\xa4nH\xfc\xd6\x8a\x07\x18\x92\x22x\x1b\xaa\x1f\
cs\xd6\xa3\xa4^H\xfc\xd6\x8a\x07\x18\x92\x22\xf8\xa1\
\x1c\xe516g<J\xea\x84\xc4o\xadx\x80!)\
\xaa2\x1d\xb4\xc7\xd4Y)\xf1[+\x1e`H\x8a\xaa\
LG\xee1uVJ\xfc\xd6\x8a\x07\x18\x92\xa2*\xd3\
\x91{L\x9d\x95\x12\xbf\xb5\xe2\x01\x86\xa4\xa8\xcat\xe4\
\x1eSg\x95w\xef\xde]N\xbb\xe2\xb7V<\xc0\x90\
\x94U\x99\x8e\xdcc\xea\xac\xf2\xd1\xa3G\xcbiW\xfc\
\xd6\x8a\x07 \xfe[\x06>U\x9b\x8e\xdcc\xea\xac\xf0\
\xc1\x83\x07\xd7\xaf^\xbdZN\xbb\x22\xb7\xde\xe1\x01:\
\x15\xac\x91LG\xee1u\xc2b\xe4\xd6;<@\xa7\
\x825\x92\xe9\xc8=\xa6NX\x8c\xdcz\x87\x07\xe8T\
\xb0F2\x1d\xb9\xc7\xd4\x09\x8b\x91[\xef\xf0\x00<\xca\
\x8f\xcf\xa4#\xf7\x98:g\x1b~0Gn\xbd\xc3\x03\
\x0cIi\x95\xe9\xc8=\xa6\xce*\xf1\x8f\x90\x88\xdfZ\
\xf1\x00CRVe:r\x8f\xa9\xb3\xca\x8f\xe2\xc7g\
\xd2\x91{L\x9d\x95\x12\xbf\xb5\xe2\x01\x86\xa4\xa8\xcat\
\xe4\x1eSg\xa5\xc4o\xadx\x80!)\xaa2\x1d\xb9\
\xc7\xd4Y)\xf1[+\x1e`H\x8a`\xfa\x0f<\xca\
4\x0f\xa6l\x8f\xa9\x13\xa6\xecH\xd3LH\xfc\xd6\x8a\
\x07\x18\x92\x22\x98\x06\x8f2\xcd\x83)\xdbc\xea\x84)\
;\xd24\x13\x12\xbf\xb5\xe2\x01\x86\xa4\x08\xa6\xc1\xa3L\
\xf3`\xca\xf6\x98:a\xca\x8e4\xcd\x84\xc4o\xadx\
\x80!)\x82i\xf0(\xd3<\x98\xb2=\xa6N\x98\xb2\
#M3!\xf1[+\x1e`H\x8a`\x1a<\xca4\
\x0f\xa6l\x8f\xa9\x13\xa6\xecH\xd3LH\xfc\xd6\x8a\x07\
\x18\x92\x22\x98\x06\x8f2\xcd\x83)\xdbc\xea\x84);\
\xd24\x13\x12\xbf\xb5\xe2\x01\x86\xa4\x08\xa6\xc1\xa3L\xf3\
`\xca\xf6\x98:a\xca\x8e4\xcd\x84\xc4o\xadx\x80\
!)\x82i\xf0(\xd3<\x98\xb2=\xa6N\x98\xb2#\
M3!\xf1[+\x1e`H\x8a`\x1a<\xca4\x0f\
\xa6l\x8f\xa9\x13\xa6\xecH\xd3LH\xfc\xd6\x8a\x07\x18\
\x92\x22\x98\x06\x8f2\xcd\x83)\xdbc\xea\x84);\xd2\
4\x13\x12\xbf\xb5\xe2\x01\x86\xa4\x08\xa6\xc1\xa3L\xf3`\
\xca\xf6\x98:a\xca\x8e4\xcd\x84\xc4o\xadx\x80!\
)\x82i\xf0(\xd3<\x98\xb2=\xa6N\x98\xb2#M\
3!\xf1[+\x1e`H\x8a`\x1a<\xca4\x0f\xa6\
l\x8f\xa9\x13\xa6\xecH\xd3LH\xfc\xd6\x8a\x07\x18\x92\
\x22\x98\x06\x8f2\xcd\x83)\xdbc\xea\x84);\xd24\
\x13\x12\xbf\xb5\xe2\x01\x86\xa4\x08\xa6\xc1\xa3L\xf3`\xca\
\xf6\x98:a\xca\x8e4\xcd\x84\xc4o\xadx\x80!)\
\x82i\xf0(\xd3\xbcs\x9av\x18i\x9a\x09\x89\xdfZ\
\xf1\x00CR\x04\xd3\xe0Q\xa6y\xe74\xed0\xd24\
\x13\x12\xbf\xb5\xe2\x01\x86\xa4\x08\xa6\xc1\xa3L\xf3\xcei\
\xdaa\xa4i&$~k\xc5\x03\x0cI\x11L\x83G\
\x99\xe6\x9d\xd3\xb4\xc3H\xd3LH\xfc\xd6\x8a\x07\x18\x92\
\x22\x98\x06\x8f2\xcd;\xa7i\x87\x91\xa6\x99\x90\xf8\xad\
\x15\x0f0$E0\x0d\x1ee\x9awN\xd3\x0e#M\
3!\xf1[+\x1e`H\x8a`\x1a<\xc3\xb4\x0bl\
I\xdfa\xea\x9ba\xda\x05\x12\xbf\xb5\xe2\x01\x86\xa4\x08\
\xa6\xc13L\xbb\xc0\x96\xf4\x1d\xa6\xbe\x19\xa6] \xf1\
[+\x1e`H\x8a`\x1a<\xc3\xb4\x0blI\xdfa\
\xea\x9ba\xda\x05\x12\xbf\xb5\xe2\x01\x86\xa4\x08\xa6\xc13\
L\xbb\xc0\x96\xf4\x1d\xa6\xbe\x19\xa6] \xf1[+\x1e\
`H\x8a`\x1a<\xc3\xb4\x0blI\xdfa\xea\x9ba\
\xda\x05\x12\xbf\xb5\xe2\x01\x86\xa4\x08\xa6\xc13L\xbb\xc0\
\x96\xf4\x1d\xa6\xbe\x19\xa6] \xf1[+\x1e`H\x8a\
`\x1a<\xc3\xb4\x0blI\xdfa\xea\x9ba\xda\x05\x12\
\xbf\xb5\xe2\x01\x86\xa4\x08\xa6\xc13L\xbb\xc0\x96\xf4\x1d\
\xa6\xbe\x19\xa6] \xf1[+\x1e`H\x8a`\x1a<\
\xc3\xb4\x0blI\xdfa\xea\x9ba\xda\x05\x12\xbf\xb5\xe2\
\x01\x86\xa4\xe8\x88\xb6\xa4\xefG\x94\xf8\xad\x15\x0f0$\
EG\xb4%}?\xa2\xc4o\xadx\x80!):\xa2\
-\xe9\xfb\x11%~k\xc5\x03\x0cI\xd1\xd1l~\xc8\
e\xe5\xe2\xe2\x22\xe6\x8e\xe4G\xf1\xe33o\xb3\xf9!\
\x97\x95'O\x9e\xc4\xdc\x91\xbc\xed\x8f\xcf\xbc\x5c>\xc1\
]q\xb5\xf6C.+\xaf_\xbf^\x7f\x96/\xe5\x8f\
\xe0\xad\x7f|\xa6\x97\xe5\xdf\xf3\xd9\xe2\xc5[\xfc~\xf1\
\xe1[\xc4\x8f\x1b&\x7f]\xc4\xff\xd3\xbe\xf5\xea=\xbe\
X\xfc;\xf8\xcf\xe2Kz\x04\xde}k\x0f\xc4\xd0\xff\
\x8c\xe5\x06_,\xa6?\xaeo\x16/\x17\xd3\x1f\x17L\
\x7f\x5c?/\xb6\x7fX\x9fn\xfd\xdf\xe0\xce\x9d\x7f\x01\
\xc4\x94x\xe2Z)h\xad\x00\x00\x00\x00IEND\
\xaeB`\x82\
\x00\x00\x06\x10\
\x89\
PNG\x0d\x0a\x1a\x0a\x00\x00\x00\x0dIHDR\x00\
\x00\x00U\x00\x00\x00W\x08\x06\x00\x00\x00u=\x09Q\
\x00\x00\x00\x01sRGB\x00\xae\xce\x1c\xe9\x00\x00\x00\
\x04gAMA\x00\x00\xb1\x8f\x0b\xfca\x05\x00\x00\x00\
\x09pHYs\x00\x00\x0e\xc3\x00\x00\x0e\xc3\x01\xc7o\
\xa8d\x00\x00\x00\x1atEXtSoftwa\
re\x00Paint.NET v3.\
5.100\xf4r\xa1\x00\x00\x05\x7fIDAT\
x^\xed\x96\xbf\x8b\x1eU\x18F\xd3\xdb\x88eJ\x1b\
\x9b\x14+\x88\x8a\x85\x9d\xb2\x8d\x85\x95(\xc4\xc2F\xb0\
\xd2^\x0b\x11RD\x10-\x144\x8d\x82\x85\x22\xd8D\
l\x84\x14ba\xef\x1f\x92\x22\xc8\xfa\xa3\x18\xdf\xc3\xf8\
\x92\xe5\xce\xd9\xcdwg\xee\x9do\x8b\xfb\xc0\xb1xL\
\x9e\xb9\xef!n\xbc6M\xd3\xa01Z\x0e\xb6\xa1\xe5\
`\x1bZ\x0e\xb6\xa1\xe5\xdeD\xf8\xc7n\x94\xdfo\x8d\
\x96{S\x1e\xdd\x9b\xf2\xfb\xad\xd1ro\xca\xa3{S\
~\xbf5Z\xeeMyto\xca\xef\xb7F\xcb\xbd)\
\x8f\xeeM\xf9\xfd\xd6h\xb97\xe5\xd1\xbd)\xbf\xdf\x1a\
-\xf7\xa6<:\xb9\xf3\xcb\xeb\x9b\xb0M(\xbf\xdf\x1a\
-\xf7\xa6<:1Q5\xd8&\x94\xdfo\x8d\x96\xc1\
\xf4\xd3\xaf\x7fL\xef\xdc\xfanz\xfe\xe6\xed\xee\xd8\xe1\
`\xa2j\xb0M\xb07\x1c\x0aN\xbe\xb9\xfb;\x8a\x88\
\xb9\x8b/H\x89P\x1b\xec\x85\x1d\x0e&\xaa\x06\xdb\x04\
{C-w~\xfc-T-\xdd\x81\x96o\xbe\xff\xb5\
\x0e\xf5\xc2\x0e\x07\x13U\x83m\x82\xbd\xa1\x96\x97\xde\xfe\
,T-\xdd\x81\x966\xd2\x13;\x1cLT\x0d\xb6\x09\
\xf6\x865\x94\xde\x12-m\xa0'v8\x98\xa8\x1al\
\x13\xec\x0dk(\xbd%Z\xda@O\xecp0Q5\
\xd8&\xd8\x1b\xd6PzK\xb4\xb4\x01\xc8\xf0C\xda\xfe\
\xfd\xff?\xbc\xabc\x87\x83\x89\xaa\xc16\xa16v+\
D\x16\xee@K\x1b\x80\xcc\x90:\x13Y\xb8\x03-m\
\x00\x90\x06\x17\xfd\xff+}\xfe\x9a\x1a\xecp0Q5\
\xd8&\xd8\x1b.\xc3n\x85\xd2[\xa2\xa5\x0d\xf4\xc4\x0e\
\x07\x13U\x83m\x82\xbda\x0d\xa5\xb7DK\x1b\xe8\x89\
\x1d\x0e&\xaa\x06\xdb\x04{\xc3\x1aJo\x89\x966\xd0\
\x13;\x1cLT\x0d\xb6\x09\xf6\x865\x94\xde\x12-m\
\xa0'v8\x98\xa8\x1al\x13\xec\x0dk(\xbd%Z\
\xda@O\xecp0Q5\xd8&\xd8\x1b\xd6PzK\
\xb4\xb4\x01\xc8\xbf\x0d\xc7\xdf\xfe3\xa5\xb7DK\x1b\x80\
\xccE\x1f\xa2_\x13;\x1cLT\x0d\xb6\x09\xb5\xb1[\
!\xb2p\x07Z\xda\x00d\x86\xd4\x99\xc8\xc2\x1dhi\
\x03\x90\x19Rg\x22\x0bw\xa0\xa5\x0d@fH\x9d\x89\
,\xdc\x81\x966\x00\x99!u&\xb2p\x07Z\xda\x00\
d\x86\xd4\x99\xc8\xc2\x1dhi\x03\x90\x19Rg\x22\x0b\
w\xa0\xa5\x0d@\xa6\x94\xfa\xec\x1b\xb7\xa6\xc7\xaf?\xb5\
x\xfcVLT\x0d\xb6\xb9\x85\xc7\x9e\xb8>=\xf3\xda\
\x87\xe7}\xa8?-\xcf\x0b;O\xc6\xfe\xa4\x22\xf6\xc6\
\xd3\xcf-\x1e\xb2\x05\x13U\x83m\xae\xa5\x14\x0a\x11\xf5\
\xa7\xe5\xf9\xdfx\x9e\xccE\xff\xf9\x7f\xf1\xfd\xbd\xe9\xf4\
\xf4t\xf1\xa0\xb5\x98\xa8\x1als\x0d&\x14\x22\xeaO\
\xcb\xf27'\x99\xcb~\xa6\x9e\x9d\x9d5\x13k\xa2j\
\xb0\xcdZNNNT(D\xd4\x9f\x966\x00\x99\xcb\
\xa4\x92VbMT\x0d\xb6Y\x03B\xef\xdf\xbf\xaf\xb7\
BD\xfdii\x03\x90y\x94T\xd2B\xac\x89\xaa\xc1\
6\x0f%\x85\x12\xbb\x15\x22\xeaOK\x1b\x80\xcc!R\
\xc9!b_x\xf9I\x15\xd2\x93Wn\xde\xd0\xb7$\
\xe7\x85\x12\xbb\x15\x22\xeaOK\x1b\x80\xcc\xa1R\xc9U\
\x13[+\x94\xd8\xad\x10Q\x7fZ\xda\x00dj\xa4\x92\
\xab\x22v\x8dPb\xb7BD\xfdii\x03\x90\xa9\x95\
J\x8e-v\xadPb\xb7BD\xfdii\x03\x90Y\
#\x95\x1cK\xec\x16\xa1\xc4n\x85\x88\xfa\xd3\xd2\x06 \
\xb3V*\xd9[\xecV\xa1\xc4n\x85\x88\xfa\xd3\xd2\x06\
 \xb3E*\xd9Kl\x0b\xa1\xc4n\x85\x88\xfa\xd3\xd2\
\x06 \xb3U*\xe9-\xb6\x95Pb\xb7BD\xfdi\
i\x03\x90i!\x95\xf4\x12\xdbR(\xb1[!\xa2\xfe\
\xb4\xb4\x01\xc8\xb4\x92JZ\x8bm-\x94\xd8\xad\x10Q\
\x7fZ\xda\x00dZJ%\xad\xc4\xf6\x10J\xecV\x88\
\xa8?-m\x002\xad\xa5\x92\xadb{\x09%v+\
D\xd4\x9f\x966\x00\x99\x1eR\xc9Z\xb1=\x85\x12\xbb\
\x15\x22\xeaOK\x1b\x80L/\xa9\xa4Vlo\xa1\xc4\
n\x85\x88\xfa\xd3\xd2\x06 \xd3S*9T\xec\x1eB\
\x89\xdd\x0a\x11\xf5\xa7\xa5\x0d@\xa6\xb7Tr\x88\xd8\xcb\
h%\x94\xd8\xad\x10Q\x7fZ\xda\x00d\xf6\x90J\xd6\
\x8am)\x94\xd8\xad\x10Q\x7fZ\xda\x00d\xf6\x92J\
j\xc5\xb6\x16J\xecV\x88\xa8?-m\x002{J\
%\x87\x8a\xed!\x94\xd8\xad\x10Q\x7fZ\xda\x00d\xf6\
\x96J\x1e%\xb6\x97Pb\xb7BD\xfdii\x03\x90\
9\x86Tr\x91\xd8\x9eB\x89\xdd\x0a\x11\xf5\xa7\xa5\x0d\
@\xe6XRI)\xb6\xb7Pb\xb7BD\xfdii\
\x03\x909\xa6T\x92b\xf7\x10J\xecV\x88\xa8?-\
m\x002\xc7\x96J\x10\xbb\x87Pb\xb7BD\xfdi\
i\x03\x90\xb9\x0aR\xf7\x8c\xdd\x0a\x11\xf5\xa7\xa5\x0d@\
fH\x9d\x89\xa8?-m\x002C\xeaLD\xfdi\
i\x03\x90\x19Rg\x22\xeaOK\x1b\x80\xcc\x90:\x13\
Q\x7fZ\xda\x00d\x86\xd4\x99\x88\xfa\xd3\xd2\x06 3\
\xa4\xceD\xd4\x9f\x966\x00\x99!u&\xa2\xfe\xb4\xb4\
\x01\xc8\x0c\xa93\x11\xf5\xa7\xa5\x0d@fH\x9d\x89\xa8\
?-m\x002C\xeaLD\xfdii\x03\x90\x19R\
g\x22\xeaOK\x1b\x80\xcc\x90:\x13Q\x7fZ\xda\x00\
d\x86\xd4\x99\x88\xfa\xd3\xd2\x06 3\xa4\xceD\xd4\x9f\
\x9660XRzK\xb4\xb4\x81\xc1\x92\xd2[\xa2\xa5\
\x0d\x0c\x96\x94\xde\x12-_}\xefK\x1d\x19<\xe4\xc5\
\xb7>\x09UKw\xa0\xe5\xa7\xdf\xde\xd3\xa1\xc1C>\
\xf8\xfcn\xa8Z\xba\x03-\xff\xfe\xe7\xdf\xe9\xa3\xaf~\
\xd6\xb1\xc1\xed\xe9\xdd\x8f\x7f\x98\x1e\xfc\xf9W\xa8Z\xba\
\x03-\x07\xdb\xd0r\xb0\x85\xe9\xda\x7f\xf5\x87\xa5\xdbj\
{\xfd\x00\x00\x00\x00\x00IEND\xaeB`\x82\
\x00\x00\x0ai\
<\
?xml version=\x221.\
0\x22 encoding=\x22UTF\
-8\x22 standalone=\x22\
no\x22?>\x0d\x0a<!-- Crea\
ted with Inkscap\
e (http://www.in\
kscape.org/) -->\
\x0d\x0a\x0d\x0a<svg\x0d\x0a   xml\
ns:dc=\x22http://pu\
rl.org/dc/elemen\
ts/1.1/\x22\x0d\x0a   xml\
ns:cc=\x22http://cr\
eativecommons.or\
g/ns#\x22\x0d\x0a   xmlns\
:rdf=\x22http://www\
.w3.org/1999/02/\
22-rdf-syntax-ns\
#\x22\x0d\x0a   xmlns:svg\
=\x22http://www.w3.\
org/2000/svg\x22\x0d\x0a \
  xmlns=\x22http://\
www.w3.org/2000/\
svg\x22\x0d\x0a   xmlns:s\
odipodi=\x22http://\
sodipodi.sourcef\
orge.net/DTD/sod\
ipodi-0.dtd\x22\x0d\x0a  \
 xmlns:inkscape=\
\x22http://www.inks\
cape.org/namespa\
ces/inkscape\x22\x0d\x0a \
  width=\x2232\x22\x0d\x0a  \
 height=\x2232\x22\x0d\x0a  \
 id=\x22svg15176\x22\x0d\x0a\
   version=\x221.1\x22\
\x0d\x0a   inkscape:ve\
rsion=\x220.92.0 r1\
5299\x22\x0d\x0a   sodipo\
di:docname=\x22role\
_startup.svg\x22>\x0d\x0a\
  <defs\x0d\x0a     id\
=\x22defs15178\x22 />\x0d\
\x0a  <sodipodi:nam\
edview\x0d\x0a     id=\
\x22base\x22\x0d\x0a     pag\
ecolor=\x22#ffffff\x22\
\x0d\x0a     bordercol\
or=\x22#666666\x22\x0d\x0a  \
   borderopacity\
=\x221.0\x22\x0d\x0a     ink\
scape:pageopacit\
y=\x220.0\x22\x0d\x0a     in\
kscape:pageshado\
w=\x222\x22\x0d\x0a     inks\
cape:zoom=\x2211.19\
7802\x22\x0d\x0a     inks\
cape:cx=\x222.82777\
21\x22\x0d\x0a     inksca\
pe:cy=\x2216\x22\x0d\x0a    \
 inkscape:curren\
t-layer=\x22layer1\x22\
\x0d\x0a     showgrid=\
\x22true\x22\x0d\x0a     ink\
scape:grid-bbox=\
\x22true\x22\x0d\x0a     ink\
scape:document-u\
nits=\x22px\x22\x0d\x0a     \
inkscape:snap-gl\
obal=\x22false\x22\x0d\x0a  \
   inkscape:wind\
ow-width=\x221155\x22\x0d\
\x0a     inkscape:w\
indow-height=\x2273\
4\x22\x0d\x0a     inkscap\
e:window-x=\x22183\x22\
\x0d\x0a     inkscape:\
window-y=\x2248\x22\x0d\x0a \
    inkscape:win\
dow-maximized=\x220\
\x22>\x0d\x0a    <inkscap\
e:grid\x0d\x0a       t\
ype=\x22xygrid\x22\x0d\x0a  \
     id=\x22grid151\
84\x22\x0d\x0a       orig\
inx=\x220\x22\x0d\x0a       \
originy=\x220\x22\x0d\x0a   \
    spacingx=\x221.\
0666667\x22\x0d\x0a      \
 spacingy=\x221.066\
6667\x22 />\x0d\x0a  </so\
dipodi:namedview\
>\x0d\x0a  <metadata\x0d\x0a\
     id=\x22metadat\
a15181\x22>\x0d\x0a    <r\
df:RDF>\x0d\x0a      <\
cc:Work\x0d\x0a       \
  rdf:about=\x22\x22>\x0d\
\x0a        <dc:for\
mat>image/svg+xm\
l</dc:format>\x0d\x0a \
       <dc:type\x0d\
\x0a           rdf:\
resource=\x22http:/\
/purl.org/dc/dcm\
itype/StillImage\
\x22 />\x0d\x0a        <d\
c:title></dc:tit\
le>\x0d\x0a      </cc:\
Work>\x0d\x0a    </rdf\
:RDF>\x0d\x0a  </metad\
ata>\x0d\x0a  <g\x0d\x0a    \
 id=\x22layer1\x22\x0d\x0a  \
   inkscape:labe\
l=\x22Layer 1\x22\x0d\x0a   \
  inkscape:group\
mode=\x22layer\x22\x0d\x0a  \
   transform=\x22tr\
anslate(0,-2.133\
334)\x22>\x0d\x0a    <pat\
h\x0d\x0a       sodipo\
di:nodetypes=\x22cc\
cccccccccccccccc\
\x22\x0d\x0a       inksca\
pe:connector-cur\
vature=\x220\x22\x0d\x0a    \
   id=\x22path11114\
-7-4-5\x22\x0d\x0a       \
d=\x22m 13.524102,1\
2.709699 h 15.19\
9935 c 2.499347,\
0 2.377064,4.316\
892 0,4.316892 h\
 -11.408876 5.63\
1723 c 0,1.69509\
3 -0.0725,4.3219\
25 -2.320175,4.3\
21925 h -3.46813\
2 4.72415 c 0,1.\
919694 -0.48746,\
4.118491 -2.6108\
94,4.118491 h -2\
.882511 3.699312\
 c 0,1.332359 -1\
.024697,4.234181\
 -5.691958,4.234\
181 H 9.2609204 \
c -2.1417004,0 -\
7.7193233,-1.443\
403 -7.7193233,-\
3.340969 V 16.85\
2968 L 15.373687\
,4.4232403 c 1.4\
78275,0 3.241692\
,1.4196041 1.701\
928,4.143233 z\x22\x0d\
\x0a       style=\x22f\
ill:#ffffff;fill\
-opacity:1;strok\
e:#039800;stroke\
-width:2.2856862\
5;stroke-linejoi\
n:round;stroke-m\
iterlimit:4;stro\
ke-dasharray:non\
e;stroke-opacity\
:1\x22 />\x0d\x0a  </g>\x0d\x0a\
</svg>\x0d\x0a\
\x00\x00\x02y\
\x89\
PNG\x0d\x0a\x1a\x0a\x00\x00\x00\x0dIHDR\x00\
\x00\x00\x18\x00\x00\x00\x18\x08\x06\x00\x00\x00\xe0w=\xf8\
\x00\x00\x00\x04sBIT\x08\x08\x08\x08|\x08d\x88\
\x00\x00\x00\x09pHYs\x00\x00\x07\xee\x00\x00\x07\xee\
\x01\xc6>\x9a?\x00\x00\x00\x19tEXtSof\
tware\x00www.inksca\
pe.org\x9b\xee<\x1a\x00\x00\x01\xf6ID\
ATH\x89\xb5\xd6=HVQ\x18\x07\xf0\xdf\xf3\xf2\
\x06ad\x83%\x14\x91B\x92\x8b\x82E\x83m\xe5\xd0\
\xc7\xe2\xe2\xd8RknQ\x0d.Q\x838\xb5\xda\xd6\
\xd4\xd8\x12\x84}Pm\x05\x11\x81\xd5\x92\xb8\xd8\xd0\x90\
\x09%\xa4a\xe2i\xb8Gy\xbd\xbc\x1f\x9a\xf8\xc0\xc3\
\xe5\x9e\xe7\x9c\xff\xff\xf9\xbc\xe7FJ\xc9nJeW\
\xd1[\x11DDWD\xdchb\xbf\x15\x11\xddM\x19\
RJ\x0d\x15\xfdX\xc3`\x1d\xdb`\xb6\xf55\xc3\x88\
V5\x88\x88G\xd8\x87\xab\xe8\xc9\xcb\xb3x\x80\xdf)\
\xa5\x91\x9dDP\xc1M\xac\x22\x95t5\xdb*M1\
Z\x10L\xd6\x01.\xeb\xe4\x7f\x11`t\x0b\xe0\xeb:\
\xda\x94\x00\x038^\x22\x98\xde\x06\xc1t\xe9\xec\x09\x0c\
\xd4\x12\x8cc\x11#\xf9\xbd\x13+\xdb XAg>\
;\x92\xb1\xc67\xba(\x22\x02c\xb8\x83\x87x\x8a\xbd\
\xa8b\x18g\xd0\x8e=\xb97\xfef\x90\xb7x\x9c\x0b\
\xfe\x07\x17q\x19\xb73A\xda\xd4\xa6\x111\x84\xeb\xb8\
\x90\xc1\x970\x95\x81~e\x10\x99\xfc@&\xbe\x84\xb6\
L\xf2\x0c\xf7RJ\xaf6@\x1b\x14\xb8\xafA*\x16\
\xb3\xd6\xb3\xd5\x1d\xb8jD\xb4\xe1,\xbe*\x06\xa8\x1d\
\xbd\xea\xcb\xcf\xfc\xdc_\xc7\xd6\x1b\x11\xdf\xb3\x03=\xe8\
\xc6K8\x8d\x85\xec\xc5Z~.7\xf0\xf2c\xd6z\
\xb6\xe5\x12\xc6<NVSJ\xef\xd1\x11\x11\x1d\xd9\xf3\
%|\xc67\x1cj\x10AY\xe6qD\x91\xda6\xcc\
\xa4\x94~P\x14\x12\xa4\x94\x16\xf0\x06\x22\xe2|\x8b\x14\
\x95%a(\xa5\xf4\xbcl\xa8f\xc0~\x5cC\x97b\
H\xba\xf0n\x1b\x11\xcc\xe2ID\xcca\x06s\xb8\x9f\
R\x9a^\x8f\xe0p\x06\xfb\x82\x17\x8a\xde\xae\xe4\xcd[\
!\xb8\xa2\xc8\xfd0\x8e\xe1(\x0e\x16\xb15\xff\xd8M\
\xd8\x5c\xc8\xbbYk\xd7&\x9aa\xb4\xba2\xc7\x14\x83\
V\x1bAm\x14SyOC\xd9\xca\x85\x13\x8a\x9b\xed\
\x1c>\xe4\xe5Sx\x8dO\xa9\x05@K\x82\x9d\xca\xae\
\xffU\xfc\x03\xca\xc6\xec\x8e\x15\xda\xf6\xc0\x00\x00\x00\x00\
IEND\xaeB`\x82\
\x00\x00\x05\xcf\
\x89\
PNG\x0d\x0a\x1a\x0a\x00\x00\x00\x0dIHDR\x00\
\x00\x00U\x00\x00\x00_\x08\x06\x00\x00\x00\x99n\x8b<\
\x00\x00\x00\x01sRGB\x00\xae\xce\x1c\xe9\x00\x00\x00\
\x04gAMA\x00\x00\xb1\x8f\x0b\xfca\x05\x00\x00\x00\
\x09pHYs\x00\x00\x0e\xc3\x00\x00\x0e\xc3\x01\xc7o\
\xa8d\x00\x00\x00\x18tEXtSoftwa\
re\x00paint.net 4.0\
.6\xfc\x8cc\xdf\x00\x00\x05@IDATx^\
\xed\x9dKh\x5ce\x18\x86\x83\x94\xae\x047\xde\xc0\xee\
\x5c\xb8ui\x16\x16\xc1V\x10At\xe5BZP\xc1\
\xfb\xa2\xd5\x85\xe0\x05\x17\xa2XC%Q+X\xa1*\
VZ\xda\xd0\x22#j\x17-\x8a\x82\x81T\xa4 .\
\x0aBi@\x11/T\xaaE\xad0\xfe\xef|\xefg\
Or\xde\x99|gz&I\x87\xef\x81\x87\xb4g\xce\
\xbc\x99\xf3xr\xa9\x8bdb)\xddn\xb7\xe7R\xfa\
\x1d\x1fG\xfcZ\x97\xba{\xf6\x8b\xabyJ\x1c\x7f\xf2\
 \xaa\xefd\x9c\xa8^\x97\xf2\xf6\xc7\xde\xb8\x16o\x1b\
\xd3\xe4IC\xbd\x835\x86\x07\xab^K\xf5X\xd5\xdb\
\x1e~\xedJ\xbcmD\xd3'4~\x07k\x08\x0f\xa5\
\xf0\xc7\xaa>\xf3\xfa\x87\xd7\xf1\xe1\xde\xdf\xc349\xb9\
\xd1\xf0\x1a\xc1\x03-\xf7\xda\xab\xe7\xb9\x1b\xef\x7f\xf5*\
>\xdc\xfb{\x88\xf0\x89\xa4\xe9\xf9\xab\x89\x87\x89\xe2\xe7\
\xbbO\xee\x9c\xbd\x86\x0f\xf5\x08o\x85O,497\
\x82\xbf\xf8\xb6)\x9b\xcd?\x07\x16~\xf8\xf9\xccz\x7f\
M\xf0\xd6\x07\xa7k_\xf1\x97\xddm\xfa\x8e\x0f\x1d\xfd\
f\xe1\xd1\x97\xf6wo\xda\xf2\xcaPn}\xf6\xdd\xee\
\xdb\x87\xbe\xec\xfe\xfd\xcf\xf9\xf2\xae\xbb\xdb\xb0Y\xde^\
^\xec\xe0@\xd9\xef\xb6\xb8\xbf\xa9\xf7\xa2\x1b\xd2\xf9\xec\
\xc4e;\xf6\x1c\xb9\xe2\x91\x17\xf7]\xcfC\x8b(\xbb\
\xfcS\x1f\x96=\xa1By\xb1\xdb\xd5\x85\x0c\xe3s\xbb\
:\xbd\xa0Ny\x1d\xeb\xca\xfeau\xee0\x96}D\
=\xce\xf9\xd6i\xd2m \xe5\x13\xf6\x82\xba\x80!=\
\xc0\xd9\x1e\xbf\x9c\xf9cC\xcb\xfb\xdd\xafN|\xff/\
\xe7[\x01!\xddV\x98\xde{\xac\xb5\xbb\xd4-\x1f\xaa\
\x07\xca\x0b\x5cW\xdcP\xf6[\x0d\x0a\xf1\xa9\xa00\xcd\
K\x18\x1aD\x84\xad\xd3\xf6]\xe4~~\xfc\xe4\xc1r\
\x97.\x94}\xf9\xf8\xc5:\xff\xed\xa9\xdfx\x09\x8d\xf0\
\x90#\x89\x09Fq\x97\xba\xdb\xa6\x0ev\xcb\xbe|\xac\
\x0d\xb1_\xd8\xc8KY\x96\x91\x86\xac\xd2\xef.}j\
\xfa0^p\x88\xfd\x9f\xce\xd7\x9e\xef\xde|\xdfNy\
\xbc\xad\xfd\xd3?\xfe:\xc7K\x91\x94\xa7\xaf\x5cL0\
\xe8.=y\xea'\x5cO\x08|\x8bs\xc7\xe3\xbbj\
\x1b\x93[\xa6j\xc7\xdc6\xf6\xe1\xf3ov\xce\xf3r\
\xfe\xa7<eeCVi\xe3.u\x06\xddMKm\
{\x7f\xdf'\xf3S\xb8\x9er\xda\xe8c\x0e\x1a//\
\xb2\x95\xbb\xd4\xc1\xdd\xb4\xf8\x0b\xd2\x8e\xca\x9f\x17\xdb\xce\
\xfe\x05\x9f\x98\x9a=WN\xe1\x95\x8d\x98\xf2\x8e\xee\xe1\
\xdb\xf5\xbd\x03\x15\xca\x87\xd3H\xbe\xe2\xaf\x96\xbc\xac\x95\
\xe1\xfd\x8f\xe6\xee\xfa\xfd\xec\xb9M\xe5\x13\xfa\x0d<4\
\xf0.m\xc7\xfew\xe9\xe8\xec\xff\xf9\xbb\x89\xf8g\xf4\
{\x9d9|p,\xff\x1fjf\xef\xd1\x1b_\xdes\
\xe4\xce\x99\x0f\x8em\xbe\xf7\xe9w\xc6\xea.\x85\x93\xe2\
\xd8\xc5\x88\xff\xc7\xc0t1ny`4\xdf\x8c\xbb\x93\
[\xf5\xf1K\xc9\xcd\x0f\xcd4\x8b\xaaF.u\xdb\xbe\
S!s\xc5\xc0\x13\x06}\x0f\xd9\x86\xa3\xde\xaf:\x8a\
\xa0\x90\xb9b\xa8\x81\xb4.s\xc5P\x03\xd0\xc1'i\
\xf58\x8e\x8f#\xeaZ!s\xc5P\x03\xd0\xc9\xa8&\
s\xc5P\x03\x10\xdf\xa3\xc1\xbb\xb7\xbf%\x1f\xc7q?\
g\x9cT\xd7\x0a\x99+\x86\x1aH\xeb2W\x0c5\x90\
\xd6e\xae\x18j \xad\xcb\x5c1\xd4@Z\x97\xb9b\
\xa8\x81\xb4.s\xc5P\x03\xf0\xeb\xefN\xf7|a\xf7\
\xc7\xf2q\x1c\xf7s\xc6Iu\xad\x90\xb9b\xa8\x01\xe8\
\xe4\xf7\xa9&s\xc5P\x03\xd0\xc9\xa8&s\xc5P\x03\
\xd0\xc9\xa8&s\xc5P\x03\xd0\xc9\xa8&s\xc5P\x03\
\xd0\xc9\xa8&s\xc5P\x03\xd0\xc9\xa8&s\xc5P\x03\
\xd0\xc9\xa8&s\xc5P\x03\xd0\xc9\xa8&s\xc5P\x03\
\xd0\xc9\xa8&s\xc5P\x03\xd0\xc9\xa8&s\xc5P\x03\
\xd0\xc9\xa8&s\xc5P\x03\xd0\xc9\xa8&s\xc5P\x03\
\xd0\xc9\xa8&s\xc5P\x03\xd0\xc9\xa8&s\xc5P\x03\
\xd0\xc9\xa8&s\xc5P\x03\xd0\xc9\xa8&s\xc5P\x03\
\xd0\xc9\xa8&s\xc5P\x03\xd0\xc9\xa8&s\xc5P\x03\
\xd0\xc9\xa8&s\xc5P\x03\xd0\xc9\xa8&s\xc5P\x03\
\xd0\xc9\xa8&s\xc5P\x03\xd0\xc9\xa8&s\xc5P\x03\
\xd0\xc9\xa8&s\xc5P\x03\xd0\xc9\xa8&s\xc5P\x03\
\xd0\xc9\xa8&s\xc5P\x03\xd0\xc9\xa8&s\xc5P\x03\
\xd0\xc9\xa8&s\xc5P\x03\xd0\xc9\xa8&s\xc5P\x03\
\xd0\xc9\xa8&s\xc5P\x03\xd0\xc9\xa8&s\xc5P\x03\
\xd0\xc9\xa8&s\xc5P\x03\xd0\xc9\xa8&s\xc5P\x03\
\xd0\xc9\xa8&s\xc5P\x03\xd0\xc9\xa8&s\xc5P\x03\
\xd0\xc9\xa8&s\xc5P\x03\xd0\xc9\xa8&s\xc5P\x03\
\xd0\xc9\xa8&s\xc5P\x03\xd0\xc9\xa8&s\xc5P\x03\
\xd0\xc9\xa8&s\xc5P\x03\xd0\xc9\xa8&s\xc5P\x03\
\xd0\xc9\xa8&s\xc5P\x03\xd0\xc9\xa8&s\xc5P\x03\
\xd0\xc9\xa8&s\xc5P\x03\xd0\xc9\xa8&s\xc5P\x03\
\xd0\xc9\xa8&s\xc5P\x03\xd0\xc9\xa8&s\xc5P\x03\
\xd0\xc9\xa8&s\xc5P\x03\xd0\xc9\xa8&s\xc5P\x03\
\xd0\xc9\xa8&s\xc5P\x03\xd0\xc9\xa8&s\xc5P\x03\
\xd0\xc9\xa8&s\xc5P\x03i]\xe6\x8a\xa1\x06\xd2\xba\
\xcc\x15C\x0d\xa4u\x99+F\xbf\x1f\x90\x98^\x10?\
\xfe\x9e\xb9b\x8c\xf2\xf7\x99\x8c\x8b\xf8\x9dW\xcc\x15\x03\
\xbf\x88\xa0\xdf\x0f\xf4J\xed\x17\xdd\x9c\xfd\xf3\xaffQ\
\x93$I\x92d\xf5\x99\x98\xf8\x0f\x1f\xc2\xb9#\x0d\xd7\
\x07F\x00\x00\x00\x00IEND\xaeB`\x82\
\x00\x00\x00\x8f\
\x89\
PNG\x0d\x0a\x1a\x0a\x00\x00\x00\x0dIHDR\x00\
\x00\x00\x01\x00\x00\x00\x01\x08\x06\x00\x00\x00\x1f\x15\xc4\x89\
\x00\x00\x00\x04gAMA\x00\x00\xb1\x8f\x0b\xfca\x05\
\x00\x00\x00\x09pHYs\x00\x00\x0e\xc2\x00\x00\x0e\xc2\
\x01\x15(J\x80\x00\x00\x00\x18tEXtSof\
tware\x00paint.net \
4.0.6\xfc\x8cc\xdf\x00\x00\x00\x0dIDA\
T\x18Wc\xf8\xff\xff\xff\x7f\x00\x09\xfb\x03\xfd\x05C\
E\xca\x00\x00\x00\x00IEND\xaeB`\x82\
\x00\x00\x05\x83\
\x00\
\x00\x13\xe0x\xda\xedWK\x8f\xdb6\x10\xbe\x07\xc8\x7f\
`\x95K\x82\x8a\x14\xdf\x22\x1d{sh\x10 @\xd1\
C\x9b\xa2g\xad\xc4\xb5\x85\xc8\x92!\xc9ko~}\
\x87zY\xae\xed\xa4E\xd0 \x87\xd80dr\xbe\x99\
\xe1\x0c\xbf\x19\x91\xcb7\xc7m\x81\x1e]\xdd\xe4U\xb9\
\x0a\x18\xa1\x01reZey\xb9^\x05\x7f~x\x87\
M\x80\x9a6)\xb3\xa4\xa8J\xb7\x0a\xca*xs\xf7\
\xfc\xd9\xf2'\x8c\xd1/\xb5KZ\x97\xa1C\xden\xd0\
\xfb\xf2c\x93&;\x87^n\xdav\xb7\x88\xa2\xc3\xe1\
@\xf2a\x92T\xf5:z\x850\x06UPn\x1e\xd7\
\xcf\x9f!\x84\xc0w\xd9,\xb2t\x15\x0c:\xbb}]\
t\xd8,\x8d\x5c\xe1\xb6\xael\x9b\x88\x11\x16\x053|\
z\xc2\xa7~\x05\xf9\xa3K\xab\xed\xb6*\x9bN\xb5l\
^\xcc\xd1u\xf60\xc1\xfd\x92\x0e\xa2C1kmD\
y\xc49\x06\x04n\x9e\xca69\xe2\x7f\xe8\xc2:\xaf\
\xe9rJi\x04\xb2\x19\xf4_\xc2\x16\x0ddv\x07\xbf\
\x09?N\x90\xa6\xda\xd7\xa9{\x00EGJ\xd7Fo\
?\xbc\x9d\x84\x98\x92\xac\xcd\xe6v\xc6\xc4\x9e\xf9=\xcb\
v\x99l]\xb3KR\xd7D\xe3|o\xe0\x90g\xed\
f\x15\x08\xbe;\xf6\x13\x1b\x97\xaf7\xed|&\xcfV\
\x01,\x9cY\xaat?3c\x08\x1b0\x83\xd1\xc5$\
\xa2D\x1a\x22Qm\xad\xb0=f\x5c\xff\x22\xabR\xbf\
\x9eU\xf0\x9b; \x18\xec\xfd\xce\x22FYp\xe7\x81\
\xcb\xcc=4\x9dF\xef\xdb\x0f\xbds\xe0^\xd4\x03&\
K\xdeL\xf6\x98\xbb\xc3\x0c~\x9f4Cl\x08\xed\x92\
5\xb0\xa1\xa8\xeaU\xf0\xe2\xa1\xfb\x8c\x92\xfb\xaa\xce\x5c\
=\xcat\xf79\x97U\x90\xae\xbc}\xea\xcb`\xb4?\
\x86\xe9\x0dO\x00z\x03\xd0l\x92\xac:\xac\x02~!\
\xfdTU[0\xac\x88\x11\x9a\x1aq!O\x8f \x8d\
\x09\xe5\x82\xc6\x97\xda\xe9S'\xe5Br\xa1/\xa5\xfb\
\xba\x86|\xe2\x22yr\x10[\xf7`#\xaa\xd9T\x87\
u\xed\xd3\xd4\xd6{w\xa1\xebE\xf8\xfe\xbe:\xde\x90\
\x8f\x9b\x85\xf7e\xde\x02\xcdG\x8a\xcc M\x99\xec>\
g\xa2\x93\xaf\x8b\xea>)V\xc1CR4\x97\x90C\
^B\xde\xf0@M+\xe5-\xc4\xc8UF)\xbf\x85\
\x81uXMoI\xfd\xee\xdd\x92m\x93c\xbe\xcd?\
\xb9\xccc\xeez\xd0\xf2,U\x83\x22B\xed\x93/\xbe\
\xe3\x93\x9f\x0c\xa6Y\x9ff?\x03\xe4\xd5r\x22ot\
\xc9\xde^\xb0um\x92%m2\xe3\xf28\xe5-\xb0\
i\x0d\xd0\xa2\x16\xbf\xbf}w7:Z\xa6\xe9\xe2\xaf\
\xaa\xfe89F\xc8C\x92\xfbj\x0f\xc9\x09\xeeN\xf3\
\xcb,]@S\xd9&\xed]\xbe\x05\x86\xfa\x86\xf43\
\xf4\x90et\x12\x9c\xa3}d3\xbb\xbd\xe5\xda\xf5\xfd\
\xe9j\xa7\xce\xd2m\xee\xb5\xa2?\xda\xbc(\xde{7\
c\xec3\xb3y[\xb8\xbb\xcem\xffw\x8a%\x1a\x82\
\x19\x83\x8d\xe6\xd1.\xa31#\xfdp=\xcb\xd59\xd1\
\xa7}*\x92{\x07L\xfb\xd5K\x11\xbb\xc2\xf8j\xbf\
\xdbV\x99\x1b\x0cLI^\x9fo#\x13\xd2h\xcc\xb0\
\xc5\x12\xd3\xd3\x167\xedS\x01\xaa\x0f\x10\xe9\xe2E&\
\xa1\xc7\xd3\xd7~\x80\x87\xe6\xb0`'l['e\xe3\
\x93\x0c\xfb\x9a\xb4u~|IC\xe8\xe5\x22\xe6Zp\
\xcb\xc3\xf9\xdf\x10[i\x09SR\x99\x90KN4\xe3\
T\xbd:m\xe5r\x97\xb4\x9b\xd9\xbe\xcclw\x7f\x0b\
x\x15\xbf\x14D\xc5\xccj\xa9B,\x88\x84W\x9c\x8d\
\xe3W\xc1L\xcb3\x0c\xa9X\x11e\xa4\x11!WZ\
\x82O-P\x8ah(\x08\xe3\x92!\xcc\x89\x12\x5c\xeb\
P\x11\xad\xb4A\xb8\x7f\xaai\xdc\xe1`\xc9\xa3D\x87\
\xbdJ<\x9b\x18\xb04\x1c\xd0h4\xdaK,:G\
Z\xd4;\xb7`ut7\xd8<\xf3n\xd1\xa7y8\
Sa\xd5P\xd6\x03P\xc4\xd7\x11\xc7/!|\x93\x1d\
\x13\xc2\xaf#\xbc\x0dm\x89\xe5\xb15s\x84'\x8c\xdf\
\x1f\xe0\x0c\xe3\xb8\xff\xb23\x13_d\xcd\xeb\xa6\xad\xab\
\x8fnQ\xc21\xeb\xaa\xf3\xbe\xe3$u:\xaf\xad\xff\
\xc8\x0a\xa6\xe1\x1d\xa2`;~\x90\xe2[\x93\xc2@#\
\xd1\x98b\xf9\x1d\xd2B(bc\xaa\xa8\xfdA\x8bo\
N\x0b\x8a\xa9\xc1\x0a\xc8\xa1\xbeCb(E\x80\x17\xf1\
\x8f\x97\xc8\xb7'\x06\xc31\x16\xf0\xd3\xff?-\x96\xd1\
\xfa\xf2\x0ct\xc5\xd5g\x0f6\xf0b1RB\xf6\xe1\
(\x03\xdf\xd3P\xc2\xa5Gs+M\x88\x19\xb5p\xb5\
\x12rN\xa7\xfe\xac\xc5\x84\x8a\xa1\x0a\x0c\xb4Hy\xfb\
\xccs\xba\xf1Te\xe9\xd2\xb6\xaa1\xdc}\x1e\x93v\
_\xbb\xd9\xb1\xfe\xeb2\xd5\xb1\x1b\xb3\x98\xc2UWH\
\x1dJe91\x96J\xa07f\x1c\x02\xd3<4\x84\
I\xeeY\x0eG88\xea\x87\x9cA\x07\x15\xea4!\
b\x12\xc7\xdc\x02w\xb9\x22\xd4j\x86\xbcDv\xf6\x88\
\x84\x02\xe9\x1f\xe3\xa8\x07I \xee0\x8f{\xb8\x9d\xc6\
\x03\x10j\x01\xf2\x19[+\x116\x84\xc6\x94\x03\xd4\x12\
-\xa8\x19\x9d\xfb\xc3\xdf\xe0\xbd@8&\x8ak\x162\
F\xe0\xe2\xe9K\xd4\x10\xc5\x8c\x09}eC%0I\
8\xa5\x22\x04\xa3\xc2\x186\x8d\xb9&\xc0B\x0d\xfe\xe0\
\xde\xa9tl!v\x10IjC\xc1\x88\xa1\x06\xeat\
\xf8s\x9a\xe8\xa1\xc6\x17\xf5(\x1b\xb4\xcclf\x84\xfb\
P\x80\x0e\x5c*_\x9e\x86\xc9.h\xdfo\xa6U\xe0\
q\x19c \xbc\xd3\xe9\x22\xf9t\xb5v\x98\x96\x1ah\
\xc4\x80LP;\x98\x7f\xae\xf9}5G\xb4\x01f0\
X\x94\xd4\xb0P\xb8\xb0!&`+\xb8\x80\x0c\xd0i\
\xcb\xf0i\xf2\xd6\x9a\x95\x845\xc7\xb0j\x7fB8k\
,_\xa2\xfcE\x11\xf7\xcf\xa5\xbf\xe7\xc1\xf3o\x1a\x03\
\xf5\xcb\
\x00\x00\x03*\
\x89\
PNG\x0d\x0a\x1a\x0a\x00\x00\x00\x0dIHDR\x00\
\x00\x00\x10\x00\x00\x00\x10\x08\x06\x00\x00\x00\x1f\xf3\xffa\
\x00\x00\x02\xf1IDATx\xda\xa5\x92ILSQ\
\x14\x86\xdf\xed{-U\x06\xa9b\x19\x14\x05E0\x98\
\xb0\x014\x1a\xa2.\x5c\xc0\xc6h\x02$F\x0c\x0b\xc6\
\x0a\xc6\xa8QIPh\x19\x22\x15\x99\x051\x160\xc5\
B\xcb\x14\xc6\x00\xe2\x02\x84B[\x19-m\x05*\xa0\
8\x80%4\xa6\x0c\x96@\x8f\xb7\xc46\x92\x18]\xb8\
\xf8\x92\x93\xf7\x9f\xff\xbb/\xef]\xa2*\x95\xd8\x87\xf1\
\x04\x00\xc2\x0c\x9e\x0fI\xd2i\xbc\xd6B\xc7\xee^I\
\xa0^V\x7f\xce\xd0^\xe4\xda_\xcdCY8;f\
\xd9\xb3@\xd4?\xb4\xd3v\x0a\xdcWp\x18&N\xa7\
%\xf6I\xbc\xd6t\xcaP0LG\x83q\xf1\x06\xe6\
&,\xcfp`i\xec\x12\xc8*=W\xc4\x5c\x94\x82\
w)\xab\xa0\xb1\xc0\xde\xf0}\x22\x0e\xa4u>\xc6\xf7\
\xd2\xe0\xf5\x95\x998X\xfb\xfcgVf90\xdby\
\xc6X\x93N\x0ea\x09\xc3*0Lp`\x0bm<\
\x18\xa6b\xc10\x19\x03\xfa\xc1H\x98o?\x8d9\x05\
K\xb2P\x9c\xc7bbp\x16\x0fra\xa0\xb1*\x15\
\xf1-\x82\xe5\xa5\xb1h\xd0+\xa3@?\x1e\x05\xba\xa1\
0\x98\xae\xf1\x04\x95\xc0\x01d%N&i\xbe\xabi\
(\x8b\x01\x1f\x85>\xb0\xa4\x88\xd8\x12\x7f\xeb\xbf\x0c\xe5\
I\xbbW\xf1[\x9c \x9a\xb0@\xf7\xe6\x0a\xe8F\x22\
`a8\x1c&[\xd8\xd0[\xc62\x15'\xd9\xafV\
\xde\xa75=O&\xab2\xe3\x98kOc\xe8\xc6Y\
\xc1\xc1\xf5\xc5\x9e\xf0\xcd\xc5\x9e0h\xc8\xf27\x89R\
\x88b\xa21\xdf~y\xae\xeb,|\x91]\x80\xaf#\
\xe7\xe1\x83\xdc\x0f4/YP\xcbwX\xc6'\x5c\xfc\
\xf5g\xf6\x8aR\x18\x06E\x06\xa9\x9e\xab\xf6\x9f\x9bo\
\x0d6\xf4\x16\x1d7\x09\xee\x90\xe3\x84$\x93\xae\x7f-\
`\xff\xe8\xabp\xdeT\xd4xo\x8e6\x1f5\xa9:\
=Lc\xcd.\x1b\x924r\x1e\x97}\xcd\x121\x0f\
\x09\xa4\xd96\x8a\xe9\x12\xb7\x86O\xe2\x93RuY\xc0\
\xcc\xa3xr\xddl\x0f\xc2\xb4b60\x80?\x0e\x86\
\xb0\xb0`\x15pQEO\x16\xa3c*\x9b\xe2k\xf3\
l+\x06\xd2\x98\x1d\xb9\x1c\x9aq\xdb\xa5\x18\xe0\x91H\
\x9eA\xd1sn\xb3\xc9\xdf\x9f\x9b/[}&\xa5\x1f\
\xcde&N\xf2\x89\xeb\x98da\x02Y[\x91\x84\x06\
\xb7\x09&s(4\xf1x\x07\xa3!\xc3\x89^\x90\xe2\
\x86p\x91\x85)\xad\xe6\x22]g\x1e\xb3\xf0]\x89m\
\xc8D\x1e=\x14\x0b\x22\x9f$Pb\x9c\x15n\x13\xe0\
2\xd2\x08\x1c\x91y\x1e\x16\xb9\xa3\x8e\xd2\xfdTS\xde\
\xae=\x8aJw\xb6\xfa\x85\xb3\xaf\xa6\x9c\x15\x80%A\
}\x0flB\xca\xef\xd2tX\xe0o)[Q\x0b\xd9\
\xc82+\xdb\x8e e\x9b75\xde|x\xa7\xaa\xee\
\x80\x9bZ\xe4\xec\xa1y\xc6r\x17\xdd\xa3\xdf\xc2\xe5\xab\
\xe6\x1d\xf3\xe2_\x19\xeb\xf6Co\xbb|)e\x8b\x97\
\x9d\xa6\xd6\xc3V^\xecbWy\x8dN3g\x16\xc1\
?\xd1\xbc\xf2C\xaajW\x9aV\xe8\x8cT\x5ck\xc7\
*\xf8/~\x02\x02\x9ej\xbaW\x09\x19\xc8\x00\x00\x00\
\x00IEND\xaeB`\x82\
\x00\x00\x01-\
\x89\
PNG\x0d\x0a\x1a\x0a\x00\x00\x00\x0dIHDR\x00\
\x00\x00\x10\x00\x00\x00\x10\x08\x02\x00\x00\x00\x90\x91h6\
\x00\x00\x00\x01sRGB\x00\xae\xce\x1c\xe9\x00\x00\x00\
\x04gAMA\x00\x00\xb1\x8f\x0b\xfca\x05\x00\x00\x00\
\x09pHYs\x00\x00\x0e\xc3\x00\x00\x0e\xc3\x01\xc7o\
\xa8d\x00\x00\x00\xc2IDAT8Oc\xf8O\x22\
\xc0\xae\xa1\xe9\x5c\xb3\xc0*[\x96\xa5\xc6w~AE\
\xe0\x00]\xc3\xf57\xc7\x15\xd69\xf0\xae\xb2\x97\xdf\xe0\
\xc5\xbd\xc2\xec\xfa\x8f\x7fP\x09\x18@\xd1\xf0\xfc\xfdI\
\x86\xf9\xaa\xac+\xac\xecv%\xc8\xad\xf7\xe4]a~\
\x03\xbf\x86g\x1f\xce8\xec+\xf9\xfc\xef\xff\x81\x87+\
\x05W;\x12\xd6\x00\x07ko\xcf\x1by\x1a\xd6\xdd\x99\
\x0f\xd1p\xf3\x07T\x04\x0e\xb0k\xd8zo\xb1\xd0\x1a\
'\xbe\x95\x16\x0f\x7fCE\xe0\x00E\xc3\xe7/W\x18\
\x16\xa8\xb1/7\x03\xaaV\xda\xe8\x03D@=\x0cK\
t<\x8f\xf5AU\xa0i\xf8\xf4\xf92\xc3\x02u\x8e\
\xe5\xe6\x1c+\x10\x88a\x89\xae\xfb\xb1^\xa8\x0a\x5cN\
\xc2\x03H\xd4\xf0\xff?\x00\x18\x87\x99\xde\x07\xbd$\xfb\
\x00\x00\x00\x00IEND\xaeB`\x82\
\x00\x00\x01\xb4\
\x89\
PNG\x0d\x0a\x1a\x0a\x00\x00\x00\x0dIHDR\x00\
\x00\x00\x10\x00\x00\x00\x10\x08\x06\x00\x00\x00\x1f\xf3\xffa\
\x00\x00\x01{IDATx\x01\x95\x92MN\xc2P\
\x10\xc7\x89\xf1\x00\x86x\x08\x0f\xe0\x19\x90\x08\xb85\xd1\
\xb8q\x8d!\x91\x15\xae<\x81g\xa1|\x04<\x83\x89\
\xf1\x0c\x84\x88\xb6\x80\xfdx\xa5\xa5\xb4\x1dg&\xf3\x1a\
\xa44\xea$?\x17\xce\xfc\x7fo&\xb4\x84UFj\
H\xfd\x17j2\x9b\xab:\xfc\xb1p\xb6\xb1O\xd0\xa0\
\xa6iY0_,`\xb9\x5c\xc2\x97m\x83\xed8\xe0\
\xb8.\xb8\x82\x08.\x0a\x05\x0b\x09N&\x13\xe8v\xbb\
\xc0\x18\x06\x18\xc2x<&\xc1#r&T\x90\xa3L\
`c\xd8\xf5<\x1e\xfe\xc7I\xd5L\xe0a\xd8\xf7}\
0z=nZ\xf39\x9d\xc3b:\xc1S\x0a\x14\xf6\
}A\x04\xe7Z\xc0\xff\x0c\xc3\x10\xfa\xfd>79\xec\
8\x99x\xb5ZA\x80\xfdP\xc8\x09\x82 \x80(\x8a\
`0\x18\x80>\x89\xc3\x18\xa4\xc0z\xbd\xa6\xbe&/\
\xa0\x81\xcdf\x03\xc3\xe1\x90\x9b\xb4\xb6\xde\x8a\x02\xd4#\
\xe28&\xf2\x02=\xa4\x05J)\xbd\xd5\x8f`\x92$\
\xc4~\x01\x0dh\x01\xadN[\xe90m2\x9dN\xc1\
4?\xf94\xc7S\xa9\xfc\x94\xa5\x1a\x0e\xa5 5\x1a\
\x8d\x80j\xfbuz\x91\xc2i\x9a2Jy\xd0j\xb5\
\x9e1{\x8c\xf0\x9f\x1b\xe4Vx\x22\x81\xbe]\xaf=\
\xfb\x98Q\x98_o\xde5_p\xee\xb4TPU\xcc\
o\xaf\xcfA\xd329\xdcn\xdf\xbf\xc9'}P$\
\xa8\xe8\x93tEq\x02\xef\xa6\x05\x9d\x87\xce\xab|\xc6\
\x87Ha\x95\x91K\xe4z\x87+\xe4d\xf7\xe5o\x0e\
\xa5\x86\xa5\xd8D\x82F\x00\x00\x00\x00IEND\xae\
B`\x82\
\x00\x00\x0a\xfe\
<\
?xml version=\x221.\
0\x22 encoding=\x22UTF\
-8\x22 standalone=\x22\
no\x22?>\x0d\x0a<!-- Crea\
ted with Inkscap\
e (http://www.in\
kscape.org/) -->\
\x0d\x0a\x0d\x0a<svg\x0d\x0a   xml\
ns:dc=\x22http://pu\
rl.org/dc/elemen\
ts/1.1/\x22\x0d\x0a   xml\
ns:cc=\x22http://cr\
eativecommons.or\
g/ns#\x22\x0d\x0a   xmlns\
:rdf=\x22http://www\
.w3.org/1999/02/\
22-rdf-syntax-ns\
#\x22\x0d\x0a   xmlns:svg\
=\x22http://www.w3.\
org/2000/svg\x22\x0d\x0a \
  xmlns=\x22http://\
www.w3.org/2000/\
svg\x22\x0d\x0a   xmlns:s\
odipodi=\x22http://\
sodipodi.sourcef\
orge.net/DTD/sod\
ipodi-0.dtd\x22\x0d\x0a  \
 xmlns:inkscape=\
\x22http://www.inks\
cape.org/namespa\
ces/inkscape\x22\x0d\x0a \
  width=\x2232px\x22\x0d\x0a\
   height=\x2232px\x22\
\x0d\x0a   id=\x22svg1821\
9\x22\x0d\x0a   version=\x22\
1.1\x22\x0d\x0a   inkscap\
e:version=\x220.91 \
r13725\x22\x0d\x0a   sodi\
podi:docname=\x22bu\
tton_resetsim.sv\
g\x22>\x0d\x0a  <defs\x0d\x0a  \
   id=\x22defs18221\
\x22 />\x0d\x0a  <sodipod\
i:namedview\x0d\x0a   \
  id=\x22base\x22\x0d\x0a   \
  pagecolor=\x22#ff\
ffff\x22\x0d\x0a     bord\
ercolor=\x22#666666\
\x22\x0d\x0a     borderop\
acity=\x221.0\x22\x0d\x0a   \
  inkscape:pageo\
pacity=\x220.0\x22\x0d\x0a  \
   inkscape:page\
shadow=\x222\x22\x0d\x0a    \
 inkscape:zoom=\x22\
15.836083\x22\x0d\x0a    \
 inkscape:cx=\x228.\
1093521\x22\x0d\x0a     i\
nkscape:cy=\x2213.5\
66012\x22\x0d\x0a     ink\
scape:current-la\
yer=\x22layer1\x22\x0d\x0a  \
   showgrid=\x22tru\
e\x22\x0d\x0a     inkscap\
e:grid-bbox=\x22tru\
e\x22\x0d\x0a     inkscap\
e:document-units\
=\x22px\x22\x0d\x0a     inks\
cape:snap-bbox=\x22\
true\x22\x0d\x0a     inks\
cape:window-widt\
h=\x22944\x22\x0d\x0a     in\
kscape:window-he\
ight=\x22994\x22\x0d\x0a    \
 inkscape:window\
-x=\x22265\x22\x0d\x0a     i\
nkscape:window-y\
=\x2277\x22\x0d\x0a     inks\
cape:window-maxi\
mized=\x220\x22>\x0d\x0a    \
<inkscape:grid\x0d\x0a\
       type=\x22xyg\
rid\x22\x0d\x0a       id=\
\x22grid18227\x22 />\x0d\x0a\
  </sodipodi:nam\
edview>\x0d\x0a  <meta\
data\x0d\x0a     id=\x22m\
etadata18224\x22>\x0d\x0a\
    <rdf:RDF>\x0d\x0a \
     <cc:Work\x0d\x0a \
        rdf:abou\
t=\x22\x22>\x0d\x0a        <\
dc:format>image/\
svg+xml</dc:form\
at>\x0d\x0a        <dc\
:type\x0d\x0a         \
  rdf:resource=\x22\
http://purl.org/\
dc/dcmitype/Stil\
lImage\x22 />\x0d\x0a    \
    <dc:title></\
dc:title>\x0d\x0a     \
 </cc:Work>\x0d\x0a   \
 </rdf:RDF>\x0d\x0a  <\
/metadata>\x0d\x0a  <g\
\x0d\x0a     id=\x22layer\
1\x22\x0d\x0a     inkscap\
e:label=\x22Layer 1\
\x22\x0d\x0a     inkscape\
:groupmode=\x22laye\
r\x22>\x0d\x0a    <g\x0d\x0a   \
    style=\x22fill:\
#000000;fill-opa\
city:1\x22\x0d\x0a       \
transform=\x22matri\
x(0.53878816,0,0\
,0.53878816,777.\
25263,-3725.7277\
)\x22\x0d\x0a       id=\x22g\
12804-3-8-5-3-4-\
7\x22>\x0d\x0a      <path\
\x0d\x0a         style\
=\x22fill:#000000;f\
ill-opacity:1;st\
roke:#808080;str\
oke-width:0.0588\
6123;stroke-line\
cap:round;stroke\
-linejoin:bevel;\
stroke-miterlimi\
t:4;stroke-dasha\
rray:none;stroke\
-dashoffset:0;st\
roke-opacity:1\x22\x0d\
\x0a         d=\x22m -\
1422.7921,6928.8\
57 0,12.0297 16.\
7547,0 c 4.4015,\
0 7.9463,3.5448 \
7.9463,7.9462 0,\
4.4016 -3.5448,7\
.9464 -7.9463,7.\
9464 l -22.4759,\
0 0,12.0298 23.4\
508,0 c 11.0679,\
0 19.976,-8.9083\
 19.976,-19.9762\
 0,-11.0678 -8.9\
081,-19.9759 -19\
.976,-19.9759 z\x22\
\x0d\x0a         id=\x22r\
ect10874-9-5-2-7\
-4-2-8\x22\x0d\x0a       \
  inkscape:conne\
ctor-curvature=\x22\
0\x22\x0d\x0a         sod\
ipodi:nodetypes=\
\x22ccsssccsssc\x22 />\
\x0d\x0a      <path\x0d\x0a \
        style=\x22f\
ill:#000000;fill\
-opacity:1;strok\
e:none\x22\x0d\x0a       \
  d=\x22m -1416.954\
2,6920.6697 0,28\
.7379 -23.871,-1\
4.369 z\x22\x0d\x0a      \
   id=\x22path10882\
-8-9-4-4-4-7-1\x22\x0d\
\x0a         inksca\
pe:connector-cur\
vature=\x220\x22\x0d\x0a    \
     sodipodi:no\
detypes=\x22cccc\x22 /\
>\x0d\x0a    </g>\x0d\x0a  <\
/g>\x0d\x0a</svg>\x0d\x0a\
\x00\x00\x09\xa0\
<\
?xml version=\x221.\
0\x22 encoding=\x22UTF\
-8\x22 standalone=\x22\
no\x22?>\x0d\x0a<!-- Crea\
ted with Inkscap\
e (http://www.in\
kscape.org/) -->\
\x0d\x0a\x0d\x0a<svg\x0d\x0a   xml\
ns:dc=\x22http://pu\
rl.org/dc/elemen\
ts/1.1/\x22\x0d\x0a   xml\
ns:cc=\x22http://cr\
eativecommons.or\
g/ns#\x22\x0d\x0a   xmlns\
:rdf=\x22http://www\
.w3.org/1999/02/\
22-rdf-syntax-ns\
#\x22\x0d\x0a   xmlns:svg\
=\x22http://www.w3.\
org/2000/svg\x22\x0d\x0a \
  xmlns=\x22http://\
www.w3.org/2000/\
svg\x22\x0d\x0a   xmlns:s\
odipodi=\x22http://\
sodipodi.sourcef\
orge.net/DTD/sod\
ipodi-0.dtd\x22\x0d\x0a  \
 xmlns:inkscape=\
\x22http://www.inks\
cape.org/namespa\
ces/inkscape\x22\x0d\x0a \
  width=\x2232px\x22\x0d\x0a\
   height=\x2232px\x22\
\x0d\x0a   id=\x22svg1821\
9\x22\x0d\x0a   version=\x22\
1.1\x22\x0d\x0a   inkscap\
e:version=\x220.48.\
4 r9939\x22\x0d\x0a   sod\
ipodi:docname=\x22b\
utton_pausesim.s\
vg\x22>\x0d\x0a  <defs\x0d\x0a \
    id=\x22defs1822\
1\x22 />\x0d\x0a  <sodipo\
di:namedview\x0d\x0a  \
   id=\x22base\x22\x0d\x0a  \
   pagecolor=\x22#f\
fffff\x22\x0d\x0a     bor\
dercolor=\x22#66666\
6\x22\x0d\x0a     bordero\
pacity=\x221.0\x22\x0d\x0a  \
   inkscape:page\
opacity=\x220.0\x22\x0d\x0a \
    inkscape:pag\
eshadow=\x222\x22\x0d\x0a   \
  inkscape:zoom=\
\x2211.197802\x22\x0d\x0a   \
  inkscape:cx=\x221\
7.938153\x22\x0d\x0a     \
inkscape:cy=\x2213.\
615174\x22\x0d\x0a     in\
kscape:current-l\
ayer=\x22layer1\x22\x0d\x0a \
    showgrid=\x22tr\
ue\x22\x0d\x0a     inksca\
pe:grid-bbox=\x22tr\
ue\x22\x0d\x0a     inksca\
pe:document-unit\
s=\x22px\x22\x0d\x0a     ink\
scape:snap-bbox=\
\x22true\x22\x0d\x0a     ink\
scape:window-wid\
th=\x22944\x22\x0d\x0a     i\
nkscape:window-h\
eight=\x221002\x22\x0d\x0a  \
   inkscape:wind\
ow-x=\x22960\x22\x0d\x0a    \
 inkscape:window\
-y=\x220\x22\x0d\x0a     ink\
scape:window-max\
imized=\x220\x22\x0d\x0a    \
 inkscape:snap-g\
lobal=\x22false\x22>\x0d\x0a\
    <inkscape:gr\
id\x0d\x0a       type=\
\x22xygrid\x22\x0d\x0a      \
 id=\x22grid18227\x22 \
/>\x0d\x0a  </sodipodi\
:namedview>\x0d\x0a  <\
metadata\x0d\x0a     i\
d=\x22metadata18224\
\x22>\x0d\x0a    <rdf:RDF\
>\x0d\x0a      <cc:Wor\
k\x0d\x0a         rdf:\
about=\x22\x22>\x0d\x0a     \
   <dc:format>im\
age/svg+xml</dc:\
format>\x0d\x0a       \
 <dc:type\x0d\x0a     \
      rdf:resour\
ce=\x22http://purl.\
org/dc/dcmitype/\
StillImage\x22 />\x0d\x0a\
        <dc:titl\
e></dc:title>\x0d\x0a \
     </cc:Work>\x0d\
\x0a    </rdf:RDF>\x0d\
\x0a  </metadata>\x0d\x0a\
  <g\x0d\x0a     id=\x22l\
ayer1\x22\x0d\x0a     ink\
scape:label=\x22Lay\
er 1\x22\x0d\x0a     inks\
cape:groupmode=\x22\
layer\x22>\x0d\x0a    <g\x0d\
\x0a       transfor\
m=\x22matrix(0.5532\
1518,0,0,0.55321\
518,1084.285,-47\
81.0998)\x22\x0d\x0a     \
  id=\x22g12715-2-7\
-2-9\x22>\x0d\x0a      <p\
ath\x0d\x0a         st\
yle=\x22fill:#0060b\
8;fill-opacity:1\
;stroke:none\x22\x0d\x0a \
        d=\x22m -19\
58.0516,8698.393\
9 39.3232,-27.08\
49 -39.3232,-27.\
0849 z\x22\x0d\x0a       \
  id=\x22path3793-0\
-2-0-4-3-53-6-2-\
6-1-0-5-3-4-8-5-\
9\x22\x0d\x0a         ink\
scape:connector-\
curvature=\x220\x22 />\
\x0d\x0a      <rect\x0d\x0a \
        ry=\x220\x22\x0d\x0a\
         rx=\x220\x22\x0d\
\x0a         y=\x22864\
4.2549\x22\x0d\x0a       \
  x=\x22-1917.0748\x22\
\x0d\x0a         heigh\
t=\x2254.107967\x22\x0d\x0a \
        width=\x221\
3.030579\x22\x0d\x0a     \
    id=\x22rect1087\
1-4-1-5-2-3-8-9-\
3-7-3-4-7-1-1-5-\
3-0-7\x22\x0d\x0a        \
 style=\x22fill:#00\
60b8;fill-opacit\
y:1;stroke:none\x22\
 />\x0d\x0a    </g>\x0d\x0a \
 </g>\x0d\x0a</svg>\x0d\x0a\
\x00\x00\x08\x04\
<\
?xml version=\x221.\
0\x22 encoding=\x22UTF\
-8\x22 standalone=\x22\
no\x22?>\x0d\x0a<!-- Crea\
ted with Inkscap\
e (http://www.in\
kscape.org/) -->\
\x0d\x0a\x0d\x0a<svg\x0d\x0a   xml\
ns:dc=\x22http://pu\
rl.org/dc/elemen\
ts/1.1/\x22\x0d\x0a   xml\
ns:cc=\x22http://cr\
eativecommons.or\
g/ns#\x22\x0d\x0a   xmlns\
:rdf=\x22http://www\
.w3.org/1999/02/\
22-rdf-syntax-ns\
#\x22\x0d\x0a   xmlns:svg\
=\x22http://www.w3.\
org/2000/svg\x22\x0d\x0a \
  xmlns=\x22http://\
www.w3.org/2000/\
svg\x22\x0d\x0a   xmlns:s\
odipodi=\x22http://\
sodipodi.sourcef\
orge.net/DTD/sod\
ipodi-0.dtd\x22\x0d\x0a  \
 xmlns:inkscape=\
\x22http://www.inks\
cape.org/namespa\
ces/inkscape\x22\x0d\x0a \
  width=\x2232px\x22\x0d\x0a\
   height=\x2232px\x22\
\x0d\x0a   id=\x22svg1821\
9\x22\x0d\x0a   version=\x22\
1.1\x22\x0d\x0a   inkscap\
e:version=\x220.48.\
4 r9939\x22\x0d\x0a   sod\
ipodi:docname=\x22b\
utton_stopsim.sv\
g\x22>\x0d\x0a  <defs\x0d\x0a  \
   id=\x22defs18221\
\x22 />\x0d\x0a  <sodipod\
i:namedview\x0d\x0a   \
  id=\x22base\x22\x0d\x0a   \
  pagecolor=\x22#ff\
ffff\x22\x0d\x0a     bord\
ercolor=\x22#666666\
\x22\x0d\x0a     borderop\
acity=\x221.0\x22\x0d\x0a   \
  inkscape:pageo\
pacity=\x220.0\x22\x0d\x0a  \
   inkscape:page\
shadow=\x222\x22\x0d\x0a    \
 inkscape:zoom=\x22\
11.197802\x22\x0d\x0a    \
 inkscape:cx=\x2212\
.075895\x22\x0d\x0a     i\
nkscape:cy=\x229.71\
40565\x22\x0d\x0a     ink\
scape:current-la\
yer=\x22layer1\x22\x0d\x0a  \
   showgrid=\x22tru\
e\x22\x0d\x0a     inkscap\
e:grid-bbox=\x22tru\
e\x22\x0d\x0a     inkscap\
e:document-units\
=\x22px\x22\x0d\x0a     inks\
cape:snap-bbox=\x22\
true\x22\x0d\x0a     inks\
cape:window-widt\
h=\x22944\x22\x0d\x0a     in\
kscape:window-he\
ight=\x221002\x22\x0d\x0a   \
  inkscape:windo\
w-x=\x22960\x22\x0d\x0a     \
inkscape:window-\
y=\x220\x22\x0d\x0a     inks\
cape:window-maxi\
mized=\x220\x22\x0d\x0a     \
inkscape:snap-gl\
obal=\x22false\x22>\x0d\x0a \
   <inkscape:gri\
d\x0d\x0a       type=\x22\
xygrid\x22\x0d\x0a       \
id=\x22grid18227\x22 /\
>\x0d\x0a  </sodipodi:\
namedview>\x0d\x0a  <m\
etadata\x0d\x0a     id\
=\x22metadata18224\x22\
>\x0d\x0a    <rdf:RDF>\
\x0d\x0a      <cc:Work\
\x0d\x0a         rdf:a\
bout=\x22\x22>\x0d\x0a      \
  <dc:format>ima\
ge/svg+xml</dc:f\
ormat>\x0d\x0a        \
<dc:type\x0d\x0a      \
     rdf:resourc\
e=\x22http://purl.o\
rg/dc/dcmitype/S\
tillImage\x22 />\x0d\x0a \
       <dc:title\
></dc:title>\x0d\x0a  \
    </cc:Work>\x0d\x0a\
    </rdf:RDF>\x0d\x0a\
  </metadata>\x0d\x0a \
 <g\x0d\x0a     id=\x22la\
yer1\x22\x0d\x0a     inks\
cape:label=\x22Laye\
r 1\x22\x0d\x0a     inksc\
ape:groupmode=\x22l\
ayer\x22>\x0d\x0a    <pat\
h\x0d\x0a       inksca\
pe:connector-cur\
vature=\x220\x22\x0d\x0a    \
   id=\x22path3793-\
0-2-0-4-3-53-6-2\
-5-4-6-8-4-4-6-8\
\x22\x0d\x0a       d=\x22M 6\
.4041679,30.8179\
77 27.917716,16 \
6.4041679,1.1820\
232 z\x22\x0d\x0a       s\
tyle=\x22fill:#30b9\
30;fill-opacity:\
1;stroke:none\x22 /\
>\x0d\x0a  </g>\x0d\x0a</svg\
>\x0d\x0a\
\x00\x00\x0b'\
<\
?xml version=\x221.\
0\x22 encoding=\x22UTF\
-8\x22 standalone=\x22\
no\x22?>\x0d\x0a<!-- Crea\
ted with Inkscap\
e (http://www.in\
kscape.org/) -->\
\x0d\x0a\x0d\x0a<svg\x0d\x0a   xml\
ns:dc=\x22http://pu\
rl.org/dc/elemen\
ts/1.1/\x22\x0d\x0a   xml\
ns:cc=\x22http://cr\
eativecommons.or\
g/ns#\x22\x0d\x0a   xmlns\
:rdf=\x22http://www\
.w3.org/1999/02/\
22-rdf-syntax-ns\
#\x22\x0d\x0a   xmlns:svg\
=\x22http://www.w3.\
org/2000/svg\x22\x0d\x0a \
  xmlns=\x22http://\
www.w3.org/2000/\
svg\x22\x0d\x0a   xmlns:s\
odipodi=\x22http://\
sodipodi.sourcef\
orge.net/DTD/sod\
ipodi-0.dtd\x22\x0d\x0a  \
 xmlns:inkscape=\
\x22http://www.inks\
cape.org/namespa\
ces/inkscape\x22\x0d\x0a \
  width=\x2229.9604\
99\x22\x0d\x0a   height=\x22\
26.864904\x22\x0d\x0a   i\
d=\x22svg18219\x22\x0d\x0a  \
 version=\x221.1\x22\x0d\x0a\
   inkscape:vers\
ion=\x220.91 r13725\
\x22\x0d\x0a   sodipodi:d\
ocname=\x22button_s\
tartsim.svg\x22>\x0d\x0a \
 <defs\x0d\x0a     id=\
\x22defs18221\x22 />\x0d\x0a\
  <sodipodi:name\
dview\x0d\x0a     id=\x22\
base\x22\x0d\x0a     page\
color=\x22#ffffff\x22\x0d\
\x0a     bordercolo\
r=\x22#666666\x22\x0d\x0a   \
  borderopacity=\
\x221.0\x22\x0d\x0a     inks\
cape:pageopacity\
=\x220.0\x22\x0d\x0a     ink\
scape:pageshadow\
=\x222\x22\x0d\x0a     inksc\
ape:zoom=\x2215.836\
083\x22\x0d\x0a     inksc\
ape:cx=\x224.512358\
9\x22\x0d\x0a     inkscap\
e:cy=\x2212.202038\x22\
\x0d\x0a     inkscape:\
current-layer=\x22l\
ayer1\x22\x0d\x0a     sho\
wgrid=\x22true\x22\x0d\x0a  \
   inkscape:grid\
-bbox=\x22true\x22\x0d\x0a  \
   inkscape:docu\
ment-units=\x22px\x22\x0d\
\x0a     inkscape:s\
nap-bbox=\x22true\x22\x0d\
\x0a     inkscape:w\
indow-width=\x22192\
0\x22\x0d\x0a     inkscap\
e:window-height=\
\x221018\x22\x0d\x0a     ink\
scape:window-x=\x22\
-8\x22\x0d\x0a     inksca\
pe:window-y=\x22-8\x22\
\x0d\x0a     inkscape:\
window-maximized\
=\x221\x22\x0d\x0a     inksc\
ape:snap-global=\
\x22false\x22\x0d\x0a     fi\
t-margin-top=\x220\x22\
\x0d\x0a     fit-margi\
n-left=\x220\x22\x0d\x0a    \
 fit-margin-righ\
t=\x220\x22\x0d\x0a     fit-\
margin-bottom=\x220\
\x22>\x0d\x0a    <inkscap\
e:grid\x0d\x0a       t\
ype=\x22xygrid\x22\x0d\x0a  \
     id=\x22grid182\
27\x22\x0d\x0a       orig\
inx=\x22-1.019756\x22\x0d\
\x0a       originy=\
\x22-2.5676004\x22 />\x0d\
\x0a  </sodipodi:na\
medview>\x0d\x0a  <met\
adata\x0d\x0a     id=\x22\
metadata18224\x22>\x0d\
\x0a    <rdf:RDF>\x0d\x0a\
      <cc:Work\x0d\x0a\
         rdf:abo\
ut=\x22\x22>\x0d\x0a        \
<dc:format>image\
/svg+xml</dc:for\
mat>\x0d\x0a        <d\
c:type\x0d\x0a        \
   rdf:resource=\
\x22http://purl.org\
/dc/dcmitype/Sti\
llImage\x22 />\x0d\x0a   \
     <dc:title><\
/dc:title>\x0d\x0a    \
  </cc:Work>\x0d\x0a  \
  </rdf:RDF>\x0d\x0a  \
</metadata>\x0d\x0a  <\
g\x0d\x0a     id=\x22laye\
r1\x22\x0d\x0a     inksca\
pe:label=\x22Layer \
1\x22\x0d\x0a     inkscap\
e:groupmode=\x22lay\
er\x22\x0d\x0a     transf\
orm=\x22translate(-\
1.019756,-2.5674\
96)\x22>\x0d\x0a    <g\x0d\x0a \
      transform=\
\x22matrix(0.448417\
28,0,0,0.5382615\
6,709.68196,-405\
0.1404)\x22\x0d\x0a      \
 id=\x22g14162-9-8-\
3-3\x22>\x0d\x0a      <pa\
th\x0d\x0a         sty\
le=\x22fill:#000000\
;fill-opacity:1;\
stroke:none\x22\x0d\x0a  \
       d=\x22m -154\
9.7804,7579.1643\
 36.231,-24.9553\
 -36.231,-24.955\
2 z\x22\x0d\x0a         i\
d=\x22path3793-0-2-\
0-4-3-53-6-2-6-1\
-0-5-3-3-4-0-4-8\
0-8-9\x22\x0d\x0a        \
 inkscape:connec\
tor-curvature=\x220\
\x22 />\x0d\x0a      <rec\
t\x0d\x0a         styl\
e=\x22fill:#000000;\
fill-opacity:1;s\
troke:none\x22\x0d\x0a   \
      id=\x22rect13\
528-9-6-2-8-8-0-\
6\x22\x0d\x0a         wid\
th=\x2217.547201\x22\x0d\x0a\
         height=\
\x2220.471571\x22\x0d\x0a   \
      x=\x22-1563.8\
206\x22\x0d\x0a         y\
=\x227543.9731\x22 />\x0d\
\x0a      <rect\x0d\x0a  \
       style=\x22fi\
ll:#000000;fill-\
opacity:1;stroke\
:none\x22\x0d\x0a        \
 id=\x22rect13528-9\
-6-8-8-7-1-7\x22\x0d\x0a \
        width=\x221\
0.302056\x22\x0d\x0a     \
    height=\x2220.6\
97834\x22\x0d\x0a        \
 x=\x22-1580.3633\x22\x0d\
\x0a         y=\x22754\
3.8604\x22 />\x0d\x0a    \
</g>\x0d\x0a  </g>\x0d\x0a</\
svg>\x0d\x0a\
\x00\x00\x14\xec\
\x89\
PNG\x0d\x0a\x1a\x0a\x00\x00\x00\x0dIHDR\x00\
\x00\x01\x00\x00\x00\x01\x00\x08\x06\x00\x00\x00\x5cr\xa8f\
\x00\x00\x00\x04sBIT\x08\x08\x08\x08|\x08d\x88\
\x00\x00\x00\x09pHYs\x00\x00\x1f\x81\x00\x00\x1f\x81\
\x01\x9b\xfdp\xb9\x00\x00\x00\x19tEXtSof\
tware\x00www.inksca\
pe.org\x9b\xee<\x1a\x00\x00\x14iID\
ATx\x9c\xed\xddytU\xd5\xa1\xc7\xf1o\x12\x92\
\x90@\x98\xa1\xcc\xc9!Z\xb1ZK\x1d\xaau\xa0b\
\x1d\x10\x94)\xb4]\xef\xf5\xbd\xaev\xad>\xfb\xde\xea\
Y\xab\xbe\xda\xd6\xb6\xb6\xf6\x11\x82@QD\xbbq\xc2\
\xb1(ZE\x8b-\x0e\x14\x14\xc5\xa5\x22\x093\xc8$\
\x1ef(3\x04\x12\x92\x90\xdc\xf7\xc7\xa9\x9d\x04\xca\x90\
\xbd\xef\xb0\x7f\x9f\xb5\xfaW\xeb\xfd\x1dW\xc9\x97{o\
\xee\xbe'+\x91H \x22~\xcaN\xf6\x05\x88H\xf2\
(\x00\x22\x1eS\x00D<\xa6\x00\x88xL\x01\x10\xf1\
\x98\x02 \xe21\x05@\xc4c\x0a\x80\x88\xc7\x14\x00\x11\
\x8f)\x00\x22\x1eS\x00D<\xa6\x00\x88xL\x01\x10\
\xf1\x98\x02 \xe21\x05@\xc4c\x0a\x80\x88\xc7\x14\x00\
\x11\x8f)\x00\x22\x1eS\x00D<\xa6\x00\x88xL\x01\
\x10\xf1\x98\x02 \xe21\x05@\xc4c\x0a\x80\x88\xc7\x14\
\x00\x11\x8f)\x00\x22\x1eS\x00D<\xa6\x00\x88xL\
\x01\x10\xf1\x98\x02 \xe21\x05@\xc4c\x0a\x80\x88\xc7\
\x14\x00\x11\x8f)\x00\x22\x1eS\x00D<\xa6\x00\x88x\
L\x01\x10\xf1\x98\x02 \xe21\x05@\xc4c\x0a\x80\x88\
\xc7Z$\xfb\x02\x92\xc5D\xe6r\xe0\x16\xa0\x06\x98\x0f\
|\x00\xac\x0d\x830\x91\xd4\x0b\x13q(+\x91\xf0\xe7\
\xcf\xbb\x89L\x0b\xe0\xdb\xc0\xf7\x81~\xc7\xf8\x9f\xec\x01\
\xc6\x03\xf7\x85AX\xef\xf0\xd2D\x92\xc2\xb7\x97\x00?\
\x06\xa6p\xec\x1f~\x80\x8e\xc0\xaf\x81\x95&2C\x9c\
]\x95H\x92x\xf3\x0c\xc0D\xa6\x0f\xb0\x02(8\x85\
\x7fl6pk\x18\x84\x1f\xda\xb9*\x91\xe4\xf2\xe9\x19\
\xc0\x03\x9c\xda\x0f?\xc0u\xc0R\x13\x99\xfbMd\xda\
[\xb8&\x91\xa4\xf2\xe2\x19\x80\x89\xccU\xc0\xbc3|\
\x98=\xc0\xaf\x80\x87\xc2 l<\xf3\xab\x12I>_\
\x9e\x01\x9c\xdb\x0c\x8f\xd1\x110\xc0\x12\x13\x99\xaf6\xc3\
\xe3\x89$\x9d/\x01h\xce\xa7\xef\xe7\x03sLd~\
o\x22S\xda\x8c\x8f+\xe2\x9c/\x01\xc8\xb2\xf0\x98\xc3\
\x88\x7f[0\xceD\xa6\xc8\xc2\xe3\x8bX\xe7K\x00l\
\xc9\x07n\x07\xd6\x9a\xc8|\xdbD\xc6FhD\xacQ\
\x00\x9aGW\xe0\x09\xe0\x03\x13\x99/'\xfbbDN\
\x96\x02\xd0\xbc.\x01\xde3\x91y\xdaD\xa6g\xb2/\
F\xe4_Q\x00\xec\xf8&\xb0\xc6D\xe6\x97&2-\
\x93}1\x22\xc7\xa3\x00\xd8S\x08\x94\x03\xabMd\xbe\
\x96\xec\x8b\x119\x16\x05\xc0\xbeb\xe0y\x13\x99\xb7M\
d\x8ew\x06A$)\x14\x00w\xfa\x03\x0bMd\x1e\
1\x91\xe9\x9c\xec\x8b\x11\x01\x05\xc0\xb5l\xe0\xbf\x80u\
&2?4\x91\xc9M\xf6\x05\x89\xdf\x14\x80\xe4h\x0b\
\xdc\x03\xac0\x91\x19\x9c\xec\x8b\x11\x7f)\x00'\xd0\x94\
h\xb2=\xf1Y`\xa6\x89\xcck&2}m\x8f\x89\
\xfc3\x05\xe0\x04\x1eY\xf9\x08\x0b\xfe\xbc\x80\x04\xd6O\
L\x0e\x04\x96\x99\xc8\xdck\x22\xd3\xce\xf6\x98\xc8'\x14\
\x80\x138P\x7f\x80\xa9k\xa62q\xf1D6To\
\xb0=\x97\x0b\xdcJ\xfc\xfe\xc0\xf7Ldrl\x0f\x8a\
(\x00'aC\xf5\x06&.\x9e\xc8\xd45S9P\
\x7f\xc0\xf6\x5c'\xe0!`\x91\x89\xcc\xd5\xb6\xc7\xc4o\
\x0a\xc0IJ\x90`\xc1\x9f\x17P^Y\xce\xacM\xb3\
hhj\xb0=y\x010\xd7Df\xba\x89L\x89\xed\
1\xf1\x93\x02p\x8a\xea\x1b\xeb\x99\xb9a&\x15U\x15\
,\xd9\xbd\xc4\xc5d\x19\xb0\xcaD\xa6\xc2D\xa6\x95\x8b\
A\xf1\x87\x02p\x9a\xf6\x1e\xd9\xcbc\x1f>\xc6\xfd\xcb\
\xeeg\xeb\xe1\xad\xb6\xe7Z\x02w\x10\x1f;\xfeO\x1d\
;\x96\xe6\xa2\x00\x9c\xa1u\xfb\xd71~\xe1x\x9e[\
\xf7\x1c\x87\x1a\x0e\xd9\x9e\xeb\x0e\xfc\x16x\xdfD\xe6R\
\xdbc\x92\xf9\x14\x80f\x90 \xc1\xbb\xdb\xdf\xa5\xbc\xb2\
\x9c\xb9[\xe7\xd2\x98\xb0\xfe\x9d\xa1\x97\x12G\xe0)\x13\
\x99\xee\xb6\xc7$s)\x00\xcd\xa8\xf6h-/\xad\x7f\
\x89\xbb\xaa\xee\xe2\xc3\xbd\xd6o%\x90\x05|\x8b\xf8\xd8\
\xf1\xcfMd\xf2m\x0fJ\xe6Q\x00,\xd8Y\xbb\x93\
\x07W<\xc8C+\x1ebg\xedN\xdbs\xad\x811\
\xc4o\x14\x8e\xb0=&\x99E\x01\xb0h\xe5\xde\x95\xdc\
Uu\x17/\xad\x7f\x89\xda\xa3\xb5\xb6\xe7\x02\xe0E\x13\
\x997Md.\xb0=&\x99A\x01\xb0\xac1\xd1\xc8\
\xdc\xads)\xaf,\xe7\xdd\xed\xef\xba\xf8X\xf1\x00\xe2\
\x0f\x11=h\x22\xd3\xc9\xf6\x98\xa47\x05\xc0\x91C\x0d\
\x87xn\xdds\x8c_8\x9e\x8f\x0e|d{.\x07\
\xf8o\xe2\x8f\x15\xff\xe0/wE\x16\xf9\x14\x05\xc0\xb1\
\xad\x87\xb7r\xdf\xd2\xfbx\xec\xc3\xc7\xd8{d\xaf\xed\
\xb9v\xc0$\xe2\x83F7\xd8\x1e\x93\xf4\xa3\x00$\xc9\
\x92\xddK\xa8\xa8\xaa`\xe6\x86\x99\xd47\xd6\xdb\x9e;\
\x17x\xddDf\xa6\x89\xccgm\x8fI\xfaP\x00\x92\
\xa8\xa1\xa9\x81Y\x9bf1\xbaj4\x95;+]\xbc\
?0\x98\xf8KH\xee6\x91ic{LR\x9f\x02\
\x90\x02\xf6\xd7\xed\xe7\xb7\xab\x7f\xcb\xc4%\x13\xd9X\xbd\
\xd1\xf6\x5c.p\x1b\xf1\xfb\x03\xdf5\x91\xd1\x9f\x01\x8f\
\xe9\xff\xfc\x14\xb2\xe1\xe0\x06\xeeY|\x0fS\xd7L\xe5\
`\xfdA\xdbs]\x80)@\xd5_n\x9f.\x1eR\
\x00R\xcc\xdf\x1f;\xfe\xd3\xe6?q\xb4\xe9\xa8\xed\xc9\
/\x02\xf3Ld~g\x22\xd3\xdb\xf6\x98\xa4\x16\x05 \
E\xd55\xd6\xf1\xc7\xe8\x8fTTU\xb0t\xf7R\x17\
\x93_'\xbe\x89\xc9(\x13\x99B\x17\x83\x92|\x0a@\
\x8a\xdbsd\x0f\x8f~\xf8(\xf7/\xbb\x9fm\x87\xb7\
\xd9\x9e+\x00\xee$>_\xf0\xef\xb6\xc7$\xf9\x14\x80\
4\xb1n\xff:\xc6/\x1a\xcf\xf3\x1f=\xef\xe2\xd8q\
O\xe0\x19\x13\x99wMd.\xb6=&\xc9\xa3\x00\xa4\
\x91\xa6D\x13\xefl{\x87\xf2\xcar\xde\xda\xfa\x96\x8b\
\xaf-\xbf\x1cX`\x22\xf3\xb8\x89LW\xdbc\xe2\x9e\
\x02\x90\x86j\x8f\xd6\xf2\xe2\xfa\x17\x19\xbbp,\xab\xf6\
\xad\xb2=\x97\x05|\x87\xf8\xdb\x88n7\x91\xc9\xb3=\
(\xee(\x00ilG\xcd\x0e\x1eX\xfe\x80\xabc\xc7\
E\xc08\xe0C\x13\x99\xa1\xb6\xc7\xc4\x0d\x05 \x03|\
r\xec\xf8\xf7\x1f\xff\xde\xc5\xb1\xe3R`\x86\x89\xccl\
\x13\x99\xf3l\x8f\x89]\x0a@\x86hL4\xf2\xe6\x96\
7\x19]9\x9a\xf7v\xbc\xe7\xe2c\xc5\xd7\x02KM\
d\x8c\x89L\x07\xdbcb\x87\x02\x90a\xaa\x1b\xaay\
v\xed\xb3\xfcz\xd1\xafY\x7f`\xbd\xed\xb9\x1c\xe0\xfb\
\xc4\x1f+\x0eu\xec8\xfd(\x00\x19j\xcb\xa1-L\
Z:\x89'V=\xe1\xe2\xd8q\x07\xe07\xc0\x12\x13\
\x99km\x8fI\xf3Q\x002\xdc\xa2]\x8b\xa8\xa8\xaa\
\xe0\x95\x0d\xafP\xdfd\xfd\xd8\xf1y\xc0l\x13\x99\x19\
&2\xa5\xb6\xc7\xe4\xcc)\x00\x1ehhj\xe0\xf5M\
\xaf3\xbar4U;\xab\x5cL\x0e%\xfem\xc1x\
\x13\x99\x22\x17\x83rz\x14\x00\x8f\xec\xaf\xdb\xcfS\xab\
\x9fb\xe2\x92\x89l\xaa\xded{.\x0f\xf8\x09\xf1\xe7\
\x07\xbe\xa3\xbb\x19\xa5&\x05\xc0C\xd1\xc1\x88\xbb\x17\xdf\
\xcd\xd3k\x9evq\xec\xb8+\xf08\xf1'\x0a/\xb7\
=&\xa7F\x01\xf0T\x82\x04\x1f\xfc\xf9\x03\xca+\xcb\
\x99\xbdy\xb6\x8bc\xc7\x17\x03\xef\x9a\xc8L3\x91\xe9\
i{LN\x8e\x02\xe0\xb9\xba\xc6:\xfe\x10\xfd\x811\
\x0b\xc7\xb0l\xcf2\x17\x93\xffF|\xda\xf0N\x13\x99\
\x02\x17\x83r|\x0a\x80\x00\xb0\xbbv7SVN\xc1\
,3l?\xbc\xdd\xf6\x5c!0\x8a\xf8\xfb\x07\xbea\
{L\x8eO\x01\x90\x7f\xb0f\xff\x1a\xc6-\x1a\xc7\xf3\
\x1f=\xcf\xe1\x86\xc3\xb6\xe7z\x03\xcf\x99\xc8\xcc3\x91\
\xf9\xa2\xed1\xf94\x05@>\xe5\xef\x8f\x1d\xbf\xbd\xf5\
m\x17\xc7\x8e\xaf\x22\xfen\xc2)&2]l\x8f\xc9\
\xdf(\x00r\x5c5Gk\x98\xbe~:c\x17\x8ee\
\xf5\xbe\xd5\xb6\xe7\xb2\x81\xef\x12\x7f\xac\xf86\x13\x99\x5c\
\xdb\x83\xa2\x00\xc8I\xd8Q\xb3\x83\xc9\xcb'\xf3\xf0\xca\
\x87\xd9U\xbb\xcb\xf6\x5c\x1b\xe0n`\xa5\x89\xccM\xb6\
\xc7|\xa7\x00\xc8I[\xb1g\x05c\xaa\xc60\xe3\xe3\
\x19\x1ci<b{\xeel\xe0\x8f&2\xaf\x9b\xc8\x9c\
k{\xccW\x0a\x80\x9c\x92\xc6D#oly\x83\xf2\
\xcar\xde\xdf\xf1\xbe\x8bc\xc77\x10\xdf\xdbp\x92\x89\
L{\xdbc\xbeQ\x00\xe4\xb4T\xd7W3m\xed4\
&,\x9a\xe0\xe2\xd8q\x0b\xe0\x07\xc4\xef\x0f\xfc\x8f\x89\
L\x8e\xedA_(\x00rF6\x1f\xda\xfc\xd7c\xc7\
\xfb\xea\xf6\xd9\x9e\xeb\x08<\x00,6\x91\x19`{\xcc\
\x07\x0a\x804\x8bE\xbb\x161\xbar4\xafn|\xd5\
\xc5\xb1\xe3\xcf\x03o\x9a\xc8\xbch\x22\x13\xd8\x1e\xcbd\
\x0a\x804\x9b\x86\xa6\x06^\xdb\xf8\x1a\x15\x95\x15,\xdc\
\xb5\xd0\xc5\xe4\x08`\x95\x89\xcc]&2\xad]\x0cf\
\x1a\x05@\x9a\xdd\xbe\xba}<\xb9\xeaI\xee]r/\
\x9b\x0fm\xb6=\x97\x0f\xfc\x8c\xf8\xd8\xf1\xb7t\xec\xf8\
\xd4(\x00b\xcd\xc7\x07?f\xc2\xa2\x09<\xb3\xf6\x19\
\xaa\xeb\xabm\xcfu\x03\x9e\x02\xe6\x9b\xc8\x5cf{,\
S(\x00bU\x82\x04\xf3w\xccgT\xe5(\xe6l\
\x9eCc\xa2\xd1\xf6\xe4\x97\x80\xf7Ld\xa6\x9a\xc8t\
\xb7=\x96\xee\x14\x00q\xa2\xae\xb1\x8e\x97\xa3\x97\x19S\
5\x86\xe5{\x96\xdb\x9e\xcb\x02\xfe\x83\xf8e\xc1\x1d&\
2-m\x0f\xa6+\x05@\x9c\xdaU\xbb\x8bGV>\
\xc2\xe4\xe5\x93\xd9^c\xfd\xd8q+\xa0\x82\xf8\x8d\xc2\
2\xdbc\xe9H\x01\x90\xa4X\xbdo5\xe3\x16\x8e\xe3\
\x85\x8f^\xa0\xe6h\x8d\xed\xb9\x12`\xba\x89\xcc\x5c\x13\
\x99/\xd8\x1eK'\x0a\x80$MS\xa2\x89y\xdb\xe6\
1j\xc1(\xe6m\x9b\xe7\xe2\xd8\xf1\xd5\xc0\x22\x13\x99\
\x87Ld:\xd9\x1eK\x07\x0a\x80$]\xcd\xd1\x1a^\
\xf8\xe8\x05\xc6-\x1c\xc7\x9a}kl\xcfe\x03\xdf#\
\xfeX\xf1\xad\xbe\x1f;V\x00$el\xaf\xd9\x8eY\
n\x98\xb2r\x0a\xbbkw\xdb\x9ek\x07\xdcK|\xd0\
\xe8F\xdbc\xa9J\x01\x90\x94\xb3l\xcf2*\xaa*\
x9z\x99\xba\xc6:\xdbs}\x81WMd^1\
\x919\xc7\xf6X\xaaQ\x00$%5&\x1a\x99\xb3y\
\x0e\xe5\x95\xe5\xcc\xdf1\xdf\xc5\xb1\xe3A\xc0r\x13\x99\
{Ld\xda\xda\x1eK\x15\x0a\x80\xa4\xb4\x83\xf5\x07y\
f\xed3\xdc\xbd\xf8n\xa2\x83\x91\xed\xb9\x5c\xe0\x87\xc4\
\xef\x0f\xdcb\x22\x93\xf1?\x1f\x19\xff/(\x99aS\
\xf5&&.\x99\xc8\x93\xab\x9fd\x7f\xdd~\xdbs\x9d\
\x81\x87\x81\x85&2\xfdm\x8f%\x93\x02 ie\xe1\
\xce\x85\x8c\xae\x1c\xcdk\x1b_\xa3\xa1\xa9\xc1\xf6\x5c?\
\xe0m\x13\x99\xe7Md\x8am\x8f%\x83\x02 i\xa7\
\xbe\xa9\x9eW7\xbe\xca\xe8\xca\xd1,\xda\xb5\xc8\xc5\xe4\
\xd7\x88ob2\xdaD\xa6\x95\x8bAW\x14\x00I[\
\xfb\xea\xf6\xf1\xc4\xaa'\x98\xb4t\x92\x8bc\xc7-\x81\
_\x10\xdf\xd6\xec\x9b\x99r\xecX\x01\x90\xb4\xb7\xfe\xc0\
z&,\x9a\xc0\xb4\xb5\xd3\xa8n\xb0~\xec\xb8\x07\xf0\
40+\x13>M\xa8\x00HFH\x90\xe0\xfd\x1d\xef\
S\xbe\xa0\x9c7\xb6\xbc\xe1\xe2\xd8\xf1u\xc0\xect\x7f\
&\xa0\x00HF9\xd2x\x84\x19\x1f\xcf`L\xd5\x18\
V\xec]a{\xae\x1f\xf1\xdd\x8e\xd3\x96\x02 \x19i\
W\xed.\x1e^\xf10\x93\x97OfG\xcd\x0e\x9bS\
\xe5\xe9|\x9e@\x01\x90\x8c\xb6z\xdfj\xc6.\x1c\xcb\
\xf4\xf5\xd3m\x1d;.\x05\xbem\xe3\x81]h\x91\xec\
\x0b\x10\xb1\xad)\xd1\xc4\xdb[\xdf\xa6jg\x15\x83\x8b\
\x07sE\xb7+\xc8\xcej\xd6\xbf\xfb\xd2\xf6\xcd@=\
\x03\x109s\x1b\x93}\x01\xa7K\xcf\x00$\xe3eg\
esU\xf7\xab\x18T<\x88\xc2\x16\x856&6\xd8\
xP\x17\x14\x00\xc9h}\xdb\xf7\xa5\xac\xb4\x8c\xae\x85\
]m\xcel\xb0\xf9\xe06)\x00\x92\x91:\x17tf\
D\xe9\x08\xce\xefp\xbe\xed\xa9;\xc3 \xdcf{\xc4\
\x16\x05@2J\xcb\x9c\x96\x0c,\x1e\xc8\xd5=\xae&\
'\xcb\xfaM\x84\x7f\x13\x06\xe1h\xdb#6)\x00\x92\
\x11\xb2\xc8\xe2\xb2\xae\x97qsp3E\xb9E.&\
\x9f!\xbeeyZS\x00$\xed\x95\xb6-\xa5\xac\xb4\
\x8c^\xad{\xb9\x98\xdb\x0a\xdc\x0eL\x0b\x83\xd0\xfa\xd7\
\x14\xd9\xa6\x00H\xdaj\x9f\xdf\x9ea}\x86qa\xe7\
\x0b]\xcc\x1d\x01\xee\x06\xc6\x85Ax\xd8\xc5\xa0\x0b\x0a\
\x80\xa4\x9d\xbc\xec<\xae\xedu-\xd7\xf6\xba\x96\xdcl\
'\x9f\xc2}\x01\xf8q\x18\x84i\xfb\xfb\xfe\xe3Q\x00\
$\xad\x5c\xd4\xe5\x22\x86\x05\xc3h\x97\xdf\xce\xc5\xdc\x12\
\xe0\x07a\x10\xces1\x96\x0c\x0a\x80\xa4\x85\xdeE\xbd\
\x19Y:\x92\xa0M\xe0bn\x17\xf1\x97\x7f<\x1a\x06\
\xa1\xf5\xdb\x15%\x93\x02 )\xadM^\x1bn.\xb9\
\x99K\xbb^J\x16\xd6\x8f\xde7\x00\xbf\x01\xca\xc3 \
<`{,\x15(\x00\x92\x92r\xb2r\x18\xd0s\x00\
\x03{\x0f$?'\xdf\xc5\xe4\xab\xc0\x0f\xc3 \xb4~\
o\xb2T\xa2\x00H\xca\xb9\xa0\xe3\x05\x0c\xef3\x9cN\
\x05N\x0e\xd9\xad&\xfe\xc1\x7f\xcd\xc5X\xaaQ\x00$\
et+\xecFYi\x19\xe7\xb4wr\x87\xae\xfd\xc0\
(`r\x18\x84\xd6\xbf_<U)\x00\x92t\x85-\
\x0a\x19\x5c2\x98+\xbb]\xd9\xdc\xe7\xf4\x8f\xa5\x09\x98\
\x02\xfc\x22\x0cB\xebw Mu\x0a\x80$MvV\
6Wv\xbb\x92\xc1%\x83m\x1d\xd3\xfdgo\x01\xb7\
\x86A\xb8\xd4\xc5X:P\x00$)\xfa\xb6\xef\xcb\x88\
\xd2\x11t+\xec\xe6bn\x03\xf0\xa30\x08_t1\
\x96N\x14\x00q\xaasAg\x86\xf7\x19\xce\xe7;~\
\xde\xc5\xdca`,pO\x18\x84G\x5c\x0c\xa6\x1b\x05\
@\x9c\xc8\xcf\xc9g`\xef\x81\x0c\xe89\xc0\xc51\xdd\
\x04\xf1i\xbd\xdb\xd3\xf9\xac\xbe\x0b\x0a\x80X\x95E\x16\
\x97v\xbd\x94!%C(\xcasrLw\x01\xf1\xc7\
w\xe7\xbb\x18Kw\x0a\x80X\xd3\xa7M\x1fF\x9e5\
\xd2\xd51\xdd\xed\xc0O\x81\xa9\x99pL\xd7\x15\x05@\
\x9a]\xfb\xfc\xf6\x0c\xed3\x94\x8b:_\xe4b\xae\x0e\
\x98\x08\xdc\x15\x06\xe1!\x17\x83\x99D\x01\x90f\x93\x9b\
\x9d\xfb\xd7c\xbay\xd9y.&_\x22~w?r\
1\x96\x89\x14\x00i\x16\x17v\xbe\x90a}\x86\xd1>\
\xbf\xbd\x8b\xb9\xe5\xc4\xaf\xf3\xe7\xba\x18\xcbd\x0a\x80\x9c\
\x91^\xad{QVZFi\xdbR\x17s{\x80_\
\x02\x8f\x84Ah\xfd\xf6\xbf>P\x00\xe4\xb4\x14\xe5\x15\
qs\xc9\xcd\x5c\xd6\xf52\x17\xc7t\x8f\x02\x93\x81Q\
a\x10\xee\xb3=\xe6\x13\x05@NINV\x0eW\xf7\
\xb8\x9a\x81\xc5\x03i\x99\xd3\xd2\xc5\xe4,\xe0\x7f\xc3 \
\x5c\xe5b\xcc7\x0a\x80\x9c\xb4\xf3;\x9e\xcf\x88>#\
\xe8\x5c\xd0\xd9\xc5\xdc:\xe2c\xba3]\x8c\xf9J\x01\
\x90\x7f\xa9kaW\xcaJ\xcb\xe8\xdb\xbe\xaf\x8b\xb9\x83\
@9p\xbf\xcf\xc7t]Q\x00\xe4\xb8\x0a[\x142\
\xa8x\x10Wu\xbf\xca\xd51\xdd\xc7\x81;\xc2 \xdc\
i{Lb\x0a\x80|JvV6Wt\xbb\x82\xc1\
\xc5\x83i\x95\xdb\xca\xc5\xe4;\xc4\xbf\xd6[\xecbL\
\xfeF\x01\x90\x7fpN\xbbs(+-\xa3[+'\
\xc7t7\x01?\x09\x83\xf0w.\xc6\xe4\xd3\x14\x00\x01\
\xa0SA'\x86\xf7\x19\xce\x05\x1d/p1W\x03\x8c\
\x07&\x84AX\xebbP\x8eM\x01\xf0\x5c~N>\
7\xf4\xbe\x81\x01=\x06\xd0\x22\xdb\xc9\x1f\x87g\x89\xff\
\xd6\xdf\xe2bLNL\x01\xf0T\x16Y|\xe93_\
bH0\x846ym\x5cLV\x11\xbf\xce\x7f\xcf\xc5\
\x98\x9c\x1c\x05\xc0CA\x9b\x80\x91\xa5#\xe9]\xd4\xdb\
\xc5\xdc\x0e\xe0\xe7\xc0\x93:\xa6\x9bz\x14\x00\x8f\xb4\xcb\
o\xc7\xd0`(\x17w\xb9\xd8\xc5\x5c=0\x09\xa8\x08\
\x83\xb0\xda\xc5\xa0\x9c:\x05\xc0\x03\xb9\xd9\xb9|\xb5\xe7\
W\xb9\xae\xf7u\xae\x8e\xe9\xbe\x0c\xdc\x16\x06\xe1z\x17\
cr\xfa\x14\x80\x0cwa\xe7\x0b\x19\x1a\x0c\xa5C\xcb\
\x0e.\xe6V\x12\x7f\xed\xf6\x1c\x17cr\xe6\x14\x80\x0c\
\xd5\xb3uOF\x96\x8etuLw/\xf0+\xe0\xa1\
0\x08\x8f\xba\x18\x94\xe6\xa1\x00d\x98\xa2\xdc\x22n\x0a\
n\xe2\xcb]\xbf\xec\xe2\x98n#\xf0\x10pg\x18\x84\
{m\x8fI\xf3S\x002DNV\x0e_\xe9\xf1\x15\
\x06\xf6\x1eHA\x8b\x02\x17\x93s\x88\x9f\xee\xaft1\
&v(\x00\x19\xe0\xbc\x0e\xe71\xa2t\x04]\x0a\xba\
\xb8\x98[O\xfc\x06\xdf\xcb.\xc6\xc4.\x05 \x8du\
-\xec\xca\x88\xd2\x11\x9c\xdb\xfe\x5c\x17s\xd5\xc0\x18\xe0\
\xde0\x08\xeb]\x0c\x8a}\x0a@\x1a*hQ\xc0\xa0\
\xe2A\xf4\xef\xde\xdf\xc51\xdd\x04\xf0$\xf0\xf30\x08\
w\xd8\x1e\x13\xb7\x14\x804\xf2\xc91\xddA\xc5\x83h\
\x9d\xdb\xda\xc5\xe4{\xc4\x1f\xdf\xadr1&\xee)\x00\
i\xe2\xecvg3\xb2t$\xdd[uw1\xb7\x85\
\xf8\xbez\xd3\x5c\x8cI\xf2(\x00)\xaec\xcb\x8e\x0c\
\xef3\x9c/t\xfa\x82\x8b\xb9Z`\x020>\x0c\xc2\
\x1a\x17\x83\x92\x5c\x0a@\x8a\xca\xcf\xc9\xe7\xfa\xde\xd7s\
M\x8fk\x5c\x1d\xd3}\x1e\xf8q\x18\x84\x9b\x5c\x8cI\
jP\x00RL\x16Y\x5c\xf2\x99K\x18\x1a\x0cuu\
Lw1\xf1\xeb\xfcw\x5c\x8cIjQ\x00RHI\
\x9b\x12F\x96\x8e\xa4\xb8\xa8\xd8\xc5\xdcN\xe0\x0e\xe0\xf1\
0\x08\x9b\x5c\x0cJ\xeaQ\x00R@\xbb\xfcv\x0c\x09\
\x86pq\x97\x8b]||\xb7\x01\xb8\x1f(\x0f\x83\xf0\
\xa0\xed1Im\x0a@\x12\xe5f\xe7rM\xcfk\xb8\
\xbe\xd7\xf5\xe4\xe589\xa6\xfb\x0a\xf1\xcd6\xd6\xba\x18\
\x93\xd4\xa7\x00$I\xbfN\xfd\x18\xdeg\xb8\xabc\xba\
\xab\x88o\xaf5\xcb\xc5\x98\xa4\x0f\x05\xc0\xb1\x1e\xadz\
0\xf2\xac\x91\x9c\xd5\xf6,\x17s\xfb\x81\xff\x03&\xeb\
\x98\xae\x1c\x8b\x02\xe0H\xeb\xdc\xd6\xdcTr\x13\x97w\
\xbb\xdc\xd51\xdd)\xc0/\xc3 \xdcm{L\xd2\x97\
\x02`YNV\x0e\xfd\xbb\xf7\xe7\xc6\xe2\x1b]\x1d\xd3\
\x9dK|Lw\x99\x8b1Io\x0a\x80E\x8e\x8f\xe9\
F\xc0\x8f\xc2 |\xc9\xc5\x98d\x06\x05\xc0\x82.\x05\
](+-\xe3s\x1d>\xe7b\xee\x100\x16\xb8'\
\x0c\xc2:\x17\x83\x929\x14\x80fT\xd0\xa2\x80\x1b\x8b\
o\xa4\x7f\xf7\xfe\xe4d\xe5\xd8\x9eK\x00S\x81\x9f\x85\
A\xb8\xcd\xf6\x98d&\x05\xa0\x19d\x91\xc5\xe5\xdd.\
\xe7\xa6\x92\x9b\x5c\x1d\xd3\xfd\x80\xf8\xe3\xbb\x1f\xb8\x18\x93\
\xcc\xa5\x00\x9c\xa1\xb3\xdb\x9dMYi\x19=Z\xf5p\
1\xb7\x0d\xf8)\xf0\xb4\xee\xb2#\xcdA\x018M\x1d\
Zv`x\x9f\xe1\xf4\xeb\xd4\xcf\xc5\xdc\x11\xe0\x1e`\
l\x18\x84\x87]\x0c\x8a\x1f\x14\x80S\x94\x97\x93\xc7\xf5\
\xbd\xae\xe7\x9a\x9e\xd7\x90\x9b\x9d\xebb\xf2E\xe2w\xf7\
7\xb8\x18\x13\xbf(\x00'\xe9\x93c\xbaC\x82!\xb4\
\xcdk\xebbr\x19\xf1\xeb\xfc\xb7\x5c\x8c\x89\x9f\x14\x80\
\x93PRTB\xd9Ye\x94\x14\x95\xb8\x98\xdb\x0d\xfc\
\x02x4\x0c\xc2F\x17\x83\xe2/\x05\xe0\x04\xda\xe6\xb5\
e\xc09\x03\xb8\xe43\x97\xb8:\xa6;\x19\x18\x15\x06\
\xe1~\xdbc\x22\xa0\x00\x9c\xd0-\xe7\xdd\xe2\xe2k\xb7\
\x01^'>\xad\xb7\xda\xc5\x98\xc8'\x14\x80\x13p\xf0\
\xc3\xbf\x96\xf8|\xfe+\xb6\x87D\x8e\xc5\xc9_o\xf2\
)\x07\x80\xdb\x80\xf3\xf5\xc3/\xc9\xa4g\x00n5\x01\
\x8f\x01w\x84A\xb8+\xd9\x17#\xa2\x00\xb83\x8f\xf8\
\xd7zK\x92}!\x22\x9fP\x00\xec\xdbH\xfc}\xfb\
/$\xfbBD\xfe\x99\x02`O\x0d0\x0e\x98\x10\x06\
\xe1\x91d_\x8c\xc8\xb1(\x00v<\x03\xfc4\x0c\xc2\
-\xc9\xbe\x10\x91\x13Q\x00\x9aW%\xf1\xeb\xfc\xf7\x93\
}!\x22'C\xbf\x06l\x1e;\x80\xef\x00\x97\xea\x87\
_\xd2\x89\x9e\x01\x9c\x99:`\x120&\x0c\xc2\xead\
_\x8c\xc8\xa9\xf2%\x006\xbe<c\x06\xf11\xdd\xf5\
\x16\x1e[\xc4\x09_\x02\xb0\xb2\x19\x1fk\x05\xf1\xd7n\
\xbf\xd1\x8c\x8f)\x92\x14\xbe\xbc\x070\x1b8\xd3\xa7\xe8\
{\x80\x10\xe8\xa7\x1f~\xc9\x14Y\x89\x84\x1f_-g\
\x22\xf3\x1c\xf0\x8d\xd3\xf8G\x8f\x02\x0f\x02\xbf\x0a\x83p\
_\xf3^\x95Hr\xf9\xf2\x12\x00`:\xa7\x1e\x80\xd9\
\xc4O\xf7?\xb4p=\x22I\xe7\xcd3\x00\x00\x13\x99\
\x90\xf8\xcb5\xff\xd5\xbd\xb8?\x02n\x0b\x83\xf0\x0f\xf6\
\xafJ$y\xbc\x0a\x00\x80\x89\xcc%\xc0\x0b@\xf11\
\xfe\xeb\x03\xc0\x18\xe0\xbe0\x08\xeb\x9d^\x98H\x12x\
\x17\x00\x00\x13\x99\x0e\xc0p\xa0\xf0\xef\xfe\xb3\x05x6\
\x0c\xc2C\xc9\xbc6\x11\x97\xbc\x0c\x80\x88\xc4|\xf95\
\xa0\x88\x1c\x83\x02 \xe21\x05@\xc4c\x0a\x80\x88\xc7\
\x14\x00\x11\x8f)\x00\x22\x1eS\x00D<\xa6\x00\x88x\
L\x01\x10\xf1\x98\x02 \xe21\x05@\xc4c\x0a\x80\x88\
\xc7\x14\x00\x11\x8f)\x00\x22\x1eS\x00D<\xa6\x00\x88\
xL\x01\x10\xf1\x98\x02 \xe21\x05@\xc4c\x0a\x80\
\x88\xc7\x14\x00\x11\x8f)\x00\x22\x1eS\x00D<\xa6\x00\
\x88xL\x01\x10\xf1\x98\x02 \xe21\x05@\xc4c\x0a\
\x80\x88\xc7\x14\x00\x11\x8f)\x00\x22\x1eS\x00D<\xa6\
\x00\x88xL\x01\x10\xf1\x98\x02 \xe21\x05@\xc4c\
\x0a\x80\x88\xc7\x14\x00\x11\x8f)\x00\x22\x1eS\x00D<\
\xa6\x00\x88x\xec\xff\x01(\xe6\x11#>>\xc3M\x00\
\x00\x00\x00IEND\xaeB`\x82\
\x00\x00\x01\xe8\
\x89\
PNG\x0d\x0a\x1a\x0a\x00\x00\x00\x0dIHDR\x00\
\x00\x00\x10\x00\x00\x00\x10\x08\x02\x00\x00\x00\x90\x91h6\
\x00\x00\x00\x01sRGB\x00\xae\xce\x1c\xe9\x00\x00\x00\
\x04gAMA\x00\x00\xb1\x8f\x0b\xfca\x05\x00\x00\x00\
\x09pHYs\x00\x00\x0e\xc3\x00\x00\x0e\xc3\x01\xc7o\
\xa8d\x00\x00\x01}IDAT8O\x95\x92MK\
\x02Q\x14\x86\xcf\x1d\xa2\x95\xc1\x80 \x0a\xf9\x01\xb9q\
-\x04\xd2HQ\x04A\x7f\xa0_\xd1\xae\x95\xd0Op\
\xd3\xd2\x96F\xb5s\x17\xb8\x11Z\x8c\xa6E0}\xe8\
Tj\xea\xcc\xa0\x14\x84\xe3H\x9aS\xd3q\xee5\xa5\
\x88\xf2Y\xcc}\xdf3\xe7\xbd3g\xee\x10\xcb\xb2`\
\x1a8EQ\x08!<\xcf\xb3\xc2_p\xa6i\xe2\xd2\
n\xb7\xa9\xff\xe2\xe2\xf6r\xeb`\xbbQ\xab3?\x82\
\xf3\xf9|\xb2,W*\x15\xea1\x99\xcdf\xbb\xbaQ\
\xac\xdf\x1dK{\xaa\xa6\xd1\xfa\x18\x9ca\x12\xec\xc6k\
.\x97\xa3\x16\x19\xd80cY\x1cf\xe4\x87\xfb\xb3B\
\xe1\xc5~+\xb7\xdb\x9d\xcf\xe7'G:\xb1a\x06\xc1\
P&\x1c\x19\x00\x88\xc9$\xdd\xe3\x1b\xa5kI\x95\xaf\
\x98\xa1O\xe8\xad\xaf\x8ak\x1b\x8e@\x00u*\x95J\
$\x12(b\xb1X<\x1eGq\xaa\x1a\xf3\x87\x8d\xde\
\xd3h\x18\x16\xfc\x81\xdf\xef\x8fF\xa3(v\x8e2\xb0\
[\xec\xd4dZ\xff5`\xbe[\x1fTt;\x9d\xc7\
\x92-\x87\x8cOZ\x92$]\xd7C\xa1\x90\xd3\xe9T\
U\xa5\xa9\xd5\xf0\x88\x16#\xcb\x84\xde\x1e1\x9c\x81\xd2\
\xef\xf7\x05Ah\xb5Z\xa8\xd5\x9b\xfd0\x08\x0b\xcd\x95\
g\x1d\xca\xe5r:\x9d\xa6=\xc88\x80\x1fT\x14\xc5\
`0\x88\x9a\x10\x0epg\x02\x1c\x01\xc30<\x1e\x0f\
\xedAf\xd8\x0a\xe0\xb5\xa1\x9a\xf7n\x9eks\xaf\xb3\
\x83%\x07\xbc\xb9\x5c\xd5j\x95\xd6\x91\xe9\xffV\xb6\xfe\
\x13\x80O$\xfc,\x041r\xdf\xe7\x00\x00\x00\x00I\
END\xaeB`\x82\
\x00\x00r\x0f\
\x89\
PNG\x0d\x0a\x1a\x0a\x00\x00\x00\x0dIHDR\x00\
\x00\x01\x00\x00\x00\x01\x00\x08\x06\x00\x00\x00\x5cr\xa8f\
\x00\x00q\xd6IDATx\xda\xec}\x07\x80\x1c\xd5\
\x95\xed\xad\xea4\xdd\x1353\x9aQ\x02!\x91\xb3\xd3\
\x06\xfb\xef\xdf]{\x837\xf9\xef\xb7w\xd7\x18L0\
8\x81\xbd\xb6\xd7\x89u\xc4\x18\x1b\x13\x9c1\x1f/\xd8\
\xd8\x06\x9cDN\xc6\x80A\x98\x9c\x83\x08\x02\xa4Q\x96\
&\xc7\xce\xd3\xa1\xde\x7f\xefUz\xa9\xaa\xab\xa7\xbb5\
\x08\xd5\x85QU\xbd\x0a\xdd]\xaf\xce\xb9\xe7\xde\x17J\
\x83\xd0B\x0bm\xbf5m\xb1\xbf@h\xa1\x85\xb6x\
\x16\x12@h\xa1\xed\xc7\x16\x12@h\xa1\xed\xc7\x16\x12\
@h\xa1\xed\xc7\x16\x12@h\xa1\xed\xc7\x16\x12@h\
\xa1\xed\xc7\x16\x12@h\xa1\xed\xc7\x16\x12@h\xa1\xed\
\xc7\x16\x12@h\xa1\xed\xc7\x16\x12@h\xa1\xed\xc7\x16\
\x12@h\xa1\xed\xc7\x16\x12@h\xa1\xed\xc7\x16\x12@\
h\xa1\xed\xc7\x16\x12@h\xa1\xed\xc7\x16\x12@h\xa1\
\xed\xc7\x16\x12@h\xa1\xed\xc7\x16\x12@h\xa1\xed\xc7\
\x16\x12@h\xa1\xed\xc7\x16\x12@h\xa1\xed\xc7\x16\x12\
\xc0\x22\x1bB\x88\xd4\x01\xf9\xd3A\xae\x0f\xc4\xfei\x9a\
\x86\x16\xfb\xfb\x86\xf6\xfa\xb2\x90\x00\x16\xc9,\xe0G\xf0\
_\x02\xff\xb5\xe3\xbf\x14\xfe\x8b\x81['\x06\xfe+\xe1\
\xbf\x02\xfe+Z\xebe\x08\x89 \xb4&ZH\x00{\
\xd9\x18\xe0\xb7\xe1\xbf%U\x03\xad||\xe3\xd8_\x8c\
L\xe6\xdf:\x97\x9b?\xa4\x5cA\xc9b\xa9\x12\xcb\x15\
+\xb1|\xb1\x92.W\x8cW\xcb\xd5\xea\x86\xaeT\xe2\
\xfes\xcfx\xcbS`\x12B5$\x81\xd0\x9aa!\
\x01\xecE\xc3\xe0'2\x9f\x00\xbf\xfb\x8f\xcf\xee9\xfe\
\xd9M\x13\x9f\xe8H\xc6\xff\xfa\x80e\x1d\xa9\xa5\xddm\
\xb824\xc8\xcdW \x93/\xc1l\xa6\x04\xd3\xe9y\
\x98\x98-\xc2\xe4\x5c\x1e\xff\x15\x01\x93\xc2\xbd\x1d\xc9\xd8\
\xd7\x7f{\xee\xdf=\x8a\x09\xa0\xb2\xd8\xbf'\xb4}\xdf\
B\x02\xd8Kf\x81?u\xfd}C\xc7>\xfd\xca\xd8\
\x97Sm\xf1w\xae^\xd6\x19]\xbd\xa2\x0bV\xf6\xb5\
CwG\x1c\x1f\x03\x90\xcea\xe0g\xe61\xe0\x0b0\
57\x8f\xff\x8a\x14\xfc\x93\xb3\x05\x18\x9b\xc9\xc3\x18^\
\xe6\x0a\xd5\x1b4\x0d\xce\xda\xf0\xf3\xf7N,\xf6\xef\x0a\
m\xdf\xb6\x90\x00\xf6\x82\xd9\x9e\xff\x8b?~\xf8\x1f\xc7\
g\xf2W\x1c0\xd0\xd5\xbbj\xb0\x03\x96c\xe0\x0f,\
I\xc2\xd2\x9e$t\xb5\xc7A\xd75\xc8\xe6\xcb0\x95\
.\xc2\x04\x06\xfd\xb4\x05~B\x02\x13\x84\x00\xa6\xf30\
<\x95\x87\x99\xec<\xe0Pa\x18\x13\xc6\xa9\x9b\x7fs\
\xd2\xbd\x8b\xfd\xfbB\xdbw-$\x80\x16\x9b\x15\xf3\xc7\
\xdf\xfd\xc5\xdb\xce\xc2\xb2\xfd\xe2\x03\x06:b\xcb\xfb;\
a\xa0\xc7\x04\xfeRL\x00}X\xfe\xf7t$ \x1e\
\x8b@\x01\x87\x003X\x01L`\x0509]0\x09\
\x80\x10\xc2l\x1e\xf6L\xe4a\xd7x\x06\x87\x07e\xa8\
\x18$GH\x12\x85\xda\xc5xy\xce\xe6\xdf\xbe\xbf\xbc\
\xd8\xbf5\xb4}\xcfB\x02h\xb1a\x02\x88\xfc\xdb\x97\
n\xfbK\x0c\xea?,\xebk\x8f\x0c\xf6\xa60\xf0S\
\xd0\xdfM\x80\x9f\x84\xfe\x9e6J\x04K:\x13\x90L\
D\xa1T\xaeb\x80\x9b\x0405[\xb0\xe4\x7f\x11\xc6\
1\x01\xec\x1cM\xc3\xf6\xd1,\xa4\xf3%\xa8\x1a$\x07\
\xa8Y5\xa8=\x89\xff9q\xe8\xb7\xa7lY\xec\xdf\
\x1b\xda\xbee!\x01\xb4\xd0\x88\xf7\xff\xec%\xf7w>\
\xf0\xdc\x9e\xa7{:\xe2\x87\xf4\x13\xe0\xf7\x10\xd0\x9b\x04\
\xd0\xdb\x95\xc0\xcb6Z\xb6\xa43\x0e\x1dm1\xda\xe0\
?\x87%\xfet\xba\x80\xbd\xfe<\xf6\xfe\x84\x08\x8a\xb0\
k\x22\x0b[v\xcfa\x05\x90\x86\x5c\xb1\x0a\x06\xb2\x1b\
\x01\xacn\x04\x1ad\xf0?\x1f\x1fZw\xea5\x8b\xfd\
\xbbC\xdbw,$\x80\x16\x1a\x89\xfd\xdfx\xda5\x9f\
\xd24\xf8^wG\x1b\xf4u\xb5Q\xc0\x13\xc9\xdf\x87\
I\x80l\xf7v\x91\xed\x04\x90V\x80\x8ed\x1c\x22:\
\xd0\x96\x80\xe99\xa2\x02\xf20M\xbc?V\x03;F\
\xd2\xb0q\xfb\x0c\xec\x99\xccA\xa9T\x01\x13\xfel\xf5\
\x11\x12\xa0\xdb\xbf\xc2+g\x0d]{Zf\xb1\x7f\x7f\
h\xaf}\x0b\x09\xa0Ef\xb7\xf7\x1f\x7f\xcaU\xbf\xc5\
\xb7\xf9\xdf:S1\x0av\xea\xf9\x09\x01t%)\xf0\
\xcde\x1bU\x03\xbd8\x0c\x88Eu\x98/W`\x86\
4\x01\x92\xd8\x9fd\xfe\xa7\x0a\xb0i\xf7\x0c\xbc\xb4u\
\x0a\xc6f\x0a$\x01H?\xc3\xc4;O\x02V\xd9V\
\xbcr\xd2\xd0\xb5\x1fx|\xb1\xefCh\xafm\x0b\x09\
\xa0Ef\x11@\xec\xb8\x93\x7f\xb1\x15\xaf\xacl\xc3\xf1\
=\x89\xf3\x89\x02\xe8\xed\xb6<?\xf9\xeb\xc4\xebKp\
X\x80\x97=8\x0cho\x8bb\x80\x1b\x90\xce\x96\xcc\
D \x91\xff\xe3\x19xq\xeb$&\x80i\xda\x02`\
\xc6\xff\xc44p9@w?\x5c\xa3!A\x19\xffs\
.\xfe\xbb`\xcbu\xa7\x87\x9d\x86BSZH\x00-\
2\x8b\x00\xa2G\x9fxeI\xc3\x80L\xc4t\xe8n\
\x8f[\x92\xdfR\x02\xc4\xfb\xe3\xed%\xd8\xfb\xf7\xf5$\
!\x19\xd7\xa1\x8cc\xfb\xa5\xbd\xdd\x90j\x8b\xe10 \
\x0fS\x99\x02\x8cMd\xe0\xa6\xfb^\x81\x97\xb7\xcdB\
6_\x01\x03\xac\x04 5sI=\xbf\xc6V\xa7E\
\x08\x9av\x1f\xfe;y\xcbug\x0c/\xf6=\x09\xed\
\xb5g!\x01\xb4\xd0H\x0b\xc0\xe1\xffqy\x85\x10\x00\
\x91\xf6\x9d\xc9\x18\x05\xbb\xd3\x02@\xf3\x01)*\xff\x97\
\xf6\xb7\xc3\xdb\x8e[\x03\x11]]%%\xac\x0a\x1e~\
q\x07\xfc\xf0\x9a\xc7\xe1\xa5m\xd3V\xa9\xc6,d5\
\xa0\xd9\x09B\x1d\xa6\xf0\xf2\x83[\xae\xff\xd0-\x8b}\
OB{mYH\x00-4\xa2\x02\x0ey\xf7e\xb4\
\xc1^\x8fh\xd0\x16\x8b\xd0\x0e?$\x04X\xdaM\xfa\
\x00\xa4hG\xa0\xbf\xfd_\x87\xc1\xd1\x07\x0d\x80\xad\xd3\
3e\x04\xe9\x12\x00>\x050o\x00\x16\x06\xd0\x193\
\xe3{\x92\xfc\xbf\xf7\x99\xad\xf0_\x17\xdd\x05\xa5\xb2a\
\x9e\xa0)\xd4\x80\xa3\x00\xdcuM\xd7~\x8c\xd7?\xbd\
\xe5\xfa\x0f\xce/\xf6\xbd\x09\xed\xb5a!\x01\xb4\xd8\xd6\
\xfc\xeb\x8f0\x0f \x0a\xca\x88\xaeC\x1c#\xba\xddR\
\x02\x03=)x\xc7\x9f\xad\x85S\xfe\xf9\x8d\xf4\xd8\x99\
y\x03\xf6\xe4\x0c(\x19\xf2u\x08\x11\xf4%t\xe8o\
\xc3\xe1\x04V\x09$4\xf8\xc4E\xb7\xc3S/\x8d\x9a\
\x07p$\xa01\xb8\xd7\xddr37\xf0\x92\x06\xfa\x09\
[n\xf8\xf0K\x8b}oB[|\x0b\x09\xa0\xc5\xb6\
\xfa]?Dt\xdc\x9eFH\x00\xff!\x1d\xab\x01\x80\
\x04V\x03\x9dX\x0d\xfc\xea\x82\xf7\xc2\x81\x03\xddP\xa8\
\x22\xd88]\x86 \xd9\xbae\xa9\x08\xach\xd7\x81t\
\x06\xfc\xd5]\x1b\xe0\x9b\x97\xdf\x0fn8@\x94\x82K\
\x06j5\xa0\x15@\xd7>\xb7\xf5\x86\x8f\x5c\xb6\xd8\xf7\
'\xb4\xc5\xb5\x90\x00Zl\xab\xff\xe5\xfb\x08\xac\xa4\x9d\
\x86\x97\xe6\x1a\xa2[\xa4\xcd\xff\xd9k?AC\x83\x1d\
\x99*\x8c\x15\xaa\x81\xaf\xdb\x1e\xd5`MW\x14\x92x\
\xb9mt\x16>\xf2\xf5\x9b`\xc7\x88\xd5\xf4\xafH\x06\
b\xf9\xef\xe6\x04\xecc4\xed\x16\xfcw\xc6\xd6\x1b>\
:\x1d\xf8\x83C{]YH\x00-\xb6\xd5\xff\xf2]\
\x8az\xd3\xb3\x13\x05\x00\xd6]Gt\xb1\xe9\xd6\xcf\xd2\
=/c\xef\x9fQi\x7f\x00\xcfZ\x22\x18>\xb0=\
\x0a\x03X\x11\x94*U\xf8\xee5\x0f\xc2/ny\x0e\
8\x90;K;I\xa8[\x1d\x07\xadI\x884\xd8\x83\
\xcbN\xd9z\xe3G\xef[\xec{\x15\xda\xde\xb7\x90\x00\
Zl\x07\xfe\xd3wL\xd4S\x06p\x98\x00\xec\xb2\xa1\
\xdb?O7_\x9c,A\xae\x22\x13\x00\x0a\x10\x13t\
\xc5uX\xdb\x1d\x83DD\x83'_\x19\x863\xcf\xbb\
\x09\xb2\xb9\x92\xb9Sg\xfa\x07P\xc03a\x81K\x04\
U\x1c\x12\x5c\x8c\xb7\xbe\x8a\x89 \xb8\x0c\x09m\x9f\xb7\
\x90\x00Zl\x07\xfe\xe3\xc5\x0c\xea-\x1d`\x91\x01\xb9\
\xf9C\xbf\xfbo\xba\xbda\xbc\x08\xc5j\x0d\xb4[\xb5\
\xa5\x22\x05\xd2b\xb0\xa6;\x0e}\xc9\x08d\x0a%\xf8\
\xe2\x0f\xee\x80?<\xb6\x15\xdc\x96\x01\x8dK\x14R\xe0\
\xebvH@H\x81\xe6\x06\x1e\xc7e'n\xbd\xf1\xcc\
m\x8b}\xdfB\xdb;\x16\x12@\x8b\xed\xc0\x7f\xb8\x10\
q\xc0\xb7c\x00d\xce\xf59\xf4\xbb/\xd2}O\x8d\
\x16\xa0l4\xdea\xaf\xaf-\x02kz\xe2\x14\xdbw\
<\xbc\x09\xce\xfe\xee\x1dP\xad\x1av\xcc\x0f\x5c(\x00\
61\xb8-\x05\x98\x08\xe6\xf0\xc9\x1f\xdbz\xe3Y\xbf\
^\xec{\x17Z\xeb-$\x80\x16\xdb\x81\xff\xf0-d\
{|\xb0\x17T\xfe\x9bD0t\xc7\x97h\xf1\xe3\xc3\
y\xa8\x06\xd1\xfb\x01,\x86\xd1\x7f\x08&\x81nL\x06\
c39\xf8\xcf\xf3o\x84\x176\x8f\x83S\xdd\xba9\
\x01\xb1M\x04\xe6\x92!\x02Z\xa6_m\x12\xc1\x99\xb9\
\xc5\xbe\x87\xa1\xb5\xceB\x02h\xb1\xad\xfa\xfb\xf3\x91)\
\xf7\xdd0\x80\xc5\xf9\xd0\xef\xbfB\x97\x8f\xec\xca\xca'\
\xd7[;\x02\x81,k\x8f\xc1\xea\x9e\x04\x18\x86\x01?\
\xbb\xf9)\xf8\xdeU\x0f0\x89A\xa7\xab0\x01\xbb\x90\
\x1b\xb0\x87\x18\xebC\x9a\xae\xbf\x0f\x93\xc0\xd3\x8b}\x1f\
Ck\x8d\x85\x04\xd0b[\xf5\xf7\xe7!\xb7q\x9f\x01\
\xa8\x05\xd6\xa1;\xcf\xc1\x00E\x98\x00Z3z\xb7-\
\xaa\xc3a\xfdm\xd0\x19\x8b\xc0\xab\xbb&\xe1\xa3_\xbf\
\x1eF&\xb2\x0a\xafo\x12\x81\x19\x12\x90\xed\x88U\xae\
\x97q\xf9W\xb0\x1a\xf86&\x82pP\xd1\xeb\xccB\
\x02h\xb1\xad\xfa\xbb\xafS\x97\xefr\x00rsqx\
}\xe8\xce\xaf\xd1\xd8\xff\xf1\xdd\xbc\x02@M\x0a\x07\x88\
\x91\x8f;\xa0;\x01\xab\xba\xe2P,W\xe0\x82+\xd7\
\xc3\xb5wn\x00\xe2\xedM\xa7\xcf\xbc\x93\x84\xca\x7f\x8d\
\xf6\x1b`\xd5\x80\xa6\xe9\xf7\xd0\xe6\xc2\x9b\xce\x1c]\xec\
{\x1aZ\xf3,$\x80\x16\xdb\xca\xbf\xf9\x9a\x99\xee\xb7\
\x01m/i\x1e@\x83\xa1\xbb\xce\x85\xf9\x8a\x01O\xee\
\xce\xd6\xb8R\xe3\x84\xd0\x19\x8f\xc0\xa1K\x93\x90\x8c\xe8\
\xf0\xd0\x0b;\xe0S\xe7\xdf\x04\xb9B\xc5\xf2\xfe\xe0\x12\
\x81\x05z\xdd\xea3\xc0\xa8\x81qM\x8b\x9c\x8eI\xe0\
\x8e\xc5\xbe\xaf\xa15\xc7B\x02h\xb1\xad\xfc\x9bs\x90\
\x9d\xf17\x0d\x01\x9b\x13\xdcr\xf7y\x90/U\xe1\xe9\
=\xb5\x08@6\xb4\x00R \x8e}mo\x12\x96u\
\xc4a&S\x84\xb3\xbf\x7f+<\xf4\xf4v+\x14\xd0\
\xf8V\x01\x95\x1a\xd04L[\x91\x1f\xe1\xe5\xe70\x11\
\x84\x13\x91\xee\xe3\x16\x12@\x8bm\xe5;\xbe\xe2\xb4\x01\
\x9a]\x02\x91\xe5a\xcd\xd6\xc1-w\x7f\x132\xf3\x15\
xv\xb8~\x02PY\xd0\xd0aI*\x0a\x87\xf6\xa7\
h\x8b\xc1M\xeb_\x84\xaf\xfe\xe8\xf7@g/\xb7\x87\
\x16+\xd5\x80\xc6\x12\xc5\x06\xac\x0c\xde\x87I\xe0\x95\xc5\
\xbe\xc7\xa1-\xdcB\x02h\xb1\xad\xf8\xeb/1=\x01\
\x89!\xa6)\x10`\xe8\x0f\xdf\x82\xd9B\x196\x8c\xa8\
\x09\xa0\xd1\x0a\xf2#\x042\xf7\xc0a\xfd\xed\xd0\xdf\x11\
\x83\xdd\xe3s\xf0\xf1\xf3\xaf\x87\xcd\xdb\xa7\x80\xeb%\xa8\
;\xf2\x9fv\x16\xd2\x9c\x90\x80\x92@\x0e\xaf\xff\x17&\
\x81\x9f.\xf6}\x0ema\x16\x12@\x8bm\xc5_\x7f\
\x01\x99N\x9f'\x01\x1b\x98[\xee\xb9\x00\xa6rex\
a\xa4N\x05\xd0H\xcd\x09\xa40\x88\xc3\x81\x83\x97\xa6\
\xc0\xa8\x22\xb8\xfc\xba\x87\xe1\xc7\xeb\x1e\x05.\x01\xc8\xa8\
\x01\xa7\xa5\x80\x96\xd9\xad\x06\xfa\xf5\xf8\xefC[o\xfc\
\xe8\xdcb\xdf\xef\xd0\xea\xb3\x90\x00Zl\xcb\xff\xea\xbf\
\x91;\x06\x80\xef\x12L\x15\xc0=\x17\xc2D\xb6\x04\x1b\
\xc7L\x02hf\xf6\xbf\x1e\x8bGt8b\xb0\x03z\
\x92Qx~\xcb(|\xfc\xbc\xebaz\x8e\xbc\x87\xd4\
\xee#`\xc9\x7f\xb6\xdf\x00O\x02;\xf0\xdf\xfb1\x09\
<\xbc\xc8\xb7<\xb4:,$\x80\x16\xdb\xf2\xbf\xfc<\
\x9f\x03\x00\xfb\xa6[\xfd\x00\xee\xb9\x18F\xe6\x8a\xf0\xca\
x\xd6\x89\xbf9\xdb\xcb\x84\xb0\xaa;\x09k\xfaSP\
(\x96\xe0\xbc+\xee\x82\xdb\xef{\x19\xe8\xcb\x8c\xd9\x90\
@\xb3\xc6\x12Xa\x81I\x10tY\xc1e\xdf\xd4 \
\xf2\x8d-7~\xd8h\xf8\xcb\x84\xd6r\x0b\x09\xa0\xc5\
\xb6\xfc\x7f\x7f\x0e\x99\xf9z6\x040h\x13 \xc9\x03\
\x0c\xdd\xfb\x1d\xd8=S\x80\xcd\x13>=n\xc5Zj\
1)\xa4\xe2\x118r\xb0\x13:\x12Q\xb8\xf7\xc9!\
8\xfb\xdb\xb7\xc0<\x99~\xccj\x15\xa0J@g[\
\x0d\x22ti\x93\x01\xde\xf9\x90\xa6EN\xc2$\xb0k\
\xf1\xee|hA,$\x80\x16\xdb\xb2\xbf\xf8\x0c\xe2\x13\
\x7f\xf6\xcc\x00\xe6?[\xd6\x7f\x07vL\x17`\xcbd\
c]\xee\xd9\xf7\x04-\xe4<q\x8b\xe0xm_;\
\x1c\xb0$\x05Ssy\xf8\xdc\xb7o\x86\xa7^\xda\xc3\
\x90\x80\x1d\x12\xe8.\x09\xd8M\x86\xb4\xa5@\x9f\xc6!\
\xc2\x87\xb7\xdc\xf0\x91\x1b\x17\xf3\xfe\x87\xe6o!\x01\xb4\
\xd8\x96\xfd\xc5\xa7\xb1\xf3\xb7\xd4\xb0\xd3#\xd0\x9e\x15\x04\
+\x80\xf5\xdf\x83\xad\xd8\xfbo\x9f\xce7\xf5s\xd9\x89\
\xc3U\xfb\x82Zw2\x06G.\xeb\x848\x06\xf6\xba\
\xbb\x9e\x83\x0b\x7fz/\xd0\x19\xcfm\xe0[a\x81\xdb\
\x7f@\xa7o9v\xc9A\xbf\x02\x97}j\xcb\x0d\x1f\
*\xee\xd5\x1b\x1fZ \x0b\x09\xa0\xc56\xf8\xb6O\x22\
\xcd\x99\x08\x0c\x09\xf2\xdd\x80\xa1\xfb~\x08\x9b\xc62\xb0\
k\xa6\xd0\xf2\xef\xb2\xa0\xc0\x01\x91\xceC\x1a\x1cF^\
g\xde\x9d\x84m\xc3S\xf0\xa9o\xdd\x00\xdb\x87\xd3\x1c\
\x09hVn\xc0&\x01\xcdN\x12\x9a$\xb0\x11/O\
\xdcr\xfd\x87\x9e\xdf+7=\xb4\xc0\x16\x12@\x8bm\
\xf0\xad\x9f\xb0\xf4\xbf<\x10\x88d\xfc\x87\xfex\x09\xbc\
2\x9a\x86\xdd\xb3<\x01\xd4_1\x0b\xabJ\xcf\xde\x84\
\x8a\xe2\xbe\xf6\x04\x1c\xb9\xbc\x13\x0b\x1a\x03~\xf4\x9b\x07\
\xe1\xea[\x9ea\x12\x80Vh\xe0\x82\x1e\x80i2\xc4\
\xdbE\x5c~6&\x81\x1f\xed\x8d\xfb\x1eZ0\x0b\x09\
\xa0\xc56\xf8\xd6\x8f#6\x01\xa8\x91\xf7\xfa \xab'\
 \x09\x01\xfex)\xbc\xb0g\x0e\xc6\xd2\xbcB\x96\x81\
\xe9]U\x0dw\x16\xe26\xfc\x93\xf71\xd2\x5c\xb8\xbc\
\x0b\x96v&\xe0\xe9\x97\xf7\xc0\xa7/\xb8\x15\xe6r\x18\
\xdb\x1a\xd3: \x90\x00]'\x93\x92\x9a\xc7\xdc\x8e\xcb\
O\x1f\xba\xee\x8c\xc9\xbdW\x0b\xa1yYH\x00-\xb6\
\x81?\xff\x98\x95\x04d\x06\x031\xa3\x017\xdf\x7f)\
<\xb7s\x06&\xb3\xb5\xdf\xd5\xb1hcq\x15\xad\x0e\
\xcb{\x928,\xe8\x82|\xa1\x04_\xff\xf1\xddp\xef\
c[\x9c\x10\x80m)\xb0\xd5\x01\xcd\x0d\xd02\x9a0\
\x1c\xc6\xe5\xa7\x0c]w\xfa\xfa\xc5\xfaI\xa1\x99\x16\x12\
@\x8bm\xe0\xcf\xceD6\xe8\x913(\xc8\x9c\x12\x8c\
d\x056\xdf\x7f\x19<\xb5c\x0af\xecI<\x1d\x0b\
V5\x0b\x19\x10\xd4\x0c#\xbf\x85Lg~\xcc\x8an\
\xe8N\xc5\xe1\xaeG6\xc19\x97\xdc\x09\xf4eEV\
\xb3\xa0\x94 t\xba\x13\x13E\x10!\xed\x8a\x17\xe3\x95\
\xaf\x0e]{ZeQ~Dh!\x01\xb4\xda\x06\xfe\
\xf4\xa3\xc8\xe9\xfa\xeb\x0c\x0bvC\x82\xcd\x0f\x5c\x06\x8f\
m\x9d\x82t\x81\x1fX\xb7\xd0\x8a\xe1\x09A\xea@P\
\xef\xc5\x02\xd9A}\xed\xb0f\xa0\x03&\xa6s\xf0\xb9\
\xef\xde\x0e/\x0dMp\xb9\x016Ih\x96E\xd8$\
\xe1\xe3$A8\xb4\xee\xb4p\x22\xd2E\xb0\x90\x00Z\
l\x03\x7f\xfaa\x84\xc4\xb9\x00\xc0M\x02n~\xe0\x7f\
\xe0a\x0c\x98\xdc\xbc\xec\x04\x9bU9\x0b\xcd\xfe\xd7\xb3\
\xa3#\x11\x83c\x0e\xe8\xa13\x10\xfd\xf2\xf6\xa7\xe1\x92\
_=\xe6\xf4\x0fp\x80\xaf\xdb\x83\x88tG\x11\xe8&\
\x09\xa4q\xd9Y\x9b\xd7\x9d\x1aND\xba\x97-$\x80\
\x16\xdb\xd2\xb7|P\x9a\x10\x84\xf5\xd2\x9b\x1f\xb8\x1c\xee\
\x7fu\x0c\x8ae\xef\xe9\xf8[QIh\xc1;}\x0e\
\xc6_\xf4\xd0\xc1nX\xdd\x97\x82WwN\xc1g/\
\xba\x1dF\xa7\xb2\x9c\xfc\x17s\x03\x9a\x1d.\x902\x88\
\x5c\x857\xfes\xf3oOn\xce\xd8\xe8\xd0jZH\
\x00-\xb6\xfe\xb7\x9c\xe1\xcc\x02\xaa1\xa3\x00\xa9\xe1\xf5\
M\x0f\xfe\x04\xee{y\x14\xcaU3\xfb\x8e|\xfa\xf4\
\xb5\xb2\xb2\xf8\xae\xca\xb5\x8e\xf5\xdf\xb3\xa4=\x0e\xc7\xae\
\xec\xc5?\xaf\x0a\xdf\xbf\xfa!\xb8q\xfd\xcb\xcc<\x02\
\x96\x22\xa0!\x81=\x8e \xc2\xa8\x81\xc8f|\xe0\x89\
\x98\x04\xc2\x89H\xf7\x82\x85\x04\xd0b\xeb\x7f\xf3\x07\xdc\
\xc1@\xce|\x80\xee\xe8\xc0M\x0f^\x09\x7fxq\x18\
\x0cU\xff~\xe1E {\xab\xb2\xdc!\x0b^\x1d\x85\
k[\x14c\xfa\xc8\xe5=\xb0\xbc\xb7\x1d\x1e\xdd\xb0\x03\
\xbe\xf8\xfd?@\xaeTvr\x00lX`\xbd\x94\x84\
\x96[-\x05e\xbcA\xe6K\xff.&\x82p\x22\xd2\
\x16ZH\x00-\xb6\xfe7\x9d\x86\xdc\xa9\xc0\xd9\x04\xa0\
\xf9\x5c\xbf\x8a\x09\xe0\xee\xe7\xf7x\x9c\xad\xb9o\xf7\x16\
\xad\x09/\x11\x01\xf7k0]\x94k\x1c\x8e\x14'\xfb\
\xd8`w\x12\x8eZ\xb5\x04r\x85y8\xf7\xc7\xf7\xc0\
#\x1b\x86\x99V\x01[\xfeG\xb8\xbc\x80\xe6\xf60\xbc\
\x1b\xffs\x1a&\x81p\x22\xd2\x16YH\x00-\xb6\xfe\
7\x9e\xe2\x0e\xff\xe1\x92\x81fs\xe0\xc6\x07~\x0a\x7f\
x~X9\x12\xb8UV\xff`B\x1f\xd1\x8fj\x1f\
C\xe6\x1a8vu/\xf4\xb5\xb7\xc1m\x0f\xbe\x0c\xdf\
\xba\xf2!\xb33\x94n\xe6\x00\xc0\x1eZl\x85\x05n\
\xcfB\xbak\x1c\xff\xf3\x01L\x02\xbf\xdf;wg\xff\
\xb2\x90\x00Zl}o<\x19\xc9\xc0\x07\xb0\x95\xc0\xf3\
\x7f\xbc\x12\xd6\xbf4LK\x9a\x1d\xf5sM\x82-\x15\
\xd2B\xa8\xa0P\x09\xe4\xdf\x03\xfa:\xe0\x88\x95=0\
2\x91\x81/\xfc\xf0.\x18\xda\x9d\xe6\x01/&\x09\xed\
W\x9b\xd3\xc1\x14\xda\x0f\xf1\xea\x7fc\x22(\x05\xf9F\
\xa1\x05\xb3\x90\x00Zl}o8\x89\x99\x06X\x98\x19\
\x08#\xe5\x99\xf5W\xc2\x03/\x8fXG\xb7\xbe:P\
\x80\x92\x86\xc8\x02\xa9\xbb&!k_*\x1e\x85\xe3\xd7\
\xf4\xd39\x07~q\xeb\xd3\xf0\xb3\x9b_p\x06\x0d\x99\
!\x81\xce\xa8\x01\xf6e\xa6t\xf1\x1c\xfe\xe7}\x98\x04\
^m\xf9\x8d\xdaO,$\x80\x16[\xdf\xf1':=\
\x01\xe9R\xe8\x0b\xf0\xe4=W\xc2C\xaf,$\xc4m\
n/\x01n\xc6\xb2\x80\xe7\xd4\xdc\xe3\x13k\x1c\xbc\xac\
\x0b\x0e\xc1\x7f/m\x9b\x80/\xfc\xe0^\x98\xce\x94\xb9\
\x8eB|G\x22\xf7\xf7\xe2\xe2<\xfe\xf7\x93\x98\x04\xae\
l\xd2\x0d\xd8\xaf-$\x80\x16[\xdfq'pS\x82\
\xd9\xd3\x81\xd9\xcd\x81\x8f\xdd}%<\xbai\x5c>\xd1\
\xe9;\xb0\xf7\xab\xa8\xbey\x09=\xd2\x87\xb5\x0b\xa0+\
\x15\x87\xe3\x0f\xea\x070\x0c\xf8\xee5\x8f\xc0]\x8f\xee\
d\xfa\x08\xd8j\x80}\xad\xb9yc,5p\x1d\xfe\
\xe7#\x98\x08f\xf7\xfa\x0dz\x1dYH\x00-\xb6\xbe\
\xe3\xdek\xbe\x1a\x8c\x0d\x03\xe8\xaa\xb9|\xe8\xce\x9f\xc2\
\x13\xa4\xeb\xach\x1a\xb7`O\xd9\xeb\x16\x9c\x10\x98\xd7\
\xa0\x07:\x1a\xd1l?i%8\xb0\xbf\x13\x1e|f\
\x07\x9cs\xc5\xc3P\xa9\x22\xbe\x8f\x80s3\x04\x22\xd0\
`\x07^\xbe\x1f\x93@8\x11\xe9\x02-$\x80\x16[\
\xdf1\xffaE\xc5\x0c\xf0I\x89\xf5\x0e\xce?\xde\xf1\
\x13xz\xcb$\xd4j\x06\xf0\xdc\xe3\xbch$\xa0\xa1\
\x80\xf2=\xe0uj\x9e\xc3\xc4\x16\x88/\xe4V\xfb\xba\
\x93p\xfc\xea>\xc8\xe6\xe6\xe1k\xff\xf3 l\x18\x9a\
\x16F\x13\xda7\x82'\x01lU\x5ct\x1e^?\x1f\
\x13\x81ww\xca\xd0\x94\x16\x12@\x8b\xad\xf7\x98\x7fg\
^\x0dfO\x0fh\x93\x81\x01\xf7\xfe\xeeJ\xd8\xb0m\
\xca\xdc\xe6j\xc3{PO\xadJs\x22\x07%:\xeb\
\x97\x11(`\xa9\xd4$\xe8\xdb\x08!\x1f\x13\x89hp\
\xdc\xea~\x18\xc0dp\xe3}\xaf\xc0%\xeb6\xb8=\
\x06\xc5_.\x87\x05\x0f\xe22\xa2\x06\xc2\x89H\xeb\xb0\
\x90\x00Zl\xbdG\xbf\xc7r\x7f\x06\x03|7\x11x\
\xd7\xad?\x81\x17wN3g\x04\xab\x92z*\xae\xbe\
\xdc\x1e\xaa\xff<\xfbh\xa4\xba\x94OoB\x8f\xcc\xe3\
\xb2\xbev8\xf6\x80>\xd8=\x91\x86/_\xf60\xec\
\x19/\x98\xf3\x08\x88\xbf\x5cV\x033\xb8\xe8\xc3\x9b\x7f\
{\xca\x0du}\xf5\xfd\xd8B\x02h\xb1-9\xea\xdd\
H\x03\xe6\xbd\x80\xd4\x90\xd3\x5c\xf6\xbb\x9b\x7f\x02\xaf\xec\
\x9e\xa9q\x95\xc6H!\x90\x07\x0f\x80\xf6\xc0\xd4\xc0\x11\
\x81\xd8G\xc0\xab\xd9\x91\x0f\x13\xc8\x5c\x03\xc7\xaf\x1d\x80\
\xae\xb6(\x5cq\xd3sp\xdd}\xdb\xad\xde\x81\x8a_\
+\xab\x81+\xf0?\x9f\xc6D\xd0\xdc\x99V_\x87\x16\
\x12@\x8bm\xc9Q\xff\xea\xf6\x03`:\x02\xd9@\xb8\
\xe5\xc6+`h\x98\x7f\xa3\x96\xefd`\xcd\xae1\x1f\
\xb0\x06\xefG\x84\x02\x9c\xa3\xbe6\xf2\xd9G\xec\xa0\xc1\
.8bU/<\xbfy\x0c\xbe\xfa\x93\xc7!\x93+\
3D\xe0\xab\x06^\xc6E\xef\xc3$\x10ND\xeac\
-!\x00dNz'^\xdf\xa9V\x8d\xbe(o\xff\
\xb0%G\xfe\x1f\xe4\xbe\x19\xd8\xbe\x0dn(p\xe3\xf5\
W\xc0\xd6\xb14s\xc6^\xe4d\xb4p\xc1o~}\
\xf1\x1c\xe1j^9\x089\xfcW}!g\xb5\x03\xab\
\x807\x1e<@\xfb\x05^|\xcd\x93\xf0\xe0\x861k\
\xda1\xc5=\xe3\x89`\x1eo\x9d\xbdy\xdd)\x97\xec\
\xbd\x9b\xbaoYS\x9f6\x0b\xf8q\xfc\x97\xc2\x7fm\
@\xdf)E\x8ddgK\xec\xdf\xfeB\x02K\x8ex\
\x17B\xac\xf7g_\x10\x82\xff\xbf\xf6\xba+`\xc7x\
&\xc0\x954~\xadF\xcd5\xf4\x8eA\xe4\xe1\x99k\
\x9e\xc7h\x88 \x83\x8c,\x96@>\xfb\xec\x7f\xc9\xcf\
=\xec\x80%p\xf0`7\xac\x7fj'\x5cx\xcd3\
P\xad\xa2\xa0j\xe0v\x5ct:V\x03\xe1D\xa4\x82\
5\x8d\x00\xf0\x03\x17\xc5\x8b\xee\xabo~\xf8\x7f\xef\x1c\
\x9e\xfa\xbf\xf3\xe5\xca\xd1\xb3\xe9\xfc\xdaL\xae\xd0\x9b\xcd\
\x97 \x9b/B:[\xa0o\x99\xc9\xe6\x8aP\xaeX\
-6\x9af\xf7\xf1b\xbe\x95w\xac\xa7\x89\xe5,\x1a\
H\xa2\xcd\x02\x9a9\xfb.X@3\x98\x18\xdc.7\
\xc0\xcd\xcc\x9b\xc7\xb8\x19z\xc3\xdae\x00\x9f\xc17\xec\
\xdf\xca\x95#\xeb\x5c\xf6\x18{\xbf\xdb\xfe\xcf\x5c\x9f\xc9\
\x05\xfc\xfa\xb7W\xc0\x9e\xc9\xac\xfa\xf7\x06\xa9\xc0\x80\x87\
{\xf3A\xa0\xce\xc1\xb5\x0b=\xbc:OD~\xc7{\
\x85\x11\xfc\x15{\xda\x13\xf0\xe6C\x06q(P\x84s\
\xafx\x0c^\xd9\x95\x0e\xaa\x06F\xf0\xd6\xa9X\x0d\xdc\
S\xd7\x0d~\x9d[S\x08\x80\x80\x7f\xbeT^~\xc9\
5\x7f\xf8*\xde<\xbd\xa73\x15\xadT\x0d\x0azR\
Qs\xe9\x02\xccf\xf205\x9b\x83\xe1\xf1Y\x98\x98\
\xc9\xc0|\x89\x9d\x02K\x03\xb7\x0ek\x10\x81\xfd\x92J\
\xe1\x5cWf3 \xb4\x01i\x8d\xc5w\x00\xcc\x00\xdc\
\x1c\xa3o%\xe5l\xc0s\xa0\xb7\x13v\xe6\xb9\x1a2\
\x5cP\xb3\x9f\x09.\x09\x90\xeb\x98_\x89\xb9\x06\x08a\
\x80\x05\x8c\xab\x7f}9\x8c\xfa\xbc\x15HS=\xd8M\
2\x7f\x95\xc0\x032 M\xf8{ug\xb7\xaa\xfb\xb1\
\x1cN\xc8\x11\x86Y\x10!\x9d\x87\xd6\xf4\xc3\xaa\xde\x0e\
Xw\xcf\xcbp\xe5m\x9b\xac{\xa5z^\xb82r\
\x81o\xe3\xa2\xaf`5P\x86\xd0\x1a\x7f\xaa\xf0C\xa4\
\xcf\xcc\xe5\x06\xbf\xfa\x83\xebo9l\xcd\xb2?Y\xb3\
j\x10\xa2\x11\x1d\x83\x7f\x1ef\xd29\x0a\xfc\xb9L\x01\
\xff\xe5ab:\x03\xbbF\xa6axb\x16\xf2\xc5\x92\
\xfc\xf1\x1aK\x01\xea\xde_\xec\xb1\x9c\x1ap\x9a\xd9\x10\
\x03x\x0b\x98\x0c\x90\xdd)\xb9,e\xe0\xa9\x06l\x12\
\xb0<\xb7\x03r\xabK\xaf\xf3r\x0f^% \x89@\
\xc0-g?\xc3\xbcw\xf0\x8b_^\x0e\x13s\xfcK\
AT\xe0\x91\xc8\xb1)\xa6\x00\xaa\x00\xc8\x00=z\xa5\
B5\xa6\x91b\xc1\xf8\x7f1i\xe0\x15B0\xfd(\
\x06z\xda\xe1M\x87\x0c\xc0\xf6\xe19\xf8\xdaO\x1e\x87\
\xf1\x99bP5\xf0\xa4Ff\x1dZw\xca\x96&\xdf\
\xd0}\xce\x9aA\x00\xa9\x8f\x9d\xfb\x8b\xf3\xb0\xd7\xff\xec\
\xe1k\x97C_O'$\xe21\xec\xe1\xcbX\xf2\x17\
1\x01\xe4(\xf8g\xd2&\x01l\xdb=\x018D\x00\
\x12\x16\xb8\xdf@\xf6\xe8u\xab\x01[\xfe\xd3\x9eq\x8c\
\xc7w\xfa\xe0\xb3\xc4`HD\xe0H~j\xbc\x12@\
\xec1`\x7f\x8eu\x9c\xf5\xd9\xfc\xf5Du\x00n9\
\xab\x1c\xb0\xfd\xe4\x17\xff\x033\x01\xde\x09\xb0w\x8d\x19\
\xc0(\xeda\xd6\xfc\xc8\xc0k\xb7\xcf\xb59\xb8#\xf1\
8\x91@\xcc\x95X4B\x13\x84=\xa9\x04\x5cv\xfd\
sp\xc7c\xbbiy\x005@\x12/\x1f\x1fZw\
\xca5\x8bw\x9f\x17\xdf\x1a\x22\x00\x92\xf4;\xef\xd2\x9b\
\xde\xf4\xea\xb6\x91\x07\x8fX\xbb\x229\xd0\xd7\x05=\x9d\
\xed\xd0\xd9\xde\x06\x91H\x04\x8a\x98\x04\xe6(\x01\x98!\
\xc0\xe8\xc4\x1cl\xda>\x0a[wM\xd0\xd0@\x19\xc7\
;\xdf\xac\x0e5@\xcd\x05-\x12<?\x0fX^\xfe\
\x83\x92\x04X%\xc1\xc6\xf4\x06\xef\xe1\x91\x19Nh\x5c\
\xf8\xc1\x92\x06\x1f\x02\xd8\xd7A\xcc\xf6\x8f\x7f\xf6cH\
\xe7K\xc2\xcf\xaa]-\x9e\x1d\xfd\x82\xd5\x1c\xb7P\xec\
\xf1=\xcd\x01*\xf2>\x8b\xdf\x85\x94\x17S\xedB>\
\xc4b\xab\x0414 \xf7\xf3\x80\xa5]\xb4\xdf\xc0S\
\x1bG\xe0\xfc\xab\x9f\x86B\xb1\x1aT\x0d\xfc\x0ao\x9d\
\x85\xd5@\x90L\xec\xeb\xce\x1a%\x80\xe8;\xcf\xb8\xe8\
\xdb\x03\xbd]\xffu\xe0\x8a~X\xd2\x9d\xc2\x04\x90\x82\
\xee\xae\x0e\xe8\xc0\x8cLX\x98\xbc9&\x9d\xcd\xd3p\
`\x04\x13\xc0\x8b\x9bv\xc3\xa6m\xa3\xe6\xeb\xa4\xc4\xaf\
\xb1P5`\xc9\x7f\x8d\x05\xad\x0df\x0d\xb92\x9f\x1e\
\x074A\xc8\x87\x09\xb2\xfc\xb7\xaf\xa7V\x0c\xac\x87g\
\x12\x80,\xe1\x00\x0f~\xf7\xb3\x80+\xff\xd1\x95\xff\x03\
\xb9\xa2:\x1c\xd5\xea(5\xafZ\x83\x12\x16\xc0\x18\x9e\
Y|\x06\xe1\x08\x058S@\xbb\x0c~!\x8c\x10.\
\xca\xe6\x0e\x94\xc7\xe1e\x22\x1e\x85?9|9mz\
\xba\xf0\xea\xa7\xe0\xe9W\xcd.\xd6\xb5;\x10i[\xf1\
?'b5\xf0D\xfdwh\xdf\xb6F\x09 \xf1\x97\
'\x9dw\xc7\xf2\x81%\xefX\xbe\xb4\x07\x96t\xb5C\
W\xa7E\x02\xf8/\x95L\xd0\x0a\x22Y\x7f\xa2\x00\xf6\
\x8c\xcd\xc0s/\xef\x80\x976\x0f\xd3m>\xa1W\xa7\
\x1a`\xca\xb9\x04\x1eu\x8d\x06pY}\xe4z~\xa4\
H\x10\xf2\x89C\xc6\xcb\x0b\x0aAJ\xea!v\x9fy\
M\x0d\xc4\xfc\x03\x08\xaa\x81\x19\x16\x8c\xd7\xbf\x7f\xf9e\
P\xacT\x85\xc4f\xf3j\xb0\xfe\x91\xbd\xa8\xc6!\xfe\
\xb2\xc1\x81=\x12(\x00\xf9\x5c\xcdSYHW\x95\x89\
D:\x17\xc1!\xab\x96\xc0\x11+\xfb\xe0\xae\xc7\xb6\xc1\
%\xd7\xbdh=\x165\xd5@\x05o|\x15o]\x8c\
\xd5\x80\xff\x0b\x12_G\xd60\x01\xbc\xe9_\xbf\xbcs\
\xc5`\xcf\xc0@_7\xf4vwX\x0a\x00\x93\x00\xfe\
\xeb\xeeh\x87\x0e\x1c\x0eT\xab\x06\xcc\xccea\xd7\xe8\
4<\xf5\xd2vx\xfe\xd5\x9d0\xcb&\xbe|\x9b\xf7\
\x90[\xaeT\x03L\x22\x8eb\xcc\xcc\xd8\xdb\x00c\x93\
t\xacLG\x9c\xd4g\xc9\x81\xf5\xd86\x89\xd8\xe1\x04\
8!\x82\x0a\xfcn\x13\xa0x\xbc\xbd\x9f\xff\x0eU\xc3\
\x80\x0b.\xfd\x11\x18\xcc\x04\x9f\xdc}hQ\x9f\xa0\xc0\
}\x04T^[y\x8c\xbcW\x95+\x10\xbd\xb8\x0a\xd0\
\xfc>\x7fU`\x1f\xc9\x91\x80\xf5q\x9d\xa98\xfc)\
V\x03\xe9\xdc<\x9c\xf7\xd3'a\xfb\xa8\xd9\xd4\x1a@\
\x0d\x90\xf7\x15\x9e\x82\xd5\xc0p3\xef\xf9k\xd5\x1a%\
\x00\xfd\xa0\xbf\xfad\xb5oI'\x0c\xf6w\x03\xc9\x01\
\xf4/\xe9\x82\xde\x9ev\xaa\x06zp(\xf0W\x7f~\
\xa4\xf3Q\xb6\xf7\xd0L\xb1\xce^)\xd0Wa\xa8\xc0\
\x7f\xae\x0c\xef4:\x99{\x82N\xc1M@G\x00X\
\xc5K{\xdb\xa0\xa0\xb4\xf7Y\xdb\x88\xd9\xa6e@\xcb\
\x90]\x06Vy\xd5\xbd\x8ey\x0e\x98\xe5\xc0_\x1b!\
\xf7:\x0b\x8f\xe1\x17R}(\xc0\xae\x1aA\x84\xca\xd3\
+\xf7!\x9f\xf3\xf9D\x9fP\xec\x9e\xefE,\x12)\
\xf0\xc7\xb8\xe7\x1a\xb4\xd1\xef\xe85\x03\xb0z\xa0\x1b~\
\xf9\xfb\x8d\xb0n\xfd6\xeb\xae\xd5T\x03d|\xf6\x19\
\x98\x04n\xab\xe3\x06\xef\x93\xd6p\x12p\xf0\xcf\xce4\
\xa2\xd1\x08\xf6\xf4IX\x8a\x89`\xf9@\x0f,[j\
\xfe\x91\xed\x7f\xfe\x9b7\xd3\xfa\xa8T\xab&`\xb0\x1a\
\xa8Z` \xca\xc0\x04\x8c\xe1\x00\xacB\x97v9P\
\x90\x1a\x86\x0b\xa2J\xc5\x06\x9a\xe1\xecGti\x9d\x87\
\xc0\x05\x9c\x0d6\x0az\x83.)o\x08a\x06\xe7\x15\
4\x85\x18'\xfb-\xc2\xf1\xf3\xd0\x9a\xb2\x5cS>k\
\xca\xf3T\xf7x\x81\x15\x19\xe8<\xbf\xb9\x01j\x86\x03\
^\xf1\xbc_\x9co\x16\xf8M-\xee\xc6\xf4r\x08\xa1\
\x9e\xe4\x94\xed}h\xb8\xbb\x98\x0f\xe9\xc5j\xf4O\x8f\
X\x09[w\xcf\xc07~\xfe4\xccf\xcd\xa4k\x80\
\xc1E\x97\xe2\x8d\xcfc\x22\xe0\xdf\xdd\xfe:\xb2\x86E\
f\xdf[>D#\xac\x88\xaeC<\x1e\x85NL\x04\
D\x0d\x1c\xb8\xa2\x0fV-\xeb\x83\xb3N\xfe{\x9a\xf0\
\xbb\xfe\xbe\x0dn\xcc\xaf\xb97\xdf\xdc\xb6\xe7{\xd3\xdc\
c\x80\xa9 \x1b\x94\xcc\xd2=\x97\xff9\xfcq\xba\xf3\
+5\x0f\xc0K\x0f\x01\x17f \xf51\xe2MT\x8c\
\xd6\xa9\xdd\x81\x87\xff\xee5+B9\xaa\xa2qC\x9e\
\x05>\x097\xf6\x08T\xf3\x8a\x8a\xcc>\x9b#\x10\x8b\
\x91t-\x99\x14\xc4k\x18\x0cO\xa8IB\xc7\x15\xf2\
\x86CW@\x7fW\x12.\xbd\xee9\xf8\xe3\xb3\xa3\xd6\
m\xad\xa9\x06^\xc0\x1b\xef\xc3$\xb0\xb1yw\xfd\xb5\
c\x8d\x13\xc0\x9b?d\xa3\x84.\x08\x11\xb4\xb5\xc5\xa1\
\x0b\x13\xc12\xac\x06~v\xf1Y05\x97\x83\x9b\x1e\
x\x9e\xdel\x07\xc0\x9a\x0b~\x11\xdc\x1a\x0bD\xeb5\
\xd3\x0e\x17\x00\x7f\xae\xf3C\x18\x12aC\x05\xd7\xa3\xeb\
r\x0e\x81%\x06\xcd\xb9\xba\x94\x88\xd4jl3\x9d\x11\
\x85k+n\xb7'\xe85Ua\x80\x8a\xd2\x1a\xeb\xf7\
\xef\xd7\x84\xc7mx\x81_-\xe3\xd5\xe5*R\x11\xca\
\x15\x9e\xde{H\xb1!\xc5\xff\xe6\x1a\x9fxd\x15\xc1\
\xf2\xbeNx\xf3a\xcb\xe1\xb1\x17\x87\xe1{\xbfy\x11\
JV\x97\xf4\x1aj\x80$\xac>=\xb4\xee\xd4\xcb\x1b\
\xb8\xd1\xafIk\x02\x01|\x10I=\xf4\xf0\x1fa\x5c\
B\x04\x0f]\xfbu\x18\x99J\xc3\xef\x1e\xd9\xe8:U\
\xeb\x18\xc7\x8fk \x00]\xb38Bs\xc1\xa8P\x06\
\x92B\xe0\xc8A\x90\xe4\x8e\x84\xd7\xf9s\x04\xf6g\x15\
\x06K<\xee\xcf\x13o\x99\x8f\xc7g>\xd7-R\xc6\
\x0duUO\x90J\xf3\x1b\xda[\xaf\x89\x80R\xeee\
\xc1\x87<\x8eB\x1e\xd7u\xceg\xb3\xfb>\xb1\xbe\xb3\
0\xf8\xe3\xc5)\xc9%21\xd7c1\x1d\xfe\xe4\xf0\
U\xb4\xc7\xeaEW=\x05\x1bw\xa4\xad\xfbZS\x0d\
\xdc\x847>\x84\xd5\x00;\x83\xcb>mM\x22\x00\xe1\
r\x0c\xb2\x9e\xb9\xed\x22\xd89>\x03w=\xfe\x0a\x98\
8\xe7\x81.\x01\xdb!\x00^\xe6\xbb\xc7\x0b\xc4\xc1\x5c\
\x134\xe0\xae\xcd\xd6\xa5[\xb9\xba\x03r\xbb\xd5\xd0\xfd\
\xda\x9ar\x1d\xc4r\xf6\x06\x8a\x0f\x8c\xc7q\xac\xc2\xf0\
{\x01\xa8\x5c1>U\x14\x8c\x09\x98UT\xf3\x18\xb6\
\x00\xf9\x1d\xec\xd5\x1a\xa8\x88\x0bX0\xab\x86\x10#%\
W\xf1\x89@\xfe\xb2\x86\xd2\xdbK\x9e\xdfI2\x22\xe7\
{\xb9\x97Dp\xd0\xb2^8v\xed\x00\xdc\xf1\xf0\x16\
\xf8\xe9\xed\x9b\xdd\xdb\xea\xaf\x06HW\xc3\xf7c5\xf0\
@\x80\xbb\xff\x9a\xb7\xc6\x09\xe0Mg \xf0\xb9aO\
\xdfv!l\xd93\x05\xeb\x9f\xda\xc4\xc5\xf8\x1a\x0bt\
\xc7\xa3\xbb\xe7k\xb5\xa4?\x07~?u`\xfd\xc3\x12\
\x8d\x15\x0e\xb0\xd7\xe5\xbe;\xb7P\x84\x0b\xd6\x97\xe5C\
\x7fE*\xcf#\x0f \x83\xdb\x83\x10\x1a\xae\x9d\x1a\xa6\
t\xd6j\x80#\xff\x93<\x14\x87$\xde\x81\xc1\x22w\
\xe5\xda\xa1\x80!]KL&z\x86\x03\xd6\xba\xc1\xf5\
\xc84\xffI\xb6\xc5\xe0\xadG\xaf\x86tv\x1e\xbe\xf9\
\xf3\xa7`t\xbah\xddz_5@\xa4\xc7\xf9x\xe3\
\xebX\x0d\xec\xd3\x13\x916\x87\x00\x9c\xab\xc9D\xf0\x14\
V\x00\xaf\xee\x1c\x87\x07\x9e\x1dr\x92\x7fl\xec\xcf\xc9\
xM\x05~\x8dI\xc2\xab\xc9AJ\x0e*\x92\x84<\
\x81\xd8\xdfQ\xe7\x81-%\x0b\x81\xbe\xc3N\xfeY,\
\xd8\xc5\xb8\xde\xdb\xf3\xab\xca\xbd*\x02\x89\x876\xd1\xfc\
\x9b\xfa\xd4\xa0\x95\xcf\xafE\x14\xfc\xb9\xaas\xd8Ob\
\x13}\xaa\xcc>\x7f9/\xaf\xcf]Q\xd9?@\x5c\
\xb7\x87\x8c\x1f\xb9z\x00\x0e^\xb9\x04\xae\xbec#\xdc\
\xfe\x88\xfb\xb2\xd6\x1aD\xf0\x08\xfe;\x09\xab\x81\x1dM\
\xae\xa2\xbdfM \x80\xd3\x91\xe2\xc68\x97\x7f\xf2\xd6\
\x0b\xe1\xc5-#\xf0\xe8\x8b\xdb\xf8\x04\x1f\x97\x04\xe4\xa5\
?\x0b|.\x1c\xe0b~+\xc0\xf6\x8c\xff5\x1e\xac\
\x9a\x0crs\xb7;\xe3,+\xe79i/\xe5\xe7\xe4\
P\xc7\xcb\xf3\xcb\xe5\x8a\xe3\x85}-7\x8f\xa4\xa1R\
\x0d(\x12\xf8\xec\x0a\xaaY\xaeH\x1er\x00\xe6\xb7Y\
\x10\xf3\xe30\xbc\x12\x8f\x1e\xe1\x85$\xff\xe5\xfe\x05<\
? \xe8\xeeh\x83\xb7a5\xb0y\xe74\x5c\xfc\xeb\
\x0d\x90+\xb8\xce\xddg\xe2\x112\x9f\xdbG0\x09\x5c\
\xdb\xe4Z\xda+\xd6\xf0\x13\xd7\xfb\xc6\xd3\x11\x97p\xe3\
o\x0e<q\xcb\x85\xf0\xec\xa6=\xf0\xe4\xcb;\xdc\xc4\
\x9f\xe3\xed5\x81\x08\xdc\xf3\xec\xd0\x80\xcd\x1b\x88\xe1\x83\
\x1a\xe8\x00,yX[B~\xc0K\x09\xb0\xd7u\xd7\
\xe5\xe3\xc5\x9e\x8b\x08<\x89B\xc8\x09*\x0ajW\x87\
W-5\xe9M!^`\xf5\xfa<\x1b:\xca.\xbb\
\xeaH\x80\xfd\x14\x09\xb8\xe6\xa6H\x14\x06w\x01\xfb\x9c\
zH\xc0]\x17\x88\x0c!\xcfur\xaf\xdfp\xc8\x0a\
X\xd6\xdb\x01\x97\x5c\xfb\x1c<\xf1\xb2\x9b\xef\xab\xa1\x06\
~\x86\xff>\x89\x89 \xd7\x94J\xd9K\xd6\x04\x02\xf8\
\x00\xf2L\x92\xe1\x1b\xf38&\x80'6\xee\x84\xe76\
\xedr\x81\xce\x82\x9e\x01\xbc\x9b\xbc\xb3U\x02\x0f|u\
\x93!\xc8\xfb\x99s\xec\xb7\xcf\x00{<\xb7\xce\x00\xde\
R\x03\x1a\xf3\x8f\xe8\xf5\xb9&@\x95\xbcw<\x85\x90\
\xfewv\xd7\xb8\xe5\x9a\xf8\x89\xf5\x19\xaaYX\x9b4\
\x82\xb4\xef\xcb}\xf0\x85cD\xef\xee\x94\xc9\x99\x7f\xb7\
\xc4\x90\xbe+\xfb9\xaa\xcfT{}\xf7\x0b(\xd7A\
>\x0f\x09\xe7\x0f\xf4\xa4\xe0O\x8f:\x10\x1e{~\x18\
.\xbd\xe9\x15\xbe\xbb\xb6\xb7\x1a /-=\x11\x93\xc0\
\xb3A\xebk\xb1\xadI\x04\xc0\x5cNP\x03\x8fa\x02\
x\xe4\xf9m\xf0\xd2\xd6a\x07\xf0vW`\x9e\x08\xcc\
s\xf8D\xa1WN@\x00\xb4W\x0e@\x05|\xd5\xf1\
\x5c\xdc\xaf3\xeb^I?E\xdc/h}\x19\xe7\x8c\
RP\xd4\x80G`\xb0\xf0\x9a\xf3a\x82`|\xe0/\
\xf1\x9d-\xdfr1\x84\xf0\x93\xfe\x1e^_\xdcVd\
\xf3\xddb\x1e\xdc\x9c\xfcW\xaa\x01\xc4\x93\x12\xb7\x8e \
\x12\xd1\xe1O\x8e8\x80\xceoq\xd15\xcf\xc0\xb6\x11\
\xd7\xb9\xfb\xa8\x01\xd2\xcd\xf0\x0b\xf8\xef\x07\x98\x08\x9a#\
\xd1ZhM \x80\xd3\xf8\x1c\x80\xa0\x06\x1e\xbd\xf9B\
\xb8\xff\x99\xcd\xb0i\xe78\xef\xa95\x01\xd8V\xa6O\
,\x13\xb3\xff^y\x01\xaf%W&\x85\x02\xa2\x1cg\
\xfb\x06\xe8\xc29A\x80.o\x0b\xb7D\xb8\xedj\x95\
\xa0\xaa\x99\x05\x8f\x16d\xcc\xaf=_\x04\x9b\xfa|\xf0\
\xce\x1f(\xe7\xfb\x17\xdb\xe5e`\x9afx(\x0aq\
[\x01T\xf1\xb3\x9d\xcfd[\x1cD\x0f\xaf\xca\x0b\xa8\
\xd4\x86Y\xb0ri\x0f\xbc\xe9\xb0\x15p\xeb\x83C\xb0\
n\xfdN\xbe^\xbc'\x1e\xb9\x13\xff\x9d\x86I@\xf1\
\xe6\xd7\xd7\x8e5N\x00o8\x0d)\x99\xd0z\xea\x1f\
\xbb\xe9B\xf8\xc3\x13\xaf\xc0\xd6\xe1I\xd7\xabK\xd2_\
\x06=/\xb5U\xbd\x04EBp?\x93;\x06\xc0[\
1(\xc1\xad\x0b?\x87M\x18\xb2\xa4\xc2\xff^\x89P\
\xb8\xcf\x11n\xb9\x94+\xa8\xaf\xba\x82\x9e\x87\x14k\x9e\
\xc7\xaad\x01\xaaq-Nr\xcb\x17b\x81\xe8\x96\x09\
^\x1f\x19\xc2\xa9\x1e\xc0Vf\xf5eB\x08\x02t\xb0\
B\x07Q\xf6\x8b\x0a\x82\xfd\xccD,\x02o=n\x0d\
d\xb2%\xb8\xf0\x97\xcf\xc1L\xc6\x9d\xc3\xc1G\x0d\x8c\
\x81I\x02w\x05\xac\xb2\xbdnM \x80S\x11\xffD\
\xf3$@\x14\xc0\x1d\x0f\xbf\x08\xbb\xc6f]\x80\xb3M\
\x81\x8cG\xe7\xbc\xb7\x900\x14\x81+\x03\xdf+?\xe0\
\xa5\x0cTY\x7f6\xceW\x8f#\x00\xee{\x80L\x12\
\xccg\xca\xe5\xf2m\xf7\xdb\xe7\x1a\xf2\xd9\x17\xc4d$\
\xa3\x00\xc7\xaa{\xdf\xf9]3H\x99\x98\xd1\x97\x07\xf0\
 \xc47\xe7\x89\x92\xdd>\xc6\xfd\x9e*\x05\xc0\xae{\
\xe4\x03\x9ca\xe2\xd6\xb1\xbe\xe7\x9a\xcbCW-\x85\xc3\
W/\x85_\xfcn#\xfc\xf19\xfe\xad\xce\x1e\x1d\x88\
H\x12\xea{x\xf9%L\x04%x\x8dY\xc3\x04\xb0\
\x04\x13\x80:66\x81\xfb\xf0\x8d\x17\xc0m\x0f<O\
\xbb\x03K\xd2]\x04\xb7\x90\xf9W\xe6\x00$\x15\xc0\x7f\
\x1eW\x11B_\x03i\xe0\x91\xf3\x95UIB]\x02\
\xb4&\xfdFp\xaf\xcb\xddM\xad6\xe8}\x01\xefy\
*\xdd\x08\x9e\xfc\x0fx \x07n\xe4\xb3_\xdd\x5c\xe7\
\x1e'^\x01\xc9\xd7\xe6\x04\x01;\x15\xbb{\x0dQQ\
 \x0e\xf4\xb52\xfejB\x08\x92\x0f\xb0\xfb\x04\xb8\xa4\
`\x08\x9fm\x1e\xd7\x9eL\xc0_\x1c\xbf\x16\xb6\xec\x9a\
\x85\xef_\xbf\x11J%W\xc5\xf8\xa8\x81g\xc0L\x10\
n\x0aZ{{\xc3\x1a'\x80\xe3OA\xca\x8c9\xf9\
_\xd7\xe1\xa1\xeb/\x80\x1b\xef{\x16&gs\x92\xb7\
v\x01\xcf$\xff\x14\x09?e\xdc\xef9\x88(@\xec\
\xcf\x8d\x03\x10\x13\x82\xc0\x5cCg:\x1d\x0a\xe1\x02w\
\xf7\x98k\xd8\x13\x15\xa8HBy\xb7\xd9\xcfmv\x95\
yyoyK\xdc\xe5O\x06\x1e\xcdh\xc0zV\xf7\
|\x17\x8f\x01\xe5>\xe2\x01+&\x00\xd9\xe3E\xaf\xcd\
\x7f\x07\x8f\xb8\x1e\xf1\xdfS\xea*\xcc\xe4\x04\xdci\xe0\
\xccu\xc4\xb4\x06\x1cw\xf0\x0a 3a]z\xdd\x06\
xq;?\xa5\xa0\x87\x1a  \xf8\x04&\x81\x9f\xd7\
Q\x89-\xb5\xe6\x10\x80\xfb\xab\x9d\x0b\x92l\xba\xa6k\
\xf0\xe0\xf5\xdf\x82uw?\x0ds\xb9\x82\x85\x0d\x16\xf0\
r\x93 \xaf\x06\xd4\xc9?\xd7\xab\xab\xf3\x00b\xbe\x80\
\x97\xf6\xa2\xdc\xd7\x04\x22\x10\xd7u\xf78\xe6\xae\xf1\x9d\
\x89\xc4\x14\x1f\x03ve\x9e\x8f\xfd>\xc1\xab\xa5V\x0b\
\x22k\xde\x93kr\x07\xd5\xce\x13x\x91\x81B\x05\xa8\
\xe3hf?\xdb\xab\x8f\x03\xa7\xb0\xad\x88\xc1Yp*\
\x95\x08\xe2\x13w<\xd8\xf9\x5c\x01\xf2\xba\xbe\x90#\x10\
\x8fa\x15\x88M<\xbd\x9dIx\x1bV\x03\x8fn\xd8\
\x03?\xfb\xfdV\xae\xee|\xd4\xc0o\xf1\xbfgb\x22\
\xe0_\x0a\xb9\x08\xd6\x04\x028\x19q\x97\xb2\x90\xa3\xeb\
dD\xa0\x0e\xf7_\xf7-\xf8\xe5\x9dO@\x9e\xcc|\
\xeb\xb2\x83#\xf1i\x93\xa0\x05(>\x09(z~E\
\x08\xa0\xe82l/\xc5\xde\x85\xe6\xc7*\xa4\xbe\x22\x9c\
\x90\x95D\x90\xa6A\xb5\x97W{~M\xb9\xean\xd6\
\xa8\x96Z\xb5\xe6\x89e\xe4s\x8c*\xa1'\xac\x08\x9c\
\xa2&\x19y\x9e?\xc4\xc6\xfa\xd25=\xe2}\x85\xa4\
\xf7\x8a\xe7Y\x12p\x8e\xb3cz\x8f\xcc>\xbf\x8e\x94\
\xc4\x85\x94y\x00\xe6\xb3\xac\x8f\xc7B\x17\xder\xe4j\
H\xc6\x13\xf0\xbdu\x1b`\xcf$?\xcd\xbb\x87\x1a\xd8\
\x8ew\x90n\xc4\x8f\xc2\x22Z\x13\x09\x80\xbf\x9c\x1e\xd1\
\xe9\xdc\x00\xf7\xad;\x1f~q\xfb\xa3P.W\xec\x99\
\xfa\xe8Pa\x95\x12\x10\x93\x81Rk\x81\x10\x1ap\x0a\
\xc1\x06Z\xadd \x978\xb4=\xb9M(\xfc\xef\x10\
;\xfd\x98C\x89\x15\xb9\x03\xc56\xab&d\xbc+\x08\
\x80\x05R=\xae~!V#S\xcf\xefS\xec\x17\xe2\
vQ\x9e\x9bk\xe25\x0dI^K!\x00\x025\x19\
\xb0\xc0S\xeeS\x00\x9a\xfb\x0e\xec\x0b\x9a\x19\xb0{*\
\x00\xb1\xe7\xa1K\x1al?\x01\xb1\x09\x91\xcc5\xf0\x96\
\xa3\x0e\x82[\x1f\xdc\x0a\xbf{l\x98\xabg\x0f5P\
\xc1u\xfdu\xbc\xfc\x16&\x82E\x99\x88\xb4q\x028\
\xee\xfdH\x8eyM\x05\x10\x89F`\xfdo\xcf\x87\x9f\
\xde\xfc\x10\xedI\x85\x98\x1b!6\x09\x8a\xcd\x82\xaew\
gn\xa2.\xe7\x07\xc4\xee\xc2\x9a\x07\x09\xf0\xa1\x01\xb3\
t\xce\x01\xee\x18\xbb\x9c\xf6\x0eu\xbe\x82jR\x11M\
\xacfF\xe90e\xd2]\x17\xc8B0$S\xc5\x82\
\xadf\xec\xcf\x09\x031a\x80\xa4M\xbeDP\x07\x12\
\x11\x00p\x03z@\x0c\x0f\x84\xf9\xfe9rQ\x00]\
\xf80\x1e\x94\xcc/\xf0l\xdes\xaf\x83T\xe5\xce5\
X\xaf/\x02\x1f\x1c\x85\xc1\xfe\x1e\xb2'\x16\x89\xc0\xff\
:n-d\x0bU\xf8\xfe\xb5\x1b!S(\xf3u\xad\
V\x03\xf7\xe3\x1d'c\x12\xd8\xdd\x84\xea\xae\xcb\x9aD\
\x00\xce\xafs\x96D\xfeG\xa3:\xdc\xf5\xab\xf3\xe0g\
\xb7>\xe2$O\x90\xeds)\x98u\xa7C\x10\x0bx\
^\xea\x9b\x93\x8b87\x8fU\x08J\xf9\xafh%\xa8\
A\x08\xf6\xc2\xab\x89\x90k\x11\xa0kn\xa2\x8f\xf3\xf4\
Bl\xcf\x13\x05\x7f\xdb\x85\xcd\x9aUc\x7fjC\xa6\
\x02\xa7\xf28oO\xae\x04\xa3pA\xf9\x1c\xb6\x8b\xaf\
*G\xc0\xc6\xd9\x8ac<\x9a\xe7\xe4\xde\x86\xb2j\xb0\
\xaf\xa3V\x1f|\xde\xc1&\x05\xfes\x99u&<\x91\
\x94\x09\xe2\x89l\xcd\x8a^8z\xedJ\xb8\xfa\xf7\xaf\
\xc0\x13\xaf\xce\x00\x88nBV\x03\xd3\xf8\xc1\xf9 &\
\x81\x9b\x1b\xad\xe6z\xaca\x02\xe89\xee$\xe4\xfc(\
\xfb\xa2\xbaN\xc1D\xde\x0e\xf4\xbb\xab\xbe\x06\xd7\xdc\xf1\
8\x1d\x8bm\xdfW\x1b\xec\xa6C\xd7}@\xcf\x94\x0b\
\x8a\xc0>\x87K\x06:_\x80'\x01>\x5c`\xbe-\
\xf7\x19n\xb9\xe7\x9c\x81\x0e\x11\x08a\x00\xa7\x14\xbc\xc6\
\x06\x80g\xb9\xba2T\xc4\xe1o\xc8w\x07\xaaY\xae\
<\x1f\xa9\xf6\xab\xc0\xc7\x1c\xc5\xa9\x01wZt)7\
\xe0\x1c.xp\xf6@a\xbf\xc1\x00[\x95\xe0\x133\
\xfb\xae\x02\x90\xe5>\x0fn\x99l\xdc\xb0\xc4}\xd7\x03\
G>\x8a0\x80mvL\xc6\xa3\xf0\x97o:\x0c\xb6\
\xee\x99\x83+n\x1b\x82r\x151\x15\x8a\xbc\xd4\xc0\xff\
\xe0\xe7\xec3\x98\x08\xf8\x17F\xb6\xc8\x1a'\x80cO\
B\xee\xb3\xca\x82\x13+\x80X\x14n\xfc\xe9\x97\xe1\xda\
\xbb\x9f2g\xf7u*@s\xf3\x00b\xfb\xbf\xee\xce\
\xd8\xe3\x92\x01)\xd0\xad\xb1:\x8a\xfe\x01\xba\x7f\x93\xa0\
\xd4\x8c\xc8%\x08\x81\x01\xbfw\xe7 7\x07\x00\xf2u\
\xb9\xbb)\xc2\xd8#\xe1\xa7\xec%X\xa3j\x82\xd4\x96\
?\x0b\x08\x8e\x18\xf9_Fh\x9a\xb3W8\xdf\xcd\x81\
V\xb8&\xb2\xbd?\x92\xae\xab\xca/x\x81\x95\xf5\xea\
bv\x9f\xdd\xb6\xbf\x1b\x17\xcb\xab\x92\x89B6_V\
\x10\xc8)W)\x06\x87\x5cX\x82`\xcb\x84\xeb\x1c\xbd\
f9\x1c\xb0\xac\x1f~|\xf3F\xd82\x9c\xe3*\xd2\
C\x0d\xbc\x84\x1f\xfa\x13\x87\xd6\x9d\xf6B\x80\x1ao\xc8\
\x9a@\x00'\xda~\x9d\xcb\xa2\x13\xef\x1f\x8dE\xe07\
\x97}\x11nZ\xff\x8c9]\xb7\xa5\x02<c~\x11\
\xf4\x5c\x8fAK5p$\xa0H\x1ej*\x80[\xe0\
6?\xd0\xbd\xf5\x0c`=g$\xe6H\x82\x1d-\xa8\
\x0a\x17\x18\xc0;\xbb]\xa0\xb3\xfc\xefy\xebU\xd7j\
\xd0\xfc&\x0d\x95\x80\xce\xef\xf0\x94\xf9<H\xc5\xd8\x9c\
\xcf\xf8K\xddp\xd938\xe2P\x8f\xfe\x93\x9b\xe4\x18\
\xaf/\x01\x9c\xe9\xd1'\x00\x98kMP\x80\x97\xf5\xe2\
\xf6\xf7V5\x0dJ\xcd\x81\xd61\x86\x9d`\xb4\xaeK\
\xc2\xe0\x03\x06\xbba\xcd\xca~8`y/D\xf1C\
}\xe5\xcd\xcf\xc1\xfa\x0d\xf6\x10c\xdf\xdc\x00\x99\x9a\xe8\
\xf3C\xd7\x9d~iS\x1e\x02\x0fk\x22\x01X\x97\xb3\
\xae\x18\x8dD!\x86%\xd0U?\xfc<\xdc\xf6\xc0\x06\
\xfa\xe2\x8c\xaau\x03U\xa0\x97\x01\xec\xc6\xf3\xca0\xc0\
\xce\x1d\xb0\xf2\x9f9\x87%\x82Z\xcd\x86b' \x8d\
\xf9-\x9a*\xe6\xa7\xc9@\xa1\x09P\x13\x80\x0f\xfcu\
\xe4\x9bn\xfe\x8b4\xc4\x1d-\x1e\xd9h\x05I\x00\xb6\
\xcb\x15\xde\x1d)\xce\xb4\x0e\x96\xf7\xabB\x03\x07x\x86\
\xb0\x8f\xf1\xf2\xacg\x95\xbe\x0bK\x0a\xcc:\x17\x8b\xab\
B\x06\xaf.\xbf<\x898@G\x0e\xec\x15\xc0ws\
\x01\xceo\x92:\x1d\xb1\xd7\xe6\x09\x86$\x01\x0f\xc2\xf1\
\xff\xea\xe5}\xb0r\xa0\x1b\x22\x18\xf4\xbbGg\xe1\x85\
M;\xe0\xf1\xe7\x86\xe0\xf9\x8d\xdbAOtA\xa4\xeb\
@\xd00F$\xc5(w#\xbf\x0d\x17\x9e>t\xed\
\x07\xa6\x1a|\x14\x94\xd68\x01\x1c\xf3>\xa7' {\
Y\xd2\x02\x10O\xc4\xe0'\xdf\xfe4\xdc\xf9\xc8\x8b\xe6\
[q\x0cK\x01\xe8\xbcg\x97\x08\xc1\x92\xdb\x5c\xcfA\
E\xa7!\xfb\x86\xa9\x07\x13\xf1\x9e]V\x0b\xccMv\
\xf2\x08v*\xcf\xed\x9b`\xdf%\xde\xb3\xebL8\xe1\
\xd4\x1c\x7fS\x05F\x17\x93~roB\xcb\x90X\xd6\
\x1c\x0aP&\xf2\xd8\xa3\x90x\x16\x92w \xc5\xf9H\
8\x9e\x1d\xd9\x87\x84\xa3Y)m\xad\xf2\xd2\x99\xf9t\
\xb1\xcc\xa3o\xbeL\x0c\xf6\xf5\x84\x18\xdf\x01?#\xf1\
\xc1&$Ub\x91\x016\x88\x84\xe0\xe6\x1bHi2\
\x11\x85\xb5\xd8\xcb\x1f8\xb8\x04\x06\xfb;\xa1T\xae\xc2\
\x96\x9dc\xf0\xcc\x0b\xdb\xe0\xa1\xa7^\x86\xe9\x99\xac\x93\
\x5ct\x92\x8c\x1av\x90=\x07\x82\xde\xd6%\xd5\xb3\x22\
, m\x8a\xa7l\xb9\xee\x8c\xf5\x0d>\x0c\x925\x81\
\x00N@ ~a+\x01\x98h\x8b\xc1\xff\xfb\xd6'\
\xe1\xde'^v\xde\x02\x84\xec\x1f\xa8k\xe6\xb8;\x15\
\x09\x80K\x06n\xa2\x10\xdcr\x00Y=\x90B]c\
n\x9e\x9bgp\x8e\x07\xe0\x14\x82\xa8\x02\xdct\x80\x10\
\x06H\xe0f\x92\x81\xa2\xc7\xe7\xee\x83\x90\x1c\xe5/\xe2\
_!\xcc1\xde\x02>\x88!\xef\x0b\xa8\x00\xcd\x96\xb0\
\x9eZ\x0e\xfc\x95\x8a\x80\x1d\xd3/\x86\x17\x5c(\x00\xee\
~\x9e\x1cX)\xcf\xab\x01\x09\xe4\xcc\xb1\xdc\xf7eA\
\xcc\x5c\xdb9^\xec\xf4\xc3\x90\x02\x1b\xd7K9\x07F\
\x89t\xb6'\xe0\xe0\x15X\xda/[\x02}])\x98\
N\xe7\xe1\xd5m\xc3\xf0\xc4\x86m\xf0\xec\x8b[a~\
\xbe$\x80\xde\x22F\xeb%\xb3\xf6_$\xb5\x14b]\
+\xcd\xdeD\xfej\x80\xdc\xd8\x8b\xb1j\xf8\xea\xd0\xba\
S+\x0d=\x12\xecg4z\x01\x93\x00\x98KQ,\
\xe9t2\x85x\x22\x0e?8\xef\xe3p\xff3\x9b0\
\x01Ti\x18\x80\xcc_F\xe3#\xc7\xdbkns\xa0\
\x0dv\xa9\x9f\x80\x95\xec\xb3Ak\x93\x08\x9f\xd9W\x84\
\x0b\xc0\x92\x05p\xe0\x96\x87\x093\x0a\xc3\xf91\xa2G\
\xd7\x9dU\xaa\x14\x9c_\xce\x90\x81\x04|!\x0c\x90\xc2\
\x84Z\xb5\xa38\xaa&+ \xffC\x91\xb0\xe1I\x06\
 \x00Hqm\x07H\xb2\xf4G\x02qp\xd9y\xe6\
\xb3\xdd\xeb\xa8\xc8\x07\xc9`\xb5\x0f\x92<=\xbf\xb4\xaf\
\x22'\xf5\xecu\xd6\xd3+b}\x1b\xacx{\xe9\x92\
v,\xed{q\x5c\xdf\x03\xa9\xb68\x8cN\xcc\xc1K\
\x9b\xf7\xc0c\xcfm\x86\xed;'\xa0R\xa9H\x9e\xde\
\xf9\x03\xe6Z\x0e!\x98\xeb\x9a\x9e\x80x\xef\x1a\xd0\xe3\
)\xa9\xbee5\xa0=\x81/t\xd2\x96\xeb?\xb8\xa5\
\xd6\x13\x10\xc4\x1a&\x80\xeec\xde\x8b\xa4\xc7\x9dt\x02\
\xc2\x04\x90H$\xe0\xe2s\xce\x84G\x9e\x1f\xc27\xc7\
p^\x8a\xc97\xff\x89\xf2\x9f\xf9s\x00\xadK^\xde\
\x1d7\xa0s\xa0\x17\xbb\xf4\xba!\x00\xab\x22d\xd9/\
\xb5 \xd8\xeb\x82\xb7\xd6\xa4Q\x82|\x12PJ\xf3\xb1\
\xe7s\x0b\x9f\xe3\x16RC\x22f\x11\x0a~\xb8 \xbf\
\xb956I\xa7 \x09\x1e\xa8\x06w\x09$\x1c\xe3\x94\
2R\x9c\xbd\xb6\xa4\x18\x84\xd8\xdfmb\x03\x86L\x18\
5\xc0m{\x93\x82\x98\xb1W\x87#\x88\xbe\x5ct\xf9\
\xd2.8pY/\x8e\xe7\xbbh\xf9\xb6=S\xf0\xe2\
+\xbb\xe1\xe9\x97\xb6\xc3\xe4\xd4\x1c}\x1f\xa5\x1bF\xc8\
\xe0\xe6HD\xf9g8\x04\x13\xeb\x5c\x01\xf1\xce\xe5\xca\
gAH\x12\x92\xa1\xb5\x1f\xc3$\xf0\xab\x80O\x87\xa7\
5N\x00G\xbf\xd7\xce\xec1\x89o\x9d\xe6\x00\xc8\x9b\
\x81\xbe\xf9\xc5\x0f\xc3\x93\x1b\xb7C\xb5Re\x9a\x02e\
\xd9\xaf\x89@\x16Z\x004\x01\xe0\xb4\x7f\xbe\x98\x08\xb4\
\xc8B\xb7\xbe\x8f}\xe3\xe4\x8c\xbe\xe6|O\xde\xf3;\
\x9a\x81\xc9\x0d\xf2 g\xc7\x05p\xbd\x09\xb9\xbb\xc9&\
\x0c\xe9\xa3$\xddh\x91XT\xfd\x02\xea\xa90\xb5\x97\
G\x01\x8eC\x1e\xf8WIwv\x17\x137s\x87\xdb\
R\x97\xd7\x12\xf2P^\xfb\xb3\x15q\xbe\x10\x0ep\xb1\
\xbf\xd0\xce\xcf\xcbu\xe6|\x07\x90\xf6\xb9r\xbf\x031\
\x1c \x7f\xe4mA\xab\x06\xbb\xe1\xc0\x81%0\xd0\xd7\
\x09\xb3s9xu\xfb(<\xb3q'l\xd96\x0a\
E[\xdaCmp\x03R\x13\x82\xfa8\xf3\x18=\xde\
\x01m}kA\x8f\xc5\xb9\x1a\xa7\xd3\xd3;\x9bN\xb0\
\xfaK\xbc<k\xcb\xf5gd\x03=<u<O\x81\
\xcd!\x00\xe6\xcb\x91\xd8\x9b\x12\x00V\x00\xe7|\xfet\
\xd8\xb0y\x17\x94\xb1\x02\xa8V\xcc\xfe\xe0\x9a\x03`\xb6\
\x97\x9f\x18\x12\xc8\x80w\x00\xce\xe6\x03\x98\xa4\xa1\x9a\x10\
\x84\xd0\x00\xdc2\x00\xb1\xcc\xfa\x11\x1a\xeb\xd5\xd9\xd6\x09\
b\xf6\xe8@k\x9fs\x0e\xf0\xd7\x13\xcbA\x00\xbd\x94\
\xecs>\xad\xd1*Q\x1a\x9f9W\x94\xdb\xdb\x0a\x8f\
/'\xf2Te\x1e-\x00l\xbb\xbe\xd0\xfe\xafj\xe6\
c\x95\x80\xe4\xc5\xb9\xe4\x9c\xe8\xf1YR@\x1c\xc8\x95\
\x19~\xeb\x22\x89X\x14\x06{\xdb\xf1_\x17\xf4\xf7\xa4\
 \x1e\x8b\xc0\x8e\xe1\x19,\xed\x89\x97\xdf\x01\xb3\xb3Y\
+\x17aX\xe7\xaac\xf9`\x1e\xdf\xa8q\xaca\x85\
\x04\x11H\xf4\xac\x86x{\xbf\x90\x0b\xb2\xef\x13\xa7\x06\
H(p\xe2\x96\x1b>\xf4\xe4B\x9e\x8b&\x10\xc0\x7f\
\xf09\x00\xb2\x86Y4\x16\x8dR\x05\xf0\x85O\x9d\x02\
/m\x19\x812y=x\xd5\xa0\xcf\x07\x8d\xe55+\
\x09\xa8\xdb\xc9:\xdd\x01\xb2\x19\xeb\xf3\x19~\xdd\x89\xff\
\x85\xbc\x80\x93;\xe0[\x03xB\x00\x9bu\xdc\x9c\x80\
\xa8\x06\xack#g?\x08\xdf\xc1.\xd0\x05\xc2\xb0~\
;\x87u6/\xc1\xdfe\x09\xe0\xce\xb5y j>\
[\xb5\xadF\xfc\x0f\xea\x10A\xd54ho\xf0\xbc\x80\
D6p\xc0/\xcax\xf7\xbaB\xbf\x01\xa1L\x22\x01\
\xc1\xf3\xdb\xdfB\xea\xb1\xc7\xc5\xfb\xccg \x06\xec\x0e\
\xb1 \xe8H\xc6apI\x07\x8e\xe7;\xa0\xb7;E\
\x9d\xd2\x9e\x89Y\xd8\xb6s\x1c6n\x19\x85\xdd#S\
f\xb2\x9a\xedS\x10P\xce\x83\x07\xc8\xe5\xe3\xfc\x8e1\
\x9c\xdf\x18k\xef\x85T\xefA\xa0Ec\xe63\xe0\xf0\
\x1d\xf9\x87\xcb\x0d\x90\x01\x07_\xd5\x22\xb1\x8b\x87\xae=\
\xadfv\xa8\x91'K\xb2\xee\xa3\xfe]z5\x18\x01\
0\xe9\x05\x98J\xb6\xc1g>~\x22\xbc\xbac\x0c*\
\xe5*U\x01\xf61\x14\xd0T\xaekV\xb3\xba\x22'\
\xa0\x02\xbe\x90\xe8\xe3\xc7\x10\x08 \xf7\xf3\xfeL\x1e\xc0\
=\x1e\xdc\xcf\x02Y\xa6\x9b\xe5:\xa7\x0e\xd8\xf0\xc1=\
Z\x88\xf9%y/\xc6w\x1e7\x17y\x9eR\xfb\xf8\
:\x0eAJ\xc0:\x1b\xf2\xf9\xa2\x0cw\xf6\x19\x0e1\
pJ\x82\xb9&\x07j!\xa1'\x85\x03\xacb\xe0<\
\xb8\xb8\xcd$\xf8\x84k-\xe9j\xc3\x80\xef\x84~\x0c\
\xf6\xf6\xf68\x14\xf3e\xd8\x8d\x01\xbfe\xd7\x04l\xda\
:\x063\xd8\xc3S\xc7\x14@\xd6K\xe5\xbe\xc7\x07\xc9\
\x03\x18V\xd3\xb87\x09D\xa2qh_z\x08D\xda\
\xba\xe8sB\xdb\xdc\x11\xd3\x14\xe9\x86\x03dy/\x90\
\xe6\xc2\x1b>4\x12\xe0i\x09\xfcX\xf9\x1a%\x00\xfb\
R\xd6\xd5t\x9d\x0c\x04\x8aB2\xd5\x06\x9f\xfc\xe8\x09\
\xb0e\xcf\x04\x94K&\x01\xb8!\x00\xe3\xf9-\xd2\x10\
\x13\x82\xbc2P$\x0b\xd9\xf0\x00\x80W\x01:\x93\xd1\
\x97:\x071}\x02\xa4\xbc\x00\xbfd\x09\xc3<\xc3z\
\xaf \x02\x81T\xd8\xbb*\x5cCu\xa3Er\xe16\
\xbd\xab\xa5\xb1W\x81KW\x93\xd2\x04^\xd7W\xcbt\
6\x10`_\xd8\x09\x82l\xe7\xaf!'\xf6\x84\xd8\x9f\
M\xf6\x19\x82\xfcg\xbf\xb7\x90\xe5\x8f\xe0\xfbMd|\
\x7fO;\xf4w\xa5h\x22zz.\x0f\xbbF\xa7a\
\xeb\xeeI\xd852\x03\xf9\xfc<\x9f\xb8CP\x07\xf0\
\xd90 H\x82\xcf<'P\x12\xd0\xf0&\x01\xf24\
\xb4-Y\x81\xd5\xc0jS\x1d#\x92L\xd7\xe8\xef0\
o\x00\xa7\x06\xc8D\x85o\xdfr\xc3\x87_\x0a\xf2\x04\
4L\x00]G\xfd\x1b\xe2\x1e\x7f\xcd\xf4\xda\x84\x00R\
\xedI8\xf3\x8c\x7f\x87\x1d#\xd3\x18\xfc\x15\x93\x00\x90\
\xc5Y\xba\xec\xf1\xd9d\xa0\x9b\xe4\xd3\x1d\x00kL\x0b\
\x00\xa7\x00\x18\x820\xbf\x02\xdf\x89Hw\x00^\x83\x0c\
\x84\xd8_\xca\x05\x80\xfb\xbd8_/\xb8p\xcf\xc1D\
\xe2\xcdW\x00^}\xb4\x0f!xm\xa1\x00\xc7\x88\xd7\
\x92$\xba\xe2<\xa4\x068\xfb\xaan7L\x102\x0c\
\x8cgV'\xf6\xec/\xe1\x9f\xd9\xb7=~<\xa6c\
\xb0'\xb1w\xef\x80\xced\x82&\x99\xc7\xa6\xd28\x86\
\x9f\xc6\x1e~\x12{\xf7\x1cTp\xe8\xe9\x00\x9d\x05-\
x\x81\xdc\xab\xd9\xce\xcf\x9b\xd7\x8a\xedk\x85\x06\xcc>\
C \x00\xa6\x1e\xa2\x89\x14t\x0e\x1e\x0a\x91x\xbb\x19\
\x11\x18\xe6o2\xac\xdb\xc6<k\xbb\xf1\xd6[1\x09\
\xd4\x1c^\xdc\x14\x020/\xe4^\x8a*\x808&\x80\
T\x12>x\xea\xbbadr\x0e\xe6K\x84\x00\xaaN\
\xf2\xcb\x8e\xf5E\xd0\xab\x08\xc1L\x15\xd8\x9e\xdd\x83\x04\
@ \x046\x19H\xbf {\x1e\xaf\x0e\xcc\xdd\x8a\xde\
\x81\x1a\x0fr\xf6\xad\xc2n\xcb\x80&\x01\xd9\xad\x089\
i#\x85\x15M\xa9\x85\x80\xc6\x80\x88+\x16\xe3}a\
[>N\x96\xf8\x0e\x09\x88\x9f\xc1\xc5\xe2 '\xf1\x1c\
\x12\xb0K\x98\xb0\x82Q\x07\xc4\xbbw\xa5\x12\xd0\xdd\x91\
\xc0\xb2>\x09q\xec\xdd\xf3\xc5\x12\x0c\x8f\xcf\xd1\xa6\xb9\
]#\xb3P\x9c/3\xf9\x03\x19\x84\x81bz\x1f\xe0\
\x07\xf1\xf8\xb5\xf3\x00F \x12\xa0w\xd3\xb0\x06R!\
[\xec#\x8a\xad\xae\x95\xc7@<\xd9m\x81\x9f\x1c\x07\
\xb4\xa7\xad\x93\xcd2sh/\xe2\xf5\xb7a\x12\xe0'\
+\x14\xacq\x028\xf2=\x88\x95\xff\x9a\x15\xb7Gb\
1\xe8\xe8H\xc1)'\xbd\x0b&f\xb2P\xc2\x04P\
*U\x9dO\xd5\xed\xd7p\xe9\x9a'\xf0\xf9P\xc0\xa3\
\xc7 \xdb/\x80~\x07\xdd[\xfe\xb3r^\xc8\x0fp\
\xb9\x00p\xf7\xb3\xbf\xcb\xf5\xfeV\x89D\x00\xee-\xe5\
\xc8\xc4\xf3Ns\x19\x03@\x9az\x7f\xad\xcaB\xb5J\
\x90\xc7~.\x84G\xc26\xf8\x10\x81x\xbe\xbd\xed\xce\
\xfa\xe3\x92\x80\x98\xd97\xcbl/.'\xf0\x10t\xa4\
\xe2\xd0\x8d\xc3\xc7.\x1c\xb3\xc7\xa3:-/\x95+X\
\xce\xe7\xb0\x87\xcf\xc2N,\xe5g\xe6\x0a`g\xe4\xf9\
\x0e;\x0a\xa02\xad\x07\x12Xk)\x01.q\x072\
\x80\xbd\xc2\x07\xa3>\x120e\xbd\xa1\xbc\x8e\xb9\xcf\x06\
8&\x81X\x02\xfa\x0ez\x13D\xb0\xcaF\x86\x06e\
\xd2\xbcn\xf0\xaa\xcdz\x8eO\xddz\xe3G\xaf\x01\x1f\
k\x12\x01X\x97\xb2\xaeF\xa6\x02\xa3\x04\x80C\x80\x13\
N\xf8g\x98M\x170\xf8\xcbP.W]\xa9\xc2\xc4\
\xf8t\xa93\xad\x02\xc4\xd3\xb2\x89A\x06\xe8j\x22\x00\
f\x181\x933pZ\x13\xdc\xd7\x80\xabB\x06%\x19\
p\xc9=\xb7\xd3\x91\xfd[\xddS\x9d\x04\x8c})\xa6\
\x12T\xb7Xc9D]\x19Ly\xf3B~9&\
\x10\xf1\xcd\x92\x01\xe7\xed\xb9\xe3DE`\xefg&\xfd\
`\xe3j\xee3\xf9\xc4\x1ey\xd9\x06y#oW2\
\x061\xec\xd1\x09}T\xca\x06\xccf\x0a0>\x9d\x81\
\xd1\xa9\x0c\xcc\xa5\xe7\xe9tr\x9cgf[\x0a\x14\x9e\
\xddO\x05\xd4\x95\xdd\xaf\xa1\x06\x82f\xf49i\x0f\x96\
\x87G\x863z\xd0W\x1d\x18<)Xi@H\xf5\
\x1f\x00\xdd\x03k\xe8}\xac\x90\x81vU\x03\xaa\x88\x7f\
x\xf0\x93v\xd5\xd6\x9b>\xfa\x01\xbf\xa7\xa2\x09\x04\xf0\
n\xc4_\x06\x038BZ\x01b\xd0\xd9\xd1\x0e\xefy\
\xf7;![\x98\x87\xf9\xf9\x8aY\x91\xd6\x97\xd4\xed\xa6\
@\xb6?\x80\xae;\xbd\x04Y\xaf\xcf%\x03\x19\xb5\xc0\
\xc7\xf8\xba\x95[\xe0\xc3\x0169\xc8\xc6\xfc\xf6\xba\xd8\
j\xe0\x90\x83\xa3\x14l\xc82\xd9\x7f6\xe9\xc7\x86\x09\
\x0a\xef\xcf7\x01\xf2\xb7^M\x04\x1eU\xe2\xc8\x84`\
\x8c\x80j\x16z\xa8\x00\xaf\xc3\x90\x9a\x08X\x90\x9b\x18\
7\x9c\x8b\xdag\x90d\x5c7\xf6\xea\x9d\xc9\xb8\xd5\xaa\
\x83h\xcf\xd0\x5c\xa1\x84\x81\x8e\xbd\xfat\x16r\xb9y\
\x1a&\xb2\x09>\xc9{\x0b\x80t\x81\xcc\xa8\x00\xf0\x00\
\xb5\x04f\xd3\x9b\x83\xe3\xd5\x19\xef\x1e\x08\xf8\xf5\xc7\xf8\
\xb6'\x07O\x85\xa0.\x03\x83\xdf&\xcfW,\xd5\x05\
\xfd\xab\xdf@\xefg\x15#\xbf\xcc\x8c\xb5q\x1f\x18m\
\xc7\xb6\x9b\xce<\xc8\xef9i\x9c\x00\x8ex\xb7\xf4j\
0\xf2\xa5b\xf18tt\xb6\xc3\xbb\xfe\xe5oi\xc5\
\x92\xf8\xccV\x00 \x00\xd9n\xea\xd3\x9d\xc4 \xdb\xe9\
G\xed\xf5\xf9\x16\x01\xb7\x0f\x81#\xf5YO\xce\x80_\
\xd9\x94\x08\xc0\x93\x01\x17&\xd8\xdbn\xf2\xcf\xe5\x01U\
\xcc\xcf\x02_\xd5\x0f@\xac\x00\x9f\x9dA\xab\x09)\x80\
\xab:\x8c=\xaa&\x19\xc8\xe1\x81\xbd\x8e\x18Rp\xbf\
\x82A\xeb\xa1\x13{\xf3\x8e\xb6\x18Up\x08\x83\xbc\x82\
\xcb\xe7\x8b\x15\x98\xc4\x92\x9dH\xf8|\xa1\x02\xf3\xe5\xb2\
\xe9\x11\xad\xef\xee\x82Y\x062\xa7&\x1c0\x83\x04\xc0\
\xbaU\x80 \xe1\xeb\x01\xb7?9x%\x04=\x08B\
\x22\x02y[E\x00\xf1d\x07\xf4\x1f\xf4F\x87\x00J\
\x153\x84@\x88{\xfe0\x01\x9cu\x90\xdf3\xd1\x04\
\x02\xf8\xbfH|\xe8)\x01\xc40\xe3w\xb5\xc3?\xfc\
\xd3;\xe8\x17,\xcc\x97\xa0<o+\x00\xb1\x15\xc0L\
\x08\xba\x1d\x83\x18U\xc0\xe4\x034;w\xa0\xdbID\
r%\x05I\xd81?3\xbb\x90K\x06|\x93!\x0f\
~\x06\xb0\xec~;\xfe\xb7\xf69\xa5\x9c\xa7\xe7\xe3y\
\xbff=U\xb1\xe6^\xbc)\xc6Jx~\x07\xbbP\
\x03\x9f\xdb\xcf\xec\xc0\xe18$\xe2Q\x88E\xcd\xa6[\
\xf2\x19\x15\xab\x8b7\x91\xa0\x15\xac\xf0f\xb2E\x98\x9a\
+B\x19\x93\xbe\xc14\xf3q-\x03\x8277\xbf\xaf\
b]!\xf7e\x15\xe0\x1f\xd7K`\xad+\xbb\xef\xb5\
\xafVg\x1f\xaf\xa6?\x0f\xafo\xf8\x1d\xc7\x13\x80-\
T;\xfaVB\x17\x0d\x014\xeaX\xa9\x02@v}\
9j\xf6\xaam7}\xec\x03~\xcfI\xc3\x8f['\
&\x00.\xa7\xad\xd9\x0a A\x09\xe0\xf0\xa3\x8e\xa6\xbd\
\x02I3 \xc2_\x92$.\xc8\xeb\x96c\xf8\x8fH\
C\xdb\xbb\x12\x10+\x13\x82:\xd3O\xc0\x89\xeb\xcdr\
w\xaa0\xd7\xc3\xb3\xc3\x875&s\xaf\x9e1H\x07\
1L\xb0V\xdd$ C\x1c\x1cT9\xdc\xb3\xb9\x04\
\xe1\xe62ID\x16\x8e*\xc0\xfb\xe4\x09k\x1b\xf2/\
B\xde(\xa7\xfb\xa8W\x89F\xccz\xb0>\x97<p\
U\xf2\xfc\x19\x18\xe4\xd8\xc3\x141\xa8\xd3\xf9\x22\x14\x0a\
f\x93\xae\xd9\x9en]C\x08\x09X\xaf.\x01\x99m\
\x22Txu\x17\xc4\xc0yj\x96<T\x80U\xab\x00\
\xc3\xf7\x1c\xdeC\xf3a@mb\xf0P\x06\x86\x0f\xd8\
\x17B\x00\xd65\xed\xe7\x92\xa8\xeb\xbe\x03\x8f\xa5\x18#\
\xf1\x7f\xa9l\x12\xb0a\xcbk\xe7\xd9\xd1O\xdbv\xf3\
\xc7\xae\xf6{l\x1a'\x80\xc3\xff\x15\xf1\xde\xcfR\x00\
m$\x04\xe8\x84e\xabV\xd3\x8a\xc8e\x0bP(\x96\
h\x9c\xa2Q\xc0\xeb\x94\x04\x12\x89\x18\x1d6L\xfad\
'\xf02\x8e\xcb\xe2\xc4\xcb\xc4bt=\x86\x1fJ\x13\
\xe0Vv\x9f\xcd\x01(\xfa\x0e8`\xb6\xbc\xbf<\xc7\
\x80\xd0D\xc8$\x04\x11\xb8\xb9\x00\xd7\xf33Y~\xcd\
}e\xb8\xab,\x80\x0198\xfb9\xe0\xcb\xba\x9f\xbb\
_ \xd4[\xf0\xea\x0a\x90\x0f\xb0\x15\x97f7$\x81\
\x09\xdc*@\x15\xffC\xd6)\xc81\xc0s8L\xa3\
\x1e\x1d\xafW\x0c\xb7#\x8a\x9c\xc5g\xd7\xe5\x90`\xc1\
$ \xa9\x81\x00\x92^T\x08\x1e\xf2~\xe1a@\x03\
]{\xeb\x88\xf3\x91\xe1}\x0cM\xfc!\x92K1s\
k=\xcb\x0f\x83X\xaa\x93\x0e\xaf'\x9e\x9fL@b\
\x9217N\x85t\x04z\xdb\xb6[\xfe3]\xcf\x13\
U\xb7Q\x02p\xaed\xa5\xcb\x08\x01$\xb0\x02\xe86\
\x09\x00\xd9\x04\x90/QYh\xc6\xfd\xba\x15\xf3[K\
n\xdb\xf6\xf0\xf8/\x12\x818&\x07B\x0a\xf1\x98\xa9\
\x1cb\xb1\x88\xb9\x8e\x971*I\xa3TMH\x13\x8d\
\x0a\xcd\x84\xa2\xec\xb7\xd7\xdd\x04 \x1b\xf3k\xbcG\xd7\
t\x01\xef2\x09\xb0\xfe_\x0a\x01D\xd0\xcb9B_\
hk\x8a\x03\xaa\x96g\xa0\xf3-Z\x0f\x10\xf1\x02\xd8\
a[\xc0\xae\xd2\xf0\x8b\xb4\x11\xd3,q\x15\xd1\xe3\xb8\
\xcc>\x97\xc9g\xc0\xce5\x0bz\xaf\xfb\x83_M\x02\
ll\xaf\x0e\x09\xac2\x85\xac\xaf_\x05\xc8!@}\
r\xbfVl_\x83(\x02\x91\x807\x01\xd8\x8f&i\
YKvtC\xe7\xc0j\xfc\xac'h}\x96\xb0\x0a\
\xa3J\x8cx\x7f\xee\xe1\xd0\xf7\xe0g\xfa\xcf1\xf8[\
\xdf\x11\xa8\xf3\xf0\xff\xc3\xb7\x02hfG\xa08&\x80\
.J\x00k\xe8\xbcw\xb9t\xd1\xec\x86\x89\x10O\x00\
6\xd0%\x12\xb0\xf7\xb9d`\x87\x08N\xb2\xd0Z\xea\
\xd6\xf0cB\x02d&\x22\xf3O\xa7C;#z\xc4\
|KQ\xd4|S\x11%\x0ar=\xb2_\xd7\xb9.\
\xc8\xba\xad.\xb8n\xc9\xc0/-2\xb0G1\x22\xfb\
\x1f\x8dO\xd0#\xeb\xae\x88\xc0\xa2\x87:\x9eO\xa3\xf7\
\xc6>\xd6\xee\xa2j\x18\xee\x04\xaa\x86\x05jd\x97\x19\
\x88\x9bb\x9d\xfb@/\x12\x11V\xfc\xc1\x8f<\xd6\x05\
\xf0\x07V\x00AI@\xa1\x00\x98P@M\x04\x01T\
@ \xe0\x1bP\x8b\x14jz\xfb\x05K|5\x01\xd8\
\xe04[\xd4\xa2\xd0\xd9\xb3\x02\x92\xddK\xcdg\x02\x03\
~\xbeR\xb5\xc0o:\x00\xc7\xe3h@\xba\x02\xbfc\
\xfb\xad\x9fz1\x08~\x9bD\x00\xfc\xe5\xcc\x10\xa0\x0d\
zz0\x01\x1c\xb0\x86>\xbcD\x01\x98\xfd\xb0\x91\x19\
\xab[`\x0fF\x02j\xf0\xb3\xe56\xa9\x88\x89E\xb6\
S\x11\x97W`\x12\x86^\x93\x92\xd0_\xc4\xf4\x10\xe4\
\xd4\x83s\xbf\xc5\xbc\x02[\xe6\x1c\xc4k\x03\xd1\xfbk\
\x82rh\xd0T\xcdu\x5c\xb9\x02\xf8A\x88\x00!\xa7\
@\x00\x7f@\x12P\x86\x01\x0aio}\x98wb\x0f\
|A-\x1e\xef\x07n_o/\x86\x10F-\xb0/\
L\xe2\x8b\xc7\x90p\x8d<k\xc4\x81\xc5\x93\xed\xd0\xd1\
\xbb\x0a\xa2\x89$Ur\xa4\xf9\x94\x0c\xac#\xde\xdf\x99\
\x85\xd8yr\xb4{\xf0\x89\xa7n\xbf\xedS{o0\
P\xe7a\xefB\xfc\x13n\x021\x86\xe3\xf9\xee%\x9d\
\xb0\xe2\xc0\x83\xe9w\xccf0\x01\xe4\x8aV\x0e\xc0\x02\
0\xf1\xce\xba\x17\xf05\x8e\x14X\xf0\xfb\x91\x80\xab\x0a\
j\x90\x80P&65\x9a\xb8\x14\xd6\xcd\x15\xa9\x07\xa0\
H\x022\xf0\xbdA/U\x80Wy\x0d\xf3\x02=\xb7\
O$\x03\xf7\x1fn[\x8a\xf3%\x05\xc0\x13\x82sY\
\xeb\xf8 $ \xab\x01\xe6\x5c?E\xe0\x07|)\x96\
7\x93z\xa2Z\xa8\x9d\xdcc<\xb1\xdf~#(\x09\
\x88\x03~<\xda\xfb\x91\xeb\xf5I\xee+\xd9\xd5\x0f\xa9\
\xee\x01\x92\x01\xa0--%:\xa2\xb6J\x13\x7f\x86\xfd\
\x92\x0ds \xd0<\xfe\xf7\x1c=\xde\xf1\xed\xad7~\
$@b\x88y\xdc\xea|\xce$3\x09\x80\x7fx\x89\
\xbc&9\x80\xee\x9e.XI\x08\x00\x97e\xd2y\x81\
\x00\x22\xb2\x0a\xf0\xf1\xfe\xba@\x02\xb22`\x01\xcd\x03\
\xdf\xab\x85\x01<\x88\xc1\xfc)\x9a\x0f\xe8\xf9\x9e\x82l\
.\xc0\xd7\xfb\x0b\xad\x04\xbe`\xf7hB\x94\x0dq\x0b\
\xc5\x1e\x0f\x15\x80\xbc\xb7Y\x22P\xa9\x01\x15!\x08\xa1\
A]a\x80\xa8\x00\x04\xe0\x8b\xe0\x16\x9b\x05k&\xf9\
|\x81\xaf\x06q\x90c8\xcf\x0d\xb5\x01\xee\xa7\x02\xa8\
\xd7\x07s\x22\x1d\x92\x0cO\xf6,\xc7\x18j\xa7\xdf\x83\
d\xf9\xe9X\x1ak^M\x83oK\xda\x84\xd1q\xe2\
\x8e\xdf}\xe6\x99\x85\xe0\xb7a\x02\xe88\xec_\xf8\xd1\
\x80`\xf6\x04\x8c\xe3\x10\xa0{I7,_}0\x0d\
\x01\xb2\x99\x1cC\x00\xb2\xf4\xafM\x02\x0c\xc8\xbd\xc0\xaf\
\xf4\xfe>\xf2_\xa1\x08\xe8/P\x80_\xf6\xf2\x0a\xaf\
\xcf\xb4\x1ex\x02_$\x01\xe7\xf0&u\x00\x00\x1e\x9c\
R\xb9\xa4\x02\xfc\x89\xc0\x05\xbfL\x08RH\xc0\xcaw\
\xf0S\x00\xaa\x98^\x9d\xd8S&\x04k\x01\x1fP\x00\
P/\xc0\xe3\x07i\xda\xab\xd5\x04(\x8e\xf6\x03\xde\xeb\
\xb7\xa5\xba\xa0\x0d{}2\xa9N\xd5\x06\xbe\xdd\xceO\
\x87\xff\x92\xfe\x17\xd6\xc3\xa5\xc1\x95\xf8\x9fO\xee\xfc\xdd\
\xe7\xf2\x0b}V\x1a'\x80C\xffEz5\x18\x01d\
\x22\x95\xc4\x04\xd0\x05\xcb\x0f:\xd4$\x80\xd9\x1c\xe4\x0a\
\x05\xca`\x9a\x04\xfa\x08\x03r\xb5\xf7\xb7I\xa1fb\
P\xe9\xfdu\xf0\x92\xfe\xea\x10\xc0\xfa5\xb5\xc0/\x01\
> \xf0\xbd\x00\xcf*\x87\xba\x0d1\xde[\xdc\xe3\x02\
\x95+\xe3\xc0\xee\xad\x00$5\xa0\xc8\x01\xd4C\x02\x92\
\x1a\x90\x14\x80\x229\xe8\x19\xd7\x9b2_\xcc\x1b\xb8 \
\x83\x9a\xc0\x86@@\x0fH\x02\x9e*@&\x00\xbb]\
?j\xcd\xa0\x9d\xec\xe8\xa7=\xfc\xc8\xaf!1\xfe<\
\xe9=\x8b\x09\xc0n\xc9a\xfa\x9c\x90\x17\x89~t\xe7\
\x1dg_\xdf(~\x9b@\x00\xff\x8c\x84\xa7\x97f\xde\
\x13\xc96\xe8Y\xd2\x03\xcb\xd7\x1cB\x7f0%\x80|\
\x91\xfe\x18\xbe\x15@\x08\x054\x15\x09\xf0y\x01\xff\xc4\
\xa0\x87\xf7\x0f@\x02\xb5\xc1o\x97\x01\x93\x08\x14\x96\xc2\
:?\x9d\x98\x18\x02\xd4\xf0\xfc>M\x85r\x86\x1f\x94\
G\x09\xe9\x80\xda*\xc0\x93\x08j)\x80\xa0a\x80:\
\xcb\xaf&\x82\x1a*\xa0\x86\x12\xf0,\x87\x00\x13z\x18\
L\x22\xd0'\x8bO\xce7\x04\xf5`0*\x80\xdd\xef\
\x10\x00\x98=2h\xae,\x86\xb1\x92JA\xb2\xb3\x9f\
6yW*\x88v\x95&\xdd\xa7\xcbe\xc3i\x05b\
:\xa0\xfd\x11\xbb\xd8Sv\xfe\xfe\xec\xa6\xbcJ\xbc\x89\
\x04`]N3s\x00mmI\xe8\xe9\xed\x86\x95k\
\x0f\xa5\xcdZ\xe9Y\x12\x02\xe4\x81\xcc\xcf\xe0\x12@D\
\x92\xfe5[\x05\x98~\x02\xa2\xfc\x17\xc1/{\x7f\xb1\
\x99O\xc8\x09\x00pD\xc0zz9\xee\xf7\x0b\x01\x18\
\xe0\x8b\xfd\x03\xf8\x0e\x02\xecmkFu\x80\xb7\x12\x90\
\xcb\x91\xeb\xca\x95D\xe0\x9f\x0fP\xa9\x02\x99\x0cj)\
\x009\x14p\x15\x80\x14\x0e\xd4\x8c\xe7\xfdC\x80\x86=\
\xbea\x9f\xeb\xaf\x02\x0c\xe18\x96\x00h\x7f,2a\
\x0e\x09\x93\xe3qHt\xf4@\x0c{}r<\x995\
\x8bH~2p\xce\x1c\xddg\xbdc\xd1|.\xca\xf8\
\xf987\x92\xe8\xba`\xfb-\x1f\xaf+\xd1\xe7gM\
 \x80\x7fr\x15\x80e\x84\xc9\x12)\xac\x00z{`\
\xd5\xda\xc3h\xc7\x94\xf4\x5c\x16\xf2\xd9\x82\xa0\x00\x22\xea\
\xf8\x9f\x0b\x0b4%)\xb0\xe0W\xf5\x0b\x10[\x06t\
/\xcf\xaf\x0bq\xbf\x18\xfb;\xbd\x06y\xd0sIA\
\x95\xf7g\x81/zz\x15\xe05\xaf\xca\x08\xdaU\x08\
\x16\x04|q[\x94\xf1\xecu\xdd\xe3<T\x81\xb0\xb4\
\x15\x02\xbb\x94\xf3\x01L\x0e\xa0\x0e\x15\x10\x5c\x094y\
 O-\x89\xaf\xc8\x05\x18\xd6\xf7\xa3\xb1>\xed\xcak\
N\x98\x1bO-\x01=\x16\xa3=/\xe7Ke(\xce\
W\xe8\xbc\x19\xf4\xfd\x19n\xe3>Y\x0c\xe1\x7f\xde\xbf\
\xeb\xae/=\xd1(^\x83>]\x81\xad\xe3\x90\x7fr\
3\x19v\x0e\x80\xbc\x14$\x99\x84%\xfd=\xb0r\xcd\
a4\x0707\x9b\xa5}\x01\x0c\x0f\x02\x10\xc3\x01\x87\
\x10\xb8\x10\x80\x89\xff\x95\xad\x02\xae2\xb0G\x19\x8a\xcd\
\x83\xb5\xe4\xbf\xd8E\x98]\xe7\xc0\xee\x13\x02\x04\xf2\xfe\
b\xdf\x00\xb6R\xea\xa8\x15\xa4\xf4\x05\xa2\x8cw\xcb\x91\
\xcf6\xe2\x00_K\x0d\xa8I@\x05z?\x12P\xc5\
\xf7l\xcb\x80\x0a\xb4*%\x10<\x0c\xa8s\xd8\xeeB\
\xe2|\x81\x00LP\x80\x19\xeb\x93.\xee\xa9v\x88\xb5\
u\xd0\x8a&\x09\xbeB\xb1L\xe7\xcb\xa0]z\xab\xf6\
\x9b\x95\x1d's5^\xf9\xd8\xae\xbb\xbe\x9ck\x14\xab\
*k\x98\x00\xda\x0f\xf9G$\xb6uS\x05\x90l\x83\
%}K`\xe5\xc1GP\xd0g\x08\x01\x90\x10\xa0b\
\x13\x00\x0f~\xb2\xad\x0c\x05\x024\x0d\x8a\xe0\xe7\xa4\xbf\
\xca\xfbK\xad\x03,\xd8\xeb\x07\xbf<\x91\xa8\xb7\xf7w\
\xc1\xad\x09\xdb\x8dV\x09\xcf\x04\x12\xd0\x85Cx\x15\xe0\
\x12\x817\xf8\x1b$\x01E^@\x19\x0a\xf8\x01\x7f\x01\
\xd9}\xcf}\xc0'\xe5x\xd0/4\xdb/\x93\x04}\
>H\x86?F\xde\x93\x11\x87h\xb2\x13\x22\xb18\xf5\
\xf0D\xea\x17\x0a\xe6<\x08dz\xf2\xaaSi\xf4\x19\
\x98\xc5\x0f\xeaY\xbb\xef\xfe\xcao\x1b\xc5\xa8\x9f5\x85\
\x00\xdc\x0bY\x0a \xaa\xd3\xc4Fo?&\x805G\
\xd0q\xca\xe9\x19L\x00\x99<\x13\x02\xc8\x04@\x94\x83\
\x1c\xffG\xb8\x04\xa0\x98\x1c\xf4J\x0c\xf2=\x03=\x9a\
\x04U\x0a\x80\x95\xfcNOA\xf0\x07=\x03ro\x12\
`\xee\x92\xa2\x8d_\x95\x1aPW\x93O\xf8\xc7){\
fM\xc8\x18\xaa\xbc\xbe\xb9\x97\x0d\x05\xd4\x99}w\xa1\
&\x81\xda\xe0o\x8e\x0aP\x96I\xc7\xd69\x90\xa7V\
;~\x1d\x04@\x7f\xb0\xe3\xf5\xa3\x10\xc7\x8a8\x92H\
\xd1g\x824\xe9\x15\x0a%\xfa\x96!2M\x9eQ\xb5\
\x95\x82\xfd\xbch\x0f\xe1\x7fN\xde\xfd\x87sv4\x8a\
\xcfZ\xd68\x01\x1c\xfc\x0f\xdc\xeb\xc1\xcd6M\xac\x00\
\xda\x93\xd0\xbb\xb4\x17V\xae=\x82\xde\xac9L\x00\xf9\
t\x8e\xf6bR\x12@$\x22\xc4\xfa\x11un@\xe8\
\x13 \x86\x06R\xa7 \xbf\x96\x01%\xf0\xf9m\x17\xfc\
B\xd3\x9fW\xb7``\xc9\xc1\xbd\xcd\x92\xe7\xe7\xee\xbe\
\xaa,\xa0!n\xc1\xad\xb1\xcduN\x91\xc2\xeb\x07\x0a\
\x05|U\x81\x82\x04\x9cX\x1e$\xf0KY}\xf0\xce\
\xf0\xfb\x02\x1f\x02\x90\x82ol\xef\x07\xee q\xbez\
?\xc5\x80\x95\xe1\x8f'bt6_=\x1a\xa3\x1e\xde\
\xf4\xfa%\x98/\x96\xac!\xd5\xc8\xba\xab\xb4\xe2+\xf8\
\xd9\xf9&>\xec\x1b{\xee=\x97\x1f\xdf\xd3\x22k\x0e\
\x018W3/G_\x0c\x9a\x22\x04\xd0\x0f\xab\x0e9\
\x82\xde\x94\xb9\xe9\x0cd\xe7\xf2\xf4\x1d\x81\x1a\xeb\xf5\x19\
\xf0/\xa8iP\xd3\x94\x89A/\xe0\xf3-\x03\xb6\xbc\
W\x01\x9fW\x01*\xf0\x8b\xd2_s\x99\xc0\x814G\
\x02\xdc\x1d\xd7j\x00\xde\x1ez,\x9b{\xc3=\x9e\x91\
\x1a\xc0\x17\xb7]\xf9/+\x00\xf3\xd8\xe0$\xe0xo\
\xaf\xa4\xa0G(\xe0\xad\x02\x98q\xfa\xf4\x04v\xdc>\
\x00\x1b\xb7\xd7\xf2\xf6\xfe\xfd\x01\xea\xec\xd0\xa3 \x00;\
_O\x06\x9e%\xe2q\x88\xb4a\xc9\x1fK\xd0N=\
\x15\xec\xe9\xf3\x18\xf8\xa6\xe47\xdf\x92\xc5&\xfa\xf0s\
\xb2\x1d?\xa3\xef\xdf}\xcf\xb9\x8f4\x8a\xc9z\xac\x09\
\x04\xf0N\xbe\x15@\x03:\x1a\x8f(\x80~L\x00+\
\x08\x01T\x89\x02\xc0\x040k\x11@\xc4\x8f\x00|r\
\x01\x9aG^@\xea.,\xf6\x0cT%\x02\xbdU\x80\
\xe3\xf5\xb9\x16\x01/\xd0\xabI\xc0\xcb\xfb\xcb1\xbf\xbe\
0\xcf\xaf2\x8a\x19CQf\xad(\xb6y9o\x1d\
\xe2\xb0\x03C\x0e^$\xc0\x9c\xaf\x02\x7f\xbd\xa1@\xf0\
\xec\xbeW\xf9B\xe7\xe8WO\xc8\x19\x94\x00L\xaf\xaf\
A4n\xc6\xfa:&\x00-\x12\xa3#\xf5\xe6\x8be\
(\x14\x8bP\xc4\x04@\xba\xf5:\x89>\xf7\xa9\xf85\
\xbe\xc2\x99\xc3\xeb\xcf\xf3\x9d\xc2\xbb\x15\xd68\x01\xac}\
\xa74' U\x00\x1d\xed\xd0;\xd0\x07\xab\x0e>\x92\
\xde\xb4\xf4T\x062s9\x9a\xec\xf0W\x00\xaa\xbe\x01\
\x11u\xdf\x00)\xfe\xaf\xa7_\x00\xef\xed\xd5*\x00d\
\xf0{\xf4\x05\xa8\x07\xf8\xfc\xfb\x05\x9c#\xea\xaf\x151\
\xa9'\xec3K\x98\x97ur(w\x89\xa0\xa6\x1a\x10\
\xc1\xefE\x02\x81=\x7f\x0d\xf0\xd7h\xe7\xf7\x8b\xff}\
\xbd}\x90\x11yu\x12\x00\xfd!\x9aF\xbd~<\x11\
\xa5\xc3\xe0\xb5h\x94>g\xa4SO1?O;\xc0\
\x91&>\xc3\x9a>\x8d\xa9\xe04~.\xffs\xcf\xfa\
o\xf8N\xdd\xddJk\x02\x01\xfc\xbd\xd5\x0c\xe8^*\
\xa2G\xb1\x02HA\xdf2\x93\x00\x88x\x9b\x9b\xcc@\
n.K\x873\x06!\x001\x09\xe8\xdf4\xc8\x93\x01\
\x9f\x13P\xf4\x0b\xf0\xf2\xfe\x0e\xd8\xfd\xc1\xcf\xf6\x16t\
\x7f\xbaL\x02\x9a\x1b\x0b\x00\xffNA>A\xb8\xd0\x0a\
\xf1i\x01\xe4\x09AT\x06\xc8\xdd/\x83\x9fU\x03\x0a\
\x05`\x03\x9b\x05/{Mg)\xab\x021\xfe\x97\x89\
@1\xcf\xbf\x02\xe0\x9es\xf4\x07\x89\xef}c\xfc\xe0\
q>\xf5\xfa\xe4\xb3t+\xc3\x8f\xe5\xbe\x1e\x8b\x12\xef\
G\x7f/\xe9\xc9\x97\xc7\xc0\xcf\x17\xe7\xa1D\xc0\xcfL\
\xd9e='\x8f\xe3\x93O\x1c\xbe\xef\x9b\xdb\x1a\xc5`\
#\xd60\x01\xa4\xd6\xfe\x1d3\x18\xc8|\xe0iW\xe0\
NL\x00\x83K\xe1\x80C\x8e\xa4\xb1\xce\xdc\xe4\x1cd\
\xe8\xab\x9a\x0c\x0aN\x13\xf4\x0c\xf0\x1d\x12\x88x\xe7\x02\
\xc4\xd0@\xd5*\xa0\xb1\x1d\x87\x04\x05\xc0\x85\x00 \x00\
\x9e\xe9\x0a,\x01_h\x0eds\x04Lf\xdf\x05<\
\xeb\xf1\x15\xc0\x17\x9d}=\x0d\xff^\xc6ze\xa7\xcc\
\x9f\x08XE\x80\x04\xc0K\x99|\xf0Q\x02\x01\xf2\x01\
\xb5\xc1\xef\x1f\x02\xf8\xc7\xf9A\xf2\x00\x0b\x9c\xac\xc3+\
\xd1g\xf53!^?\x91\x8c\xe3oi>\x8fd\x16\
&2\xf3U.gJ~:\xc5\x9a\xf5\xdd\xac\xda&\
I\xb0\x0b\xf13y\xce\xf0\xfa\xf3\xf7J\xa2\xcf\xcf\x9a\
B\x00\xf6\xa5\xec\x8b\xe9\x91($-\x02Xu\xe8\x91\
t\xbe\xb9\xb9i\x8b\x00H\x0e@3g\xeeQ\xab\x00\
o\x02\x10\xf3\x03\x9e\xc3\x859\xf0{\x0d\x08\xaa\xad\x00\
\xd8\xf9\x01\xc5q\x02j\xe9\xaf\x06>\x0bz\xb6\xc7\xa0\
\xb2\x12\x16\xd8\x0b\x08)\xf6y\x92\x81\x07\x11\xf8\x11B\
s\xc0\xcf\x97\x89D\xe0n\xd7\x8a\xe1\xeb\xf4\xf8\xb5\xca\
\x8d\xe0\x04@\xbc>y\xde\x22$\xd6\x8f\xc7\xe8l=\
X\xd3\xd2a\xf9\xa47_>[\x84\x5ca\x1e\xca8\
\xee\xaf\x92\xe1\xbb|\x8f\xbe\x9d\xf8\xe4SF\xfex\xc1\
\x03\x8d\xe2\xaeY\xd68\x01\xac\xf9[\x04\xdc\x03nz\
\xf7d\x07&\x80\xe5\x03\xb0\xea\x90\xa3\xe8M\x98\x9d\xc0\
\x04\x80C\x80j\xd9m\x05\x88\xb0*@A\x00\x0e\xe0\
\xe9|\x7f>\xdd\x86=[\x054Y\x19\x88`\x97T\
\x00\xeb\xf5\xd5\xe0W\x83\x9e\x91\xfe\xcc\xe4\xa1\x1c\xf0\xed\
\x90\xc1\xb9\xfb\xf2\xed\xd7<7@B\xb9:\x04P)\
\x01\x86\x0c<\x88\xc0\x01\xbf\x94\x1b\xf0'\x01\x09\xfcR\
>@\xce\x0d\x04Q\x01\xde\xc0\x0f\xf2f\xdezF\xf3\
\xd5\x98\xac\x83\x19\x14D\x8cL\xccI\x9a\xf6H\xa2\x8f\
\x84\xb6\x08\xd7!9\x86d\xf7\xb3d\xdeK\x92\xe8+\
\x99\x92\x9f\xd6\x9f\x93\xe9\xd3\xae\xc3N\xe1\xc3#\xf7_\
8\xd7(\xe6\x9aiM\x22\x00\xebRNO\xc0(\xa4\
\x08\x01,\xc3\x04p\xa8E\x008\x04 \x9d\x81\x0c\xb1\
\x19\x90\xcc\xdf\xc7t\x04\x12\x09\xc0\xe9\x1c\xc4*\x03M\
\x97C\x03\x8e\x04\x14\xc9@\x1f\x05\xa0\x8b\xa0\xe7\x80_\
\x1b\xfcN.\x00\xdcW\x90y\x02_\xf4\xfc>M\x00\
5\xf0\xcf\xefA\x8ac$\x15\xa0&\x02{\x0e:9\
7P?\x09\xf0-\x01*5P[\x05\xd4\xce\x01\xd4\
\x01\xf6\x80#\xf9\xfc\x08\x80~a\xcd|\xe3u[2\
jz}\xabY\x92\x0c\xd7%]\xdc\xc9_\x11+\x00\
\xe2\xe0\xb8D\x9f\x06\x19\xfc\x1c~j\xe4\xfe\x8b\x7f\xde\
(\xd6ZaM \x80\xbfA\xfce0\x0c\xc8\xc4\x06\
8\x04\x18X6\x08+\x0f=\x9a\xde\xe4\x99\x89Y\xc8\
\xcc\x10\x05Pqf\xfbeA\x1f\xd1u9/\xe0\x10\
\x80\x18\x0a\x04\x9dGP\x06\xbf\xaek\x9eD\xc0J\x7f\
\xb7e\x008u\xe0\x80\x9e\xe9\x1b@K\x99\xc9D\x9c\
\x1b\xeb\xb9\xee\xdezo\x8f\xefU5\xa8\xd6\xaa\xac\x02\
\x84m\x84\x5c\xb6\xe0\x01\xcf\xab\x81 K\xd7\xf3+\x08\
A\xf2\xfcAB\x80\xa0\xc9\xbd`1>\x05\xb9\xe1\x9e\
+\xbe\x80\xd3\x97\x00,\x12#\xcff,A\xc0\x1f\x07\
2\x9c\xafB\x13z\x06\x14i\xac\x8f\xbd~\xb6@\xbd\
>\x9dJ\xdd\x9a\xf3\xd2\xaa\xc3\xa7\xf0\xc3w\xe2\xe8\x03\
\x17\x0f5\x8a\xb3VY\xe3\x04p\xd0\xdf \xd1\x8b\x99\
9\x80v\xe8_A\x14\xc0\xd1t&\x13\x87\x00J\xa6\
\x02\x88\xb0\x1e\xdf\x92\xff\x91:\x08\xc0\xbbiP\x9c0\
D5a\xa8\xec\xfd\xe5\x89AX\xe0\xf31?\xdbc\
\xd0\x8e\xf5\xdd&AP\x03_\x05z/\x22\xa8\xc3\xb8\
,\x00R\x97\xb1D\xa0^g\x81\x1a\x9c\x04Xp\xdb\
-\x032\xf8}T\x00\xb3/X\x18\xb0\x90\x81<\xa2\
\xc4\xe7\xaf\xe3I\x00`v\xc5\xa2\xcd{m\xe4\xfd\x15\
Q\x0c|,\xed\x09\x01\xe0g8\x97\xcdC6\x93\xa7\
\x09\xbfj\xa5B'\xec`\x1a\xf6\xc9C\xfe]\x5c\xf0\
\xe5\xd1\x07\xbfWi\x14c\xad\xb4&\x10\xc0;\x90\xa0\
w\xad\x1c\x00&\x80\x95\xcb,\x02\xc0\x0a`|\x06\xb2\
\xd3\x19+\x09h\x1e#\xe7\x00\x22\xd6\xb4\xdd\x91\x1a\x04\
\xa0\xe8+P\xabi\xd0\x01\xbc=\x18\xc8K\x05\x889\
\x02\xf37\xa9\x06\x09y\x81_\x05|\x11\xf4\xb2\xb3\xaf\
\x8f\x088\x9f\x8e\x14\xe5\xe2.O\xf0\xdb\xa0\x95C\x82\
@\xe0Wz~\xbf\x84 \x9f\x14\xac+\x0c\xa8A\x04\
\xe0\xa3\x04\xbc\xe2|\x89\x00,\x024_\x5cC\xbc~\
\x8cz\xfd\xaaQ\xa6\xc7\x16H\xbb>\x06>\x91\xfc\xa4\
\x83O\xb5b\xaa\x01&\x07\xb4\x1b\xb4\xc8\xa9\xa3\x0f}\
\xf7\xbeF\xb1\xb57\xaca\x02Hb\x02\xe0\x1e]\x0d\
,\x02\xe8\x84\xa5\xab\xac\x10\xa0\x8a`\x9a\x10\xc0L\x1a\
*\xf3U\xd3\xf33!@\x84Q\x01\x0e\x11x\x12@\
\xc0\xc9D%\x05`\x83\xd8N\x04\xea\x92\xf7\xf7\x06\xbe\
\x0c~\xf6\x95c\xf4Hqinp\x92\xbf6\x09\xd4\
i\x01\x81/\xee\x97\xc1_\x1f\x09\x04\x06\xbf\x97\x0ap\
bz\xfb\xb3\x15\xe0\x07/\xf0\x0b\xf1y\xc0P \x08\
\x01\x98\xf5\x80\xacN=qH`\xcf_\xae\xcc\xd3\xcf\
\xa9T\xccX?\x93\xceA!g\xbf\xfb\xd0\xfe\xae\xf6\
\xb3\xaf\xdf\x8c\x9d\xcb\x19\xd8\xeb\xcf4\x8a\xab\xbdeM\
 \x80\xb7#\xde{i\xd4\xb3'\xbb:`\xe9\xca\xe5\
\xb0\xf2\xb0\xa3iFtz|\x1a\xe6\xa6\xd2`\x94\xcc\
\xae\xc0.\xe8\x19% \x84\x04\xb6\x22\xf0#\x00\xef\xa6\
A\xc5\x84!\xb6\x02\xb0\xfft5\xf0\xc5~\x01\xee\x8c\
@2\xf8E\xaf\xef\x0f|\x91\x04$\x1a\xf0\xae\x1d\xef\
\x0c \x97\xd5w\x17\x02\x19\xb0D\xa0T\x00n\x19\x1b\
\x8b\xbb\xa7\x0a$\xc0%\x03\x15\xd9|{\x9f\xb8\xce6\
\x0d*\xc0\xef\x9c_\x8f\xb7\x0f\xf2\xe2\x8d\x1a\x04`\xbe\
9\x8d\xbc\xd1\x8aL\xcc\x19\xa7o\x81+\x95\x8a\xf4\x18\
2p\x87\x00\x9fx\xfebq\x9e&\xfa\x0c>\xd1\x97\
\xc3\x0f\xf5g\xc6\x1e\xfe\xc1\x15\x8d\xe2io[\xe3\x04\
\xb0\xfa\xedf\xad1\x9e/Bs\x00\x98\x00\x0eX\x0e\
+,\x02\x98\x19\xc5\x040\x9d\x86\xaa\xa0\x00\x22\x8c\xe7\
\xf7l\x16\x8cx\x11\x80\xc7\x94bRrP-\xffu\
M\xf3U\x00\x12\xf0\xe96\xd3\x94h\xfdng\xc9\x02\
^E\x02*\xd0K\xab\xb5\xaaDL\xf0\x89{E2\
@\xd2z0\xf0\x8b$\xc0'\xf0|\xd5\x80\x97\x0a\xa8\
\x09~Y\x09\x88\x09=\xdf\x90\xc0\xb3=\xdf\x9f\x00\xe8\
3K\xbd~\x8c&\xfa\xca\x95\x22\x8e\xf7\xcd\xf7$\xe6\
s\x05\xda\x85\x9d,\xcb\x98\x08*\xcc\x0bQ\xad\xba|\
\x16\x83\xff\xc4\xb1G~\xf0j\xa3XZ\x0ck\x02\x01\
\xfc\xb5\x94\x03 @N\x11\x05p\xc0\x0aX\x8eC\x00\
2\x18hzt\x0a\xd2\xd3sf\x12\xd0\xee\x08\x14\xb1\
\x9b\x01#r\x0e \xc2\xe7\x01\xb8\xbc\x80g\xb7a\xaf\
y\x04\xf9\xd9\x81$\xe0\xeb<\xc8U\x0a\xa06\xf8]\
\x90\xbb\xdd|\x15e\xce\xb6p\xfbkt\x09F\x9e\x1b\
f\x81H\x08,\x11\xc8\xf2\x9fY\xaf\x93\x04j\xa9\x01\
1!({~E>\xc0#\x0cP\xe7\x01\x162+\
\xaf\x9a\x00\xac4\x0eD\xe8d\x1d\x09\x88$4(\xce\
\xe7\xa8\xe4\x9f/\x94 \x8b\xbd~6\x9d\xa5m\xfc\xe5\
r\xc5jMp*\xc8\xc0\xcf\xd3\x0f\xf0u\xbe0\xfe\
\xe8\xa5\xe5Fq\xb4X\xd6$\x02\xe0/E^\x01N\
B\x80\x81\x03W\xc0\x8aC\x8e\xa1C\x1fgF\xa6\xb0\
\x02\x98\xa5\xf2\xc9n\x06$c\x06l5 \x87\x04B\
\xb3\xa0\xaa\xe7\xa0fu\x12\xe2\x00\x1f\x91\xbc\xbf\xce\x0e\
\x06\x0a\xac\x02\xf8\xae\xc2`\xe5\x0d\xc4\x11\x82\xe6\xaa\xec\
\xf5\xdd\xc4 \xdf\x05P\xdeVT\x83\xaaV\x90\xba@\
V\x02n<\xcflq\x80w\xcak\x91\x80\xd8:\xa0\
R\x00\xac\xe7f\xc1\xef\xa7\x02\xc4\x1c\x80W\x1e p\
\x02\xb0~\x02\xb0sUD\xf2'S\xc4\xeb\x97\xa0\x84\
=?\xe9\xa7B\xe6\xae\xcc\xcef!\x93\xcdS\xf9O\
z\xf4\xb1\xcd{\xb8\x0e\x87\xf1C\xf4\x81\xf1G\x7f\xf4\
\x87\xc6!\xb8\xb8\xd68\x01\x1c\xf8\xd7\xc8n&\xb3\x8d\
\x10@\xaa\x9b(\x80U\xb0\xec\xe0\xa3(\xa3N\x11\x02\
\x98\x14\x08\x80\x95\xfd,\x098}\x03\xd4y\x01\xd5\x1c\
\x02\x5c.\xc0+\x04\x90\x80\xcfxt1\x1f \xa9\x00\
\xdd\xed\xfa\xcby|\xef\xf8\x9fk\x1d\x10\xd7\xe5E]\
V\x0b\xf8J\x22P\x85\x02\x0e\xe8Yol\x1d'\xc9\
~\x83\x01\x7f@\x15\xa0 \x02\xd9\xf3{\xe5\x01T\xc0\
\xae?\xceg\xf7\x99\xed{\x08{\xfd($\xda\xe2\x10\
k\xd3\xa1\x90\xcf@\xd5\xa8@y\xbeL\xe5~6\x9d\
\x81|\xa6\x88I\xa1bv\xeaa4?~\x0en7\
\xc1\x7f\xe9T\xa3\xd8y-XC\x04\x80o\xaa\xd6\xb5\
\xf6o\x8dh\xcc\x02`\xd4\xcc\xde\xc7\xe2qh\xef\xe9\
\x86\xfeU\xcb\xa1m\xe9*\x1c\x02`\x02\x18\x9e\x84\xf4\
\xe4\x1c\xed\x08D\x92hv\x08\x10\x11\xc2\x00\x99\x10l\
\xd0\x0b\xa1@\xa4F\xd3\xa0\xa6R\x01\x8c\x12\xd0\xebP\
\x00\x16\xf8\x81S\x05\xe0\x80]9L\x18\x98\xb6\x7f%\
\x09\x08U\xa0\x05\xab\x0c\x11\xe4^\xe5\x88)T\x11A\
 \x12\x10Z\x07\xbcB\x01\x11\xf0\xee1B\xeb\x80\x18\
\x06\x04\xce\x03\xb0s\xea\xa3\x80\xf3\xf1\x09\x04`}G\
\xfa\x86h\x9a\xe8k\xc3\xf1\x7f\x09\x8a\xc5\x0c\x05y1\
[\x84\xccl\x062X\xf2\x93A<\xd5J\x99\xef\xc7\
\x0f\x90\xd7\xf4\xc8\xd9\xe3\x8f]\xf6\xff\x9a\x0d\xc2\xc5\xb4\
\x86\x08`\x1dB\x91\x8f\x1f\xfdO\x15\xd2\xed7\x89c\
(\xdat\x12K@[{\x0a\xda{\xbb\xa1o\xc5r\
\x18\xcb\x99\x13 \xcc`\x02\x98%\x0a\xa0Tu\x93~\
\x0e\xe8\xa3\x5cs \x97\x18\x94\x9a\x08\xfd\x07\x10Is\
\x09r\xde\xdeM\x04*\xf3\x00\xc0\xec\x03\xbb\x03\x900\
~\x80\xde5\xbe\xcf\x80\x04~_\xefonkv?\
q\xb9Y\xc0\xdbx\x94\x0bEHq\x08r\x9cWM\
\x05Pc\xc9\xe5\x03\x18U\xe0\xd9\x0a\xe0\x01~9\x0c\
\xa8\x1d\x0a\xd4=Y\x87H\x00d\xb8\x8ef\xe6\xa6H\
\xa7\x9ex2\x86\xe3\xfa4\x95\xfd\xd5r\x99\x8eQ!\
\x13\xd6\xe4\xb39\xaa\x02\xaaU!\xd1\xa7\xe9\xcf\xe3\x87\
\xe9}\x13\x8f]\xf6rKP\xb8\x88\xd6\x10\x01\xbc\x84\
P\xfc\x9doy\xcf<\x99\xff\xbf=\x95\x82\x14f\xd5\
d2\x09)L\x00\x1d\xbd\xbd\xd0\xb3b\x10^\x1c\x1a\
\xa37szt\x12\xb2X\x01\x90\xf6S\xa7\xd7\x1f\x06\
~Dw=>%\x01\xa9i\x90\xe9+\xa0E\x9c\x98\
_\xf3\x1d@\xc4\xbeNL\xe3\x89@\xd7@|s\xb0\
\xac\x02tE\x87 &\xb1\xa7\x00\xbf\xe7\x8c@~$\
\xc0\xdeL\x03\x09\xd0\xaemlL\xefn;\xff(\xc0\
\xcf{\xf4\xa0$\xe0\x19\x0a\xb0\x80\x95\xc0\x0d\x0c\xa8\xd9\
d\xa0G(\xe0\x93\x08T\x92@\x10\x02\xb0\xee\x83N\
\x13}1\x1a\xeb\xa3H\x15r\xb9Y\xea\x94H{~\
z&\x0d\xd9\xb9\x0c]'\xea\xb4j\xb0\xc8\xa7\x89>\
\xe2\xf1?7\xf1\xc4\xe5\xa5&\xe0\xed5g\x0d\x11\xc0\
\xfam\xdb\xda>\xf2\xfe\xff.\xf4-]\x0a\x1dX\x05\
\xb4\x11\xf0\xa7\x92t PgO\x0ft-\x1b\x84\xa7\
^\xde\x05Q\x1c\x12\xe4\xb0\xbc*\xa4s4\xa1b\x87\
\x00\x9aG\xcf\xbf\x885\x14\x98.\x85\x91\x80\xce0a\
\x8f.\xc0\xf61\xe0l\xbb\xde\x9f\x80\xd2\x9c\x1eL\xa7\
?]g\x9b\xf7\xac?z\x0e\xd9\xab\xbbM\x80\xe0\xc4\
\xfdn\xc2\x8f\xf7\xf4\xd6\xba\xe5\xd1\x9dT\x11\xb8\xe7\xd9\
\xb7[c\xef8}X1\x9c*\xf8a\xad\xb8\xbd\xd1\
\xfcL\x049_\x8e\xa4c\xb8\xf5 a\x80\xa7\xe7g\
I\xa0\x96\x0a\x10\x80l_O\x01~\xb7\xaf\x80\x1f\xf8\
\x83\x92\x00\xdb\xa3\xcf|\x97\x1ey\x9e\x88\xd7'm\xfb\
\xf9b\x1a\xe6\xe7\xf3P\xc1\xcf \x99\x9c&=3\x87\
\x979(a\xc9O\xde\xbc+\xdc\xd21M\x8b\x9c1\
\xf1\xe4\xe5w\xb4\x0e~\x8bo\x0d\x11\xc0\xc3\xbbP\xf2\
\xc3\xa7\x9c\x92\x1f\x5c>\x88\x09\xa0\x83\x82\xbf-\xd9\x06\
m\x1d\xed\x98\x00\xba\xa1\xa3\xbf\x0f\x1ey~\x1bt\xe2\
p\x80TF\xa5\x5c\xa5\x0f\xbc.M\xdd\xc5\x80\x184\
n\xca/\xbb)\x0f,\xcf\x1c\xd1mPG(\x91H\
\x13~2\xb3\xfe\x80\x1d\xf7\x03#\xf1Y\x10\x0b\x1e\xdc\
m\xebw\xf7\x01b\xbc\xbb\xb9\x03\x5c\xcc\xab;\xfcp\
\x80\xb7\xcf\xb4%?8\x5cC\xb7\x8d\xb2\x01\xe5B\x19\
\xcay,=\xb1:\xd2\x90\xf8\x1c\x82/)\xa8U\x00\
\x92\xd7=\x15\x807\x09\xb0\x1dyd5\xa0P\x01b\
\x02P\xcc\xf4s\xe0\x17\x8fk\x94\x00\xf8w\xefa\x1f\
\x01Q\xfa\xde=2E\x17\x82lf\x06{\xfd2\x8e\
\xef\xe7\xa9\xd7'M\xd2\xb4m\xbfTf\x9a\xf7\x90\xdd\
\xdas'~\xbeN\xc5^\x7f\xa2\xb5\xf0[|k\x88\
\x00\x9e\x1a\x1eN}\xf0\xf4\xaf\xeeX\xb9jy\x7fW\
W\x17\x96\xff\x18\xfcD\x01\xb4%!\x86I \x8e\xff\
\x22\xb8\xcc\xc0\x15Q\xaeTav6\x0d\xc3\xc3#\xf4\
\xc6\x9b\xcd*n\x10\xac\xb1\xcf\xb8\x83*\xb7\xd1U\xa9\
\x8f\x9dC\x98\x0a\xb4\x0d\x99\xd7\xb7\x1f4\xabP\x8e\x97\
\xc1\x9a\xda\x099\xf0\xb0\xf6 \x06X\x88)\xe6\xcbl\
\x8f\xa7Ye\x0e\xe8\xc4\xeb1 %\x0a\x83L\x1f\x15\
M\xc4\xe1\x1d\xef:\x03*\x18\xfc\xa5\xcc<%\x01\xda\
\xc3,@,\xa0\x22\x05$\xfe\xb6\xc0\xe0\x97\x97l\x92\
O\x1d\x0a\xf8\xab\x00\xd9\xf3\xbb\xd7P\xf5\x0d\xa8\x05~\
r\x80Q\x8b\x00\xe8s\x84\xa8\xd7\x8fa\xaf\x9f\xecH\
@a>\x0b\xf9\xfc\x1c\x9d\x8c6\x97\xc9Azj\x96\
&\xfb\x08\x11\x902\xf39t\x1e\xa8\x22\x06\xff\x17&\
\x9f\xfa\xe9\x0f\x1b\xc1\xc5\xbed\x0d\x11\xc0\xb6m\xa8\xed\
\x84O\x9eu\xd7\xaa\x03W\xfe%y\x13p2\x99\xc2\
qV\x123o\x8cz\xed\xaaf\xbe\xe6\xb8l\x98\xa3\
\xa7v\xed\xda\x03#\xc3\xa3t\xe6\x14\xf3\x81a\x12_\
\xb6w\x94\x92a\xecW\xd4\x1c\xa6p\x8est-\xe2\
\x1ez\xab\xd0\xda\xb6\x80\xcf\xb9W;F\xb4\xae\xe7<\
\xf0\xee\xf5\xd8k;\xd7s\xb6\xad\x07\xde9\xdf\x05\x80\
]\xae\x01\x0bJd\x8d\xb6E\xce{\x13\xbap\xe8\xf4\
\x9e\x0f\x7f\x01\x8c\x92\xe1\x10\x00i1\xf1'\x00\x04\x22\
\xf6E2\xe0\x88\xa0Q\x12P\xa8\x01^\x05\xb0d\xe1\
O\x06R\x1e \x80\xf7g\x09\xc4\x8f\x00\xc0\x92\xfc\xb4\
y/\x19\x83h[\x04\xe6\xd2\x93P\xa9\xccc\x89?\
\x0f\x19\xec\xf5I?\x94|:\x0f\xa5\xf9\x92\xf5\x06_\
6\xde\xd77b\xe5\xf9\xbe\xc9'\x7f\xfaB#\x98\xd8\
\xd7\xac\xb1V\x80u/\xc5/\xf9\xed\x8f\xbf\xb3\xea\xc0\
U\x9fX\xbal\x00R\xd8\xdb\xdb\xaf=*\x97H\x13\
K\x11\x0a\x052#j\x01\xa6&\xa6a\xf3\xa6\xad0\
3=K\x07\x07)\x01\xceJm\xa1w!\xf7\x95\xd9\
S8\xaf\xc7\x80\x9d\x017G\x02L9r\xca]@\
\xbb\x08\xb1\xbe#s\x0c\x9bL\xd3@x\x80\xd8D\x1b\
\x12?\x1b\xb8\xcf\x89D\xc9X\x89n\xe8?p\x15\x9c\
\xf2\xb9\x8b\xe8\xfd\xa8dJP\xc1\xb1\xa8\xa1\x22\x00\xc4\
-\xb8\x1d^d\xa0\x0a\x05\xf8\xa5\x0f\xf8}B\x01Q\
\x05\xa8\xc0\xcf]\xc7\xcb\xf3s\xe0W\x13\x00\xbd\xb2a\
\xa8\x09@\x98\x92[\x8b\x92)\xb9q\xac\xdf\x1e\x87\x8a\
Q\x80\x0c\x96\xfc\xd5j\x85\xc6\xf8s\xd3d$j\x9a\
\x8e\xe4\xab\xe00\xcb\xee\x08d\xdf2,\xf7/\xc7\xcb\
\xff\x9a|\xfag\xf3\x8d\xe0a_\xb4\x86\x08\xe0k\x08\
\xe9\xc3\xe7^\xf6\xa6\xf1\xf1\xa9\x07\xd7\x1e\xbc\xa6\xad-\
\x95\xa27\xbd\x5c\x9c\x87<\x01~\xbe\x80\xa5V\x1eW\
F\x0evc\xe9\xbfk\xc7\x1e\x5cVd>]\x00\xb6\
\xb3\x10\x88\xc0S\x0d\x90%\xe2\xbd\xb7\x14\x16\xb8s\xb0\
k,\xe0\xe9q\x06\x07\x14I\xf6\x0b\xeb\xee\xb1\x0a\x80\
\x0b\xe5HE*\xd6q\xa4\xdfy\xb2\xbb\x1b\x06V\x1f\
\x04\xa7}\xe1;\x00\x98\x00\xca9L\x009\x0f\x02\x90\
\x8c\x89\xdb\xed\x126\x0f\xc0\xad[\xf7\x86\xf9\xae\xa8\x06\
\x09\x88\xb1\xbd\x17\x11 \xeb\xfe\xfa{~1\x0f \xe7\
\x02D\xf0s\xd7\xf0!\x00\xfb1 \xfdPb\xa4S\
O*\x8a\x9f\xb5)\x98\x9f\xcfa/_\x86\xec\xcc\x1c\
\xed|F\xba\xf4\x12\x15@&\xec\x046\xcb\x0f\xda\x04\
\x96c\x1f\x9az\xfag\xb76\x82\x83}\xd9\x1a\xeb\x09\
\x88\x90\xb6a\x0cR\xdf\xba\xe8\xe2\xf3;\xbb\xbb?\xd5\
\xd3\xd3\x0d\xe5\xf9y\xea\xf5\x0b\x18\xf8\x04\xec\xf9B\x01\
fqE\xec\xdc\xbe\x13{\xff9\x9a\x81\xe5\x9b\xc0\xb4\
\x06\xd5\x00\x83\x04\xd6\xf3\xb2\x00&\x0f\x8c\xe6\x02Qc\
\x80\xcdzu^\xea\x0b!\x80\xe6z%\xfex\xa4<\
\x17\x09\xa0g\xbf\x13\xed*\xdd\xd3\x05\x03k\xd6\xc0i\
g\x7f\x9b>\x94\x04\xfc$\x17@Z\x04d\x02@\xdc\
\xaa \xf89\x15\xa0\x22\x02\x11\xfc\xf6\x92'\x01\xa6\x95\
@J\xe6\xd5V\x01.pk\xe4\x01$\xf0\x0b\xad\x01\
bR\xd1\x83\x00h(E&\xe7l#\x92?\x81i\
\xa8\x0cs\x99q:9\x07y\x05\x1d\x01~zf\x96\
\xce\xd6S\xa5\xaf\xdcfz\xf4\x99\x83\x00\xee\xc1\xb2\xff\
\xe4\xa9g~>\xd6\x10\x06\xf6qk\xb8+0\xae\x0c\
\xfd\xa1=\xe9\xc1\xef_p\xe9-\xc9\xf6\xe4\x9f\x90\xd7\
\x1f\x93\x18\xabX$\xb3\xa5`\x02\xc8\xe5`\x12\xcb\xff\
\xe1=\xa3\x94\x18\xd8\xd0\x9f#\x82\xa0j@(7\xbf\
\x04XD \x80\x9f\x93\xf0\x8e\x1f\x04\x97\x04\xacrM\
\x00;S\xaeq`w\xc1\xc2\x1d+\xe5\x06\xac#\x95\
\xc4\x02f\x08\x80\xc9\x92\x12\xc0\x7f[\x04\x90-A5\
_R\x13\x00\x92\x8bd\x15\xa0&\x02/\x12\x90\xc2\x02\
\xcfP\xa0\x96\x0a`\x93\x81<\xf8%5\xe0C\x00\x1c\
I\x08\x04`8\xfb\xec\xbc\x0d\x06~L\x838\xf6\xfa\
\x09,\xf93\xd9i\xc8\xe5\xb1s!\x9dz\xb0\xd4\x9f\
\x9b\xc4\xdb3$\xd1W\xa4\x89>N\x81\x816\x8f\x81\
\xff\x95\xa9g\xaf\xfaN\xa3\xcf\xfe\xeb\xc1\x1a&\x00b\
O!\x14\xab\xce\x96\x06\xbf\x7f\xde\x0f?\x8bc\xfc\x8f\
\xeb\x11-F\x86R\x96\xe6\x8b\x90\xc5\xf2\x7fll\x02\
f\xa7\xe6\xe8\x94J\xdcGK\xc3c\x17\xaa\x06\x90C\
\x02vrQc&\xba\xb4\xc9\xc1\x01\x81\xa0\x06\x5c\x88\
\xc8j\xc0\xce+\xc8a\x86(\xef\xdd\xebk\xd2\xf7\x01\
\x8e\x1cH\xa2\x8a\x86\x00k]\x05P\xce\xcc\x83\xa1H\
\x02\x8a\xde\xdeYCL\x99\x07\x11\x04&\x01\xe4\x9e'\
\x82\xdfO\x05\xc8a\x80O\x1e@\x91\x0fPz\x7f\x81\
\x00\x0cnV^kJ\xee(y\xf1L\x0ck\x7f\x04\
\xb3s\xa3P\xc1\x0e\xa7\x90\xcbc\xe0\xcf@\x1a{\xfe\
|.K\x9bV\xeds\xddGK\x7f\x95\xf4\xe8\x9bz\
\xe6\xaa\xe7\x9a\xf1\xdc\xbf\x1e\xac)\x04@B\x81\xf5\xf8\
\xb9^2\x0b\x1dW^\xfa\x93\xb7l\xde\xba\xfd]\xb9\
t\xe6X\x1c\xfb\x1f\x9dIg\x06f\xa6g\xb0\x22(\
\x09I3\xeb\xe3\x9b\xa2\x06\x80\x8b\xfbm\x8fn7\xcd\
\x89`\xe6=\x02\xe2\xc1\xac!\xfeZ\x82\x9aP'\xff\
d\x95\xa1\xb1y\x03A!P\x02\xe8\xe9\xb1\x08\xe0b\
W\x01\xe00\xc0\xb7\x15\x00q\x0b\xe0\xc1\xcf\xaf\xb3\x04\
\xc1K{\x90<?\x0f~5\x11\x88*@\x0e\x03D\
\xf0+\xbc?(\x08\xc1\x83\x00\x0cf\xf0\x0f\xfd\x14\xcd\
|\xed<\x9d\x9c\xb3\xa3\x0d\xb2\x85\x19\xc8\xa4\xa7\xa9\xd7\
\xcf\xcd\xa6a\x06\xab\xcc,\x0e1\x8b92\xa2\xaf,\
&\x9a\x91\xa6\xe9W\xe2\x95OL=wM\x11Bs\
\xac9\x04`\x19\xae,m#@,29\x99HD\
\xa3\x91Y\xe8\x81xy\xa2\xf2\xe2}\xf7\x15N8\xe1\
\x84\xeab\xff\xd8\xc5\xb0\xb6\xa5G#Qy\x90\xf1\xe7\
\xc9\x9e%\x98\x00\xd6\xe2\x10\xe0\x22\x9a\x04\xacf\xe7q\
\x08\xa0h\x06\x94\xd4\x80\xcb\x02j\xf9\xcf\xac3\x04\xe4\
\xc6\xe9\xc0\x81\xde\x89\xdb\xed\xe3}\xc1/\x026`\x1e\
\xa0\x0e\x020\x14\xe7\x10\xafO\x13}I\xf2\xc6]\x0d\
\xa6g\x86\xa1T,P\x89\x9f\xc6^\x9fx\xfe\xdcl\
\x96*N\xda\xa3\x92UG\x9a6\xa9i\x91\x8f`\xe0\
\xdf\xb4\xd8\xcf\xc2k\xd1\x9aJ\x00\xc4\x08\x09\x5c{-\
\xe8K\xdf\x0b\xda\xdb\xf1\xf6}\xf7\xdd\x07o\x7f\xfb\xdb\
\xab\x9a\xc6u\xf5\xd9o,1p\xb4\x95\x7ft\x15\x86\
\x99\x03\xc0\x04p\xc8Z8\xf5\xec\x8b@\xc3\xd4H\x08\
\xc0\xc8\x99I@y2\x109&`\xc9@\x06?\xa3\
\x06<I@\x1d\x0a\xd4R\x01\xea0@\xec\x15\xb80\
\x020\x84rr\xafHW\xf0h\x1b\xf6\xfa\xa9\x04\x14\
+Y\x98\x99\xc5\x92\x1f{\xf8\xdct\x06f\xb1\xd7\xcf\
\xe0\xd0\xb2\x90\xcbA\x95\xf4-\xe1^\xbcI\xfa\x05\xe8\
\x7f\xc4\xecq\xd2\xd4s\xbf\x1cY\xec\xe7\xe0\xb5jM\
'\x80\xd0xK,=\x06\x89a\x05U\x00Kz`\
\xf0\xe0\x83\xe1T\xac\x00\xc8\x8cI\x06\x0e\x01\x8c<\x0e\
\x01\xca>\xaf\x8bs\xc0/\xaa\x00\x0f\xf9/H~\x15\
\xf8\xed\xa5/\xf8\xc5\x1c@\xcd<\x80\xba)P\xdd\xcb\
O.\xa7\xdfI3\xefS,E\x9a\xf7\x220==\
\x0c\xf9|\x9a\xf6\xdb\xcf`\x8f?;>\x0d\xb9\xb9\x0c\
\xde\xc6\x92\xdf\xa8\xbac\xfdM+\xe1X\xff\xdc\xe9\x0d\
\xbf\xbe`\xb1\xeb\xff\xb5n!\x01\xb4\xd8\x12\x03\xc7\xf0\
\xe9y\xb0\x14\xc0\x92%\x1c\x01\xa0\x1c\x0e\x01\xb0\x02@\
\xa2\x02\xe0\x9c?\xaf\x04x\x22\xe0\xe5\xbd\xa4\x00\x14$\
 \xe7\x01\xd4D\xc0e\xea\x15`6?\xcb\xf0\x06\xb5\
/\x01\x08-\x07$-\x14\xd1\xe8\xe8\xbdDg\x1c\xca\
h\x1e&'wA\xb9\x5c\x82\xfc\x5c\x16f\xc7\xa6\xb0\
\xd7\x9f\x86b&OG\x96\x22n\xc2\x0e\x9aS\xdaL\
\xbc>\x06\xffS\x8b]\xf7\xfb\x82\x85\x04\xd0b3\x09\
\x80\xac\xb9\xe0%\x9e-\x85C\x80\xc1C\x0e\x81S\xce\
\xbe\xc0\x94\xbf\x99yL\x02\x15&\x04\xe0R} n\
H\xe0\x97\xd4\x80L\x02j\xcf\xef\xa3\x02T\xd9|\xf6\
<)\x0f\xb0P\x02\xa0z\xdf\xfc?F$?\xf6\xfa\
\xed\x09\x98K\x8f@&=\x05\xe5\xf9\x12\xccMM\xc1\
\xec\xe8\x14\xed\xd1W\xca\x17\xc0 \xd3t\xd1\xf7R\xdb\
\xf7\x81\x8e\xe2\xf9\x05D\x22\x1f\x9b~\xeeW\x85\xc5\xae\
\xf7}\xc5B\x02h\xb1\xb5\x0d\x1c\x8b\x90\x8bDZF\
\x09\xa0\xb7\x17\x13\xc0\xc1p\xf2\xe7/4{\xa7e\xad\
f\xc0\x8a\xa1\x1c\x11h\x9f\x8f\xb8m\x16\xe8*Bp\
I\x80m\x97W\xe5\x03\x82\x81_\x95\xb5\xf7h\x09\xa8\
\x83\x00\x88\xd1a\xdf\x89(\xc4\xc9L=\x912\x8c\x8f\
\xef\x84R)\x0f\xc5t\x0e\xcb\xfdI\x98\x1b\x9b\xa4\x1d\
|*\xf3eaJn\xd22\xa3M\xe3\x0b\x9c9\xfd\
\xfco\xae[\xec\xfa\xde\xd7,$\x80\x16\x1b%\x00\xa7\
y\xd1&\x80(&\x00\xac\x00\x0e=\x04N>\x9b\x10\
\x00\x06O\x06\xc7\xff\x0c\x018\xc6\x10\x07\x0b~\x95\xfc\
W\x83\x9f\x07\xbd\x1a\xfc\xfc\xba\x17\x19pR]R\x04\
\xf5\x13\x80=\xcf\xa6N\xbd~\x0cb\x1dm\x90\xc9M\
\xc0\xf4\xcc(\xf5\xfa\x99\xc9Y,\xf9\xc7i\xcc_$\
#H\xcb\x15\xeb7hLS\xb1\xf6 \xe8\x91\x13g\
\x9e\xff\xcd\x9e\xc5\xae\xeb}\xd1B\x02h\xb1\x11\x02 \
K\xb6\x03\x11\xed\x07\x80\x15\xc0\xb2\xc3\x0e\xc5\x0a\xe0[\
\xe6l@8\x04\x00\x15\x01\x00\x08^\x9fU\x01\x8au\
?\xf0\xab\xf2\x00\x5c.\xc0\x0f\xfc\xcc5\x94\x89@\x1f\
\x02`\x8f\xb7\xe7\xf5#\x9fI\xe6v\x88G\xb0\xd7O\
\xe0XI\x83\x89\xf1\xedt\x8e\xbe\x02\x8e\xefgG'\
\xb0\xd7\x9f\x80\xecL\x06*\xa5y\xda<jJ~\xb0\
&T\xd0K\xf8\xef\x1bx\xc7\xf93/^\xbf_\xb6\
05\xc3B\x02h\xb1%\x06\x8fC\x1a\x038b\x91\
x\x94&\x01\x97\x1d~\x18&\x80\xf3A\xab\xe0r2\
\x10\x08\x13\x00\x08\x04\xe0\xf4!\xe0\xb6\xcd\x7fj\x81_\
E\x02b\x17]\xfb{\xb9\xd9|!\x8e\xf7\x02\xffB\
\x08\xc0N\x18\x12\xfcFM\xaf\x1f\xc5^???k\
&\xfa0\xd0\xb3\xd3\xb303<\x0e\xe9\x89iL\x04\
90\xec\xf9\xf8\xc1\x9d\x8a\x0d\xcb\xfd-\xa0\xeb'\xcd\
\xbc\xb0\xee\x89\xc5\xae\xdf}\xddB\x02h\xb1%\x06\x8e\
s\x22z\xfbf\xd3\xb7'\xf7/1\x15\xc0\xd9\xa6\x02\
\xd0H\x08\x903;\x02\xb9\xe3\x0f\xf8k\xb1d \x11\
\x81\x9f\x02\xe0<\xbf\x9a\x08x\xf0\xfb\xe4\x01<%}\
m\x020\x7f<\x06q,\x02Q\xec\xf5\xf5d\x14\x03\
\x7f\x07\xed\xcb?\x8f%~\x1a\xc7\xf93#c\xb4G\
_%_\x84*2g\x90\x02\xfb\x0dM\xe4\x0eF\x22\
\xbf\xd4I\xbc\xff\xc2\xba\xdcb\xd7\xed\xeb\xc1B\x02h\
\xb1\x11\x05\x00V\x92\x9b\xa0\x83,H_\xf6\xb6>\x1c\
\x02\x1c~8\xbc\xff\xeco\x80F\x08 m\xe6\x00\xb4\
\x8a\xba+0b\x08A&\x025\x09\xf0\xddu\xad\xab\
(\xc1\xaf\xce\x01p^\xbb\x01\x02\xa0\xdf\x8b\xfcp2\
\x19l[\x14\xa2\xedm0\x8f\xf20\x86%\x7f\x85\x8c\
\x17!^\x1f\x03\x9f$\xfa\x0as\x19\xa8\x92D\x1f\x1d\
d\xa4\x99\xd3'\xd172i\xb3X6||\xf6\xa5\
\xeb\x7f\xbd\xd8u\xfaz\xb2\x90\x00Zlm\x83\xc7#\
;\xa6\xb6'+\xa0/N\xe9\xef\x85AJ\x00\xdf\x04\
\xadj*\x00\x10\x08\x80m\xd6\xb3\x8d#\x02_\x12`\
\xe3y\xe0@\xeb\x0f~\x9e\x00@\x05j_\x02\x10\xaf\
\x8d\x97\xc4\xeb\x93wF\xa4\xe2\xd8\xf3\xc7arn7\
\xcc\xceN\xd0\xe6\xbc4\x8e\xf3g\xf6`\xaf?5\x0d\
e\xac\x02\xc8[x\x81\xf1\xfa\xe6R\x7fT\x8fD\xde\
7\xf3\xd2\x0d;\x17\xbb>_o\x16\x12@\x8b\x8d\x10\
\x00+\xd3\x89E\xa21\x1c\x02\xf4\xc1\xf2#\x0e\x83\x13\
?\xff\x0d\xd0\xb1\x02\xd0\xb3\x98\x00r&\x01X\xb8\xe1\
L\xca\x05\x88m\xfa\xd6~G\xeaK\xe0\x97U\x80\x1f\
\xf8A\x01\xe6\xe0\x04\x80\xa8tGt\xf2C\x0d\xf4D\
\x0c\x22\xed\x09\xa8\xea\x15\x18\x19\xdf\x02\xa5B\x1er3\
\xb30\xbbg\x14\xe6F\xc7!\x9f\xce@\x85N\xd8\xc1\
\xa8\x1f3\xd1W\xc6r\xff\x02|\xb1sg_\xb95\
L\xf4\xb5\xc0B\x02h\xb1\x99\x04@\xcc%\x01\x9b\x00\
\x96\x1dy8\x9c\x84\x09\x80(\x00\x1d+\x00\x0d\x13\x00\
T\xc5V\x00W\xd6;\x0b\x07\xf4rg\x1f\xb5\xe7W\
\x10\x81\x12\xc8\x22\xf8\x17F\x00t\x9e%\x92\xb0\x8b\xea\
\xa0\xb7% \xd2\x99\x80\xd9\xcc\x18LO\xed\x81Rq\
\x1e{\xfdq\xec\xf5G ;6\x0d\xc5l\xd6L\xf4\
!\xeb\x1c,\xfb\x11M\xf6\xe9\xdbq\xc8p\xf2\xdc+\
\xb7<\xbc\xd8u\xf8z\xb6\x90\x00Zl.\x01\x103\
\xc1\x13\x89\xc41\x01\xf4\xc2\xb2\xa3\x8e\x80\x93>g\xe6\
\x00\x22\x84\x00\xb8V\x00\xdb;\xf3g\xcb\xf2\xdf\x8d\xd1\
\xed\xe3\x1d\x10\x03\xa3\x06\x18\xe0\x82\x17\x88\xad\x0b\xd4\xea\
\xabO\xff3<Z\x01H\x19\x91\xfc\xf1(\x96\xfc\x09\
0\x12\x00\xa3\xd8\xeb\x17ri(\xccf`fx\x04\
\xe6\xb0\xe7\xcf\xcd\xccA\xb9P0g\xfcq^\xbci\
\xbf\x89)\xb2\x0e\xf4\xc8\x87\xe7^\xbe9\xb3\xd8\xf5\xf7\
z\xb7\x90\x00Zl\x89\xc17P\x04:7\x1a\x83D\
\x8fc\x05\xd0\xdbg\x12\xc0\xe7\xcf3\x09 \x8d\x09\xa0\
`\x86\x00\xdc\xe4F\xe6I\xcc\xb6\xbb\xae\x22\x01\xafP\
@\xf6\xfc2\xb8\xedk\xd6$\x00\xd5~\xe2\xf7i\x86\
3\x82\xbd~\x0c\xf4\x8e\x04dK\xb306\xbe\x83\x0e\
\xdd\xcd\x92\x0c\xff\x9eaH\x8fNB1M\x12}\xe6\
\xcc\xbc\xce;\x15\xcc\xf77\xa4A\x8f~r\xee\xd5\xdb\
\xaeZ\xecz\xdb_,$\x80\x16\x9bI\x00\xc4\xdc\x09\
JH\x08\xd0\xb6\x94\x84\x00G\xc2\xfb>w\x1e\xcd\x01\
D\xad\x10@\xe3\x06\x03\x89*@\x01~\x16\xb8\xd6\xc1\
.\xf8\xc5\x84\x1e\xd4\x09\xfe\xda\x04`0^\x9ft\xea\
\xd1Sq,{\xa20:\xb9\x1d\xd2i\x0c\xf6L\x0e\
{\xfc\x11\x1c\xefc\xc9?9\x0d\x95|\x9eN\x1c\x8b\
\xe8\xd4\x90n\xa2O\xd3\xf4'5=r\xc2\xdc\xab\xb7\
o[\xec:\xdb\x9f,$\x80\x16\x1bK\x00\xb6EI\
O\xc0\xfe\xa50x\xd4\xe1\x94\x00H\x0e \x96-\x83\
\x9e\xc7$Pf\x08\xc0Q\xfc,\x11\xd4 \x01?\x22\
PH\x7f\xcfp\xc0\x87\x00\x0c\xf6\x5c\xf2\xce\x16\xf2\x16\
'\x0cz\xe2\xf5\x8b\xa8\x00#c[\xe8l\xd0\xb9\x89\
i\x98\xde\xb9\x1b\xe6FF\xa0\x88\xe5\x7f\x15\xc7\xff4\
\xd6GLW^M\xab`\xc9\xff]-\x12\xff\x12\x8e\
\xf7}\xc6B\x87\xd6\x0a\x0b\x09\xa0\xc5\xd6\xb6\xec\x0d\x88\
\xf5\xe0\xc4\xc8P\xd7\xd4\xd2~L\x00G\xc0\xfb>\xfb\
u\x1a\x02\xc42e\x88\xe4]\x05`\x83\xdd>\xcd\x11\
\xfb\x0a\xf0\xbb\x80g\xdb\xec\xbd<?\xd3\x1c\xe8\x9b\xd4\
\x93\x8fg'\xec W4\x08\x88c\x18\xfc\xc98\xe8\
\xedq\x18\x9f\xdd\x0d33\xa30\x9f\xcb\xd18\x7ff\
\xe7\x1e\xc8\x8cO@%\x9b\x83\x0a\xe9\xc7\x0f\xec\x8b_\
h\xbc\xbf\x1b\x83\xff\xe4\xf4\xe6\xdf\xdf\xbf\xd8\xf5\xb4\xbf\
ZH\x00-\xb6\xb6\xc17\x22srP\xbb\x04\xd1\x97\
\xa7$1\x01,;\x9a\x84\x00\xe7\x9a\x04\x90\xc6\x04@\
B\x00\xda\x0a\xc06\xf7\x99\xe7\xb0\xeb\xaae\x90\xfe\xfd\
\xde\x04\xe0\x0d~\xc3\x22\x10n\xb6\x1e\xda4\x8f\xff\x89\
G)\xf0K\x91\x0a\xec\x19\x1b\x82B>\x0b\xf9)\xd3\
\xeb\xcf\xee\x1e\x81\x82\x9d\xe8\xab2\x8e\xddy\xe5\xba~\
#\x0e\x1aNO\x0f\xdd\x99^\xec:\xda\x9f-$\x80\
\x16\x1b%\x000\x93]6`#\xb1\x04&\x80^L\
\x00G\xc3\x09\x9f\xfb\x1a\xcd\x01\x10\x05\x10\xcd\xbbI@\
z\xe4B\xc0\xcff\xfa}\xc0\xcf\xcb\x7fY\x01\x18*\
2\xb0\x9a\xf7 \xa2\xe3\x1f\x16\x03\xad\xb3\x0d\xa62c\
01\xb5\x1b\xe6ql\x9f\x19&^\x7f'dF\xc6\
a>\x93\x85j\xb9L';\xa1\xe6\xc6\xfbYM\x8f\
~&3t\xd7O\x16\xbbnB\x0b\x09\xa0\xe5\x96X\
\xf6F\xc4\xbf\xbe\x0c,\x05\xd0\x07\xcb\x8e9\x0a\x13\x80\
\xa9\x00\xe2\xe9\x12&\x80\x0a\xe8D\x01\x18N\xeb\xbfB\
\xfe\x0b\xe0\x17\xfa\xea\xd3=\x9e\xe0\x17\xc9\x81\x0f\x01\x0c\
\x8b\x14\x1c\xf0\x1b\xccR3\x13}\x90\x88P\xc9_n\
\xd3`\xcf\xf8V\xc8ef\xa10;\x03\xb3\xdb\xb1\xfc\
\xdf\xbd\x1b\xf28\xee'^\xbf\xca)\x19\xddz\xc5\xba\
\xfe\xac\xa6G\xde\x9b\x19\xba{h\xb1\xeb%4\xd3B\
\x02h\xb1\x11\x020[\x00\x1c\x09\x00\x91\xb8I\x00\x83\
\xc7\x1c\x03\xff\xf1\x19S\x01$\xb2%\x889!\x80u\
\xb2\xdb\x87\xd0\xc7\xf3\xb3\x09>\xe0\xc1\x0dB\xa6\x9f!\
\x0a\x1b\xec\xbc\xb7\x07\xa5\xd7'\xce\x1ba\xafo`\xaf\
\x0fd\xa6\x9e\xf2\x1c\x8c\x8eo\x87R.\x0b\x99\xd11\
\x98\xd9F\xbc>\x91\xfc\x19\xa8\x96\xe6\x9d\xe6=\xcd\xee\
\xca\x8b\xb4*\xe8\xfa\x0f\xb5H\xec\xf3\x99\xcdw\x86\x89\
\xbe\xd7\x90\x85\x04\xd0b\xa3\x04`\x0f\x03\x00s^\x10\
\x9a\x04\x1cX\x0a\x03\xc7\x1e\x0d\xff\xfe\x99s B\x14\
\x00&\x80D\xa1b\xb6\x028\xed\xf5\xa6\xb1\x9d|@\
1\xc8G\xd5\xbf_$\x00\xbb%@%\xed\xbd\x12\x7f\
\x86\xd5\x8f\x1f\xc5\xb1\xd7O\xc5\xa1\xda\x16\x81\xe1\xc9\x1d\
0;7\x09\xf3ss0\xb7k\x17\xf6\xfc\xbb ;\
1\x09\xe5l\xce|\xdd\xb6\xf5]\x1d\xf0k\xfa0h\
\x91\xd3\xb2[\xef\xb9g\xb1\xeb\x224\xd9B\x02h\xb1\
\x99\x0a\x00\xc0%\x01\x04\xd1(V\x00\x83&\x01\xfc\xc7\
g\xcf\xa1!@[\xba\x0c\x09\x12\x02T\x0c\xe6mE\
^M}\xe6u<\xc1\xaf \x03W\xda\xd7\xea\xd8c\
\x9eO\xdc4\x8a\xea\x80\x12Q@\x18\xfc9T\x80\xe1\
\xb1mP\xc8e 76\x01\xd3\xdb\xb7Az\xf70\
\x14\xa6\xe7\xcc\xe6=\xc3z\x05\x97f\x0d\xdb\xa5\xbf5\
r\x1bD\xa2\xa7e\xb7\xfcaf\xb1\xeb!4\xb5\x85\
\x04\xd0b3\x09\xc0ye1]DHO@L\x00\
\x83\xc7\x1e\x8b\x15\xc0W@\xc7\xa0K\x12\x02\xc8U\xdc\
\x8e@\x9c\xfcg\x96\x81<\x7f\xb0f=5\xf8\x01\xaa\
\xba)\xf9\x11\x8e\xf5Qg\x0cFf\xf7\xc0\xf4\xd4\x08\
\x94\xd2\x19\x98\xdd\xb5\x07f\xb6o\xc7\x92\x7f\x0c\xca\x99\
\x9c\x99\xe8\xb3{\xf2\xd2_\xaa\x93\x90?\x07z\xf4\xec\
\xec\xd6\xf5\x97-\xf6\xfd\x0f\xcd\xdfB\x02h\xb1%\x96\
\xbd\x09\xb9\xee\xdf\xca\x01\x10\x05\xb0\xac\x1f\x13\xc0q&\
\x01\x10\x05\x90)C\x1b\x0e\x01\xf4\xb2\x8f\x02P\x8e\xec\
\xab\xed\xfd\x83t\xe55\x98D\x9f\x11\x8f\x82\xd1\x1e\x83\
B\xb4\x0a\xbb\xc7\xb6B>7\x07\xf9\xf1I\x98\xdd\xba\
\x1dfv\xec\x82\xe24I\xf4\x15\xe9\xcc\xbc\xf6O\xd3\
\xccX\x9f\xbc\xc5\xe7y,\xf9\xdf\x9b\xddv\xdf\xab\x8b\
}\xefC\xabm!\x01\xb4\xd8\xda0\x01\xb0\xbd\xf9\x88\
\xd9\x0a`\xe0\x98\xe3\xe1\xdf0\x01\x90\x1c@2\x8b\x09\
 W\x86\x88\xf3j0\xa1\xd3\x8f'\xf8\x17H\x00\x06\
\xdb\x95\x97H~\x8dJ\xfej2\x06FG\x1c&\xf3\
\x9306\xb1\x0bJ\xd9\x0c\x8e\xf5\xb1\xd7\xdf\xba\x0d\xb2\
\xc3\xa38\xf6OC\xb5Tr\xdf\xc2\xa3Y^\x9f\xa4\
\x0c\xb4\xc8\xa5\x9a\x1e\xf9lv\xdb\xfaJ]7)\xb4\
E\xb3\x90\x00ZlD\x01p\xef/%\xfd\x00\xe2v\
\x0e\xe08x\xcf\xa71\x01T\x11\xa40\xf8\x93N3\
\xa0#\xfe\xddf;P\x11\x81\x97\xfc\x17\xca\x0d\x1e\xfc\
b\xa7\x1e\xe2\xf5\xab\xf1\x08\x05\xff|\x5c\x87\xdd\x93[\
!\x9b\x9e\x81\xc2\xe4\x14\x06\xfev\x98\xdd\xb1\x93*\x80\
r\xc1L\xf4i\x86\xed\xf6-\xcf\x0f\xda(\x96\xfc\xa7\
\xe5\xb6\xff\xf1\xee\xc5\xbe\xdf\xa1\xd5g!\x01\xb4\xd8\xcc\
\x10\xc043\x08p\x09`\xe9qo\x80\x7f\xfb\xf4\x97\
\xa8\x02H\xe1\xf8?I\x14\x80=#\x10\xdb\xac\x07L\
\xcf=\x00\x08\x14\xcb\xabd>\xd7\xbcG\x1b\xf8\xa0\x1a\
\xc1\x92?\x11\x85JG\x02f\xcbi\x18\x99\xd8\x01\xf3\
\xd8\xeb\xa7w\x0d\xc3\xec\x96-4\xd1W\x9c\x9d5G\
\xefU\x99q\x0a\xee\x04\x9d\xbf\x07=r2\x06\xff\xf4\
b\xdf\xeb\xd0\xea\xb7\x90\x00Zl\x89eoF\xac\xfc\
\xd7,\x02h\x1b\x1c\xc0\x04@B\x80/a\xaf\x0f\xd0\
\x9e/S\x12\xa0\xad\x00F\x10\xf0\x07#\x00e\x8f>\
|^\x15\xd7\xbcay\xfdR{\x14\xf6L\xed\x84\xd9\
\x99\x09(\xce\xcc\xc0\xdc6\xec\xf5\xb7l\x87\xdc\xd8\x18\
\x94r90*\x15\xaa\x22\xdc\xec>\xfd'\x8f\xbd\xfe\
\x17\xf3;\x1e\xb8d\xb1\xefqh\x0b\xb7\x90\x00Zl\
\xa6\x02`Z\x01,\x02H\x0d\x0cB\xff\x1b\x8e\x87w\
[\x0a\xa0\x03\x83?\xa5P\x00\xaaa\xbdA\x08@\x02\
\xbeav\xea!\x92\xdf\xc0\x92\xbfB\xbc~*\x0es\
P\x84=\xe3\xdb\xe8\xcc<\xd9=\xc3\xf0\xff\xdb;\xb3\
\xd8\xb8\xce*\x8e\xff\xef\x9d}\xf7n'd#I\x91\
\x9aH\xd0\x94\xb2W@\x84\x10\xb4H\x14\x02\x12\x81\x0a\
\xa4\x96\xf2\x84\xd2\xd2\xf2\x00Q\x11\xd0\x07^@\xa8\xf0\
V\xa9\x95xE\xca\x13\xa8\xaa\x10*\x82\x0a\x0aI\xa9\
DA(\x04\xc5v\xbc\x8f\xedY\xef\x9d\xb9w\xeel\
w8\xdfw\x97\xb1\x9d\x04U\xc4\xd7\xe30\xe7'\xcd\
b\xc7\xf1d\xbe\xc9\xf9\x9f\xe5;\xdf\xb9\x15\xe1\xf5\x97\
\x96`\x95*rL\x97\xb7\xbd\xe7D\xfa\xfe\x5c\xe3\x7f\
\x92\xf1\x7f\xc9\x5c|\xed\xea\xa0\xd7\x97\xb93X\x00\x02\
&v\xe0\xbdn\x22\xef-\xb5M\x02\x10\xa3\x14`\x0a\
S$\x00\x9f\xfb\x16E\x00d\xf3i2\xfeT\xbd\x83\
\xb0(\xae\xb9\x17\xcf\xd89\xc9\xe7\xedl\xebmo\xe3\
\xb5\xdd\xe6\x1f\xf7Q%\xcf\x1fV\xd1\x91^?\x8a\xbc\
\x9eG\xa9\x9cG\x93B\xfc\xea\xfc\x22\xddn\xc0\xc8\x8b\
\xed>]N\xe6\xf5\x9bz\xfc>~Q\xe8S_P\
\x94\xc8\xd3\xc6\xe2\x1fZ\x83^[\xe6\xcea\x01\x08\x18\
\x99\x02\xf8\x01\x80\xd7\x0a,v\x01\xa61y\xe6\x0c\x09\
\xc0w\x11\xa2og\xeaN\x0a\x10\xee\xd8\xde\x5c\xaf\xdb\
\xb6\xf4\xde\xd2\xe3\xdf\xa6\xd0g\xcb?#\xe3\x0f;\x85\
\xbev:\x82Z\xc8\xc6\x0ay}\xa3^%\x83\xdf\x80\
6;/\xc3~\xabTB\xdb0\x9d\xed=\xdb\xeb\xe2\
u\xfe\x8bP\xf8\xbfI\xb9\xfec\xe6\xd2\x9f^\x19\xf4\
\x9a2\xbb\x07\x0b@\xc085\x00\x8f-g\x01\x84\x00\
x)@\xaf\xe7F\x00]\x84\xba]\xe70\xd0\xdb\xd9\
\xd6\xb3o\x0e\xf5\xfb\x11\x80-\x9fw\xc5\xbe~\x88B\
\xfe8y\xfdt\x14\x1bF\x09\x1b\xe5UX\x9a\x86\xda\
\xc2\x22*\xb3\xb3\xa8\xaf\xac\xa1]\xd5\xd0\xf1\xb7\xf7\xfa\
\xfb\xfaNs\x9f\xfa[Q\xe83\x97\xfeX\x18\xf4z\
2\xbb\x0b\x0b@\xc08)\x80\xf7\x95S\x0e\x90\xa7\x01\
\xa5\x00\xdcG\x02pQ\x0a@F\xd6\x00\xdc\x08`\xab\
7\xf7\xf2~\xfb\x16a\xbe;\x88\xd3\xde\xb1\xd5\xd7\xf5\
\xb6\xf7\xe8\xd6\x8a\x90\xd7OF\xd0\x88+X\x16c\xba\
\xb4\x0a\x1a\x9b\x052\xfc9T\xe7(\xf7\xdf(\x90\xd7\
7\xc8\xebwd\xe4\xe1\xf9{'jQ\x1ad\xf8\xcf\
\x9a\xcb\xaf??\xe8ud\x82\x81\x05 `n\x9d\x02\
\xb8\x02p\xc6\x15\x002\xee\x8c\x88\x00H\x00B;\x05\
\xe0v\x85\xbd\x1d\xde\xdf\xf6\xbc>\xbd\x86\x18\xb7g\x87\
T\xb4c!\xe9\xf5K\xad\xba<\xc4cQn/\x0a\
|\xd5\xebs\xa8/\xaeP\xee_\xa6\x5c\xbf)\xb7\xf7\
<\x9c\xcd=\xb9\xc1\x7fU\x5cu\x97B\xfe\x7f\x0cz\
\x0d\x99\xe0`\x01\x08\x18'\x05P\xe0\x1e\xf1\x93n\xd9\
\xaf\x01\x88\x08\xe0\x99\x8b\x08\xd3\xb7\xd3u!\x00\x94\x02\
t\xba\xdb\x04\xc0\xbee\xae\x7f\xb3\xe7\xef\xda\xee\x01\x9e\
P\x0f\xed\xb0*\xbd~3\x1e\xc6ry\x05\xe5\xea\x06\
\xacb\x05\xda\xdc\x9c\xdc\xdb7e\x1f\x7fM6\xf5\xc8\
=A?D\x91\x86/\x0a}/*\xaa\xfa\xa4\xb9\xf4\
:\x17\xfa\xfe\xcfa\x01\x08\x98\xd8\x81\x07\xfa=\xbd\x02\
\xc5m\x04\x9a\x9a\x915\x80s\xcf\xb85\x80\x1d\x02`\
{s\xf6\xed\x1dE=\xbb\x1f\xfe\xfb\xcf}\xaf\xaf\xa0\
\x1dU\xd1LEQ\xedYX\xde\x5c\x80\xa9WQ\x17\
M=\xd7\xc5\xf6\x1eE\x01\xc52\xecF\x83\xfe\xae\xbd\
e\xdc\xb0?\xa7\xaf\x00%\xf4xc\xe5\xcf/\x0fz\
\xdd\x98\xbd\x81\x05 `\xa4\x00\x08\xe4\xbd\xd3?\x1f\x8a\
E\xe56\xa0\x88\x00\xce=\xdd\x17\x80\xa4L\x01\xc8\x94\
\xbb\xbdm\x1e\xde\xdez\xd5\x1d_\x10lW\x1c\x9c\xd3\
{\x1d2\xfeV2L\xb7\x08V\xf5u\x14\x8ay\x98\
\x952j\x94\xe7\x0b\xafo\xac\xe6\xd1\x12\x17\xde\xec\xb4\
\x9c\x0bq\x00\xdb\xf3}\xa8\xaf\x92\xe7\x7f\x94\x8c\x7fs\
\xd0k\xc6\xec\x1d,\x00\x01\x13;\xf0\xbe\xde\xd6&\xa0\
\xfeq`\x8a\x00\xce\xbcG\x0a\x808\x0d(j\x00\xe2\
@\x90'\x00;\x8d\xff&\xcf/\xbc>\xfd\xae\x8el\
\xea\x11\xc6\x1f\x85\xaev\xc9\xeb\xcf\xc3 \xaf/\x0c\xbe\
2;\x0f}\xfe\x06\x1a\xc5\x02:\xfe\xe9=oF\x9f\
sG\x01\x89\x05U\xfd^c\xe5\xf2O\x07\xbdV\xcc\
\xde\xc3\x02\x100\x8e\x00x8\xf9\xb6\x93\x02L\xf9\xbb\
\x00b\x1e@\xbaF\x11\x80\xb86\x80\x14\x00{G\xc8\
\xdf\x17\x01\xdf\xf8\xe9\x93\xeb\x84)\xe4\x8f\x85eS\xcf\
z\xa3\x84\xf5\xcde4\xaaU\xe8\x0b\x0b\xa8\x5c\x9f\x85\
A\xa1\x7fK\xd3\xe4\x98.\xcf\xeb;x\x87\xf7\x95k\
\x8a\x12:\xdfX\xf9\xcb\xdf\x07\xbdN\xcc``\x01\x08\
\x98\xd8\xc1\xf7o\xaf\x01H\x01\x88\xf8\x02\xf0\xc8S\xdf\
\x91\x02\x90\xd2)\x020Z\x08\xb5\xdd\x1a\xc0m\x0c_\
t\xf3\xd9\xee\xf6^+\x11F\x83\xbc\xffRa\x11Z\
\xb5\x00s}\x13\xd5\xd99h\xe4\xf5M\x7f{O\xf4\
\x15xU~\xbf\x97\xbf'\x0b}\xc0\x85\xc6\xeae.\
\xf4\x0d1,\x00\x01#\x05@\xe0o\x03\xf6\xa0\x8a\x99\
\x80\xd3S\x98\xa6\x14\xe0\xa1o~\x1baEERo\
\x22^#\x01hv\xfb\xe3\xbb\xb6\x16\x00\x15\xe7\x00O\
'\xa2\xca>\xfe&\x85\xfc\xa5f\x15k\xc2\xebk\x15\
\xd4\x16\x97\xa5\xd7\xaf//\xa3Y\xa9\xa0c\xb5\x9cZ\
\xc2\xd6\x83H\x8e\xf1\x17\x15E}\x82\x0c\xffW\x83^\
\x1bf\xf0\xb0\x00\x04L\xec\xe0\x07\xfcY`Nw]\
\x0f\x91\x18\x09\xc0\xcc4f\x1e\xb8\x1f\x1f>\xff\x18\x12\
\xe9\x14\xe2\x1a\x09\x80\xde\x82j93\x01\xdca_r\
\xdbPx|ql\xb7\x1dw\x8a|u\xb5\x8d\xb5\xe2\
2jZ\xc9\x9d\xd4#r\xfd\x05\xf2\xfa\x9b\xce\x98\xae\
n\xcb\xdd\xdesw\x1f}\xcf\x8fW\xc5\x95x\xc8\xf8\
7\x06\xbd.\xcc\xfe\x80\x05 `\xfa\x02\x00\xa8\xaa\x82\
p8\x848\x19\xfc\xc8;\x0eb\xfa\xbew\xe3\x9eO\
<\x8c\xcc\xf4\xb4\xbc(H\xb4l!\xe2^!X\xda\
\xaf\xdb\xc6k\xc7T\xa7\x957\x16B^\xcb\xa3\x5c\xda\
\x94g\xf4\xeb\x8bK\xa8\x90\xf1\xcb\x03<\x95*\xba\x96\
(\xf4\x09\xd1\xb0\xfb\xc7v\x9dW\xb7(\xe4\xff\xbe\xb5\
v\xe5'\x83^\x0ff\x7f\xc1\x02\x100\xf1C\x1f\x92\
\x8e\x5c%C\x8e\x8a9\x00\xa98\xb2c#\xc8\xcd\xcc\
`\xf4\xe4IdN\x9f\xc2\xe4\x89\xd3$\x0ea\x84\xcc\
\x96\x14\x02\xb4m9dKt\xf3\xd9\x94\xebw\xc9\xf3\
k\x0d\x0d\xc5\xe2*L\x0a\xf7\xeb\xcbyh7\xe6Q\
\xa3p\xbfQ,\xa3]7a\xdb\x1d\xc0\xeb\xe3\xf7\xee\
\x9d'\xd7\xc8\xf8\xbfl\xad^yk\xd0k\xc1\xec?\
X\x00\x02\x84\xf2w%q\xe4A[%k\x8eR\xde\
\x9fH%\x91\x1d\xcd =2\x8a\xf4\xc48\xe2$\x02\
\x89\xa3G\x11?r\x0c\xc9\xb1I\x84CQ\xe7\x03\x91\
-}6\x9a\xe4\xd1k\xb5\x0a\x0c\x0a\xf5\xc5\xe1\x1d\xa3\
X@M\x5cz\xeb\xc6\x92,\xf8\xb5\x0d\xf7B\x1c]\
\xf9j\xce\x8b\xfa\xa7\xf7D\xe5Q}\x89\xbe}\xc1\xca\
\xbf\xd1\x1c\xf4Z0\xfb\x13\x16\x80\x00\x11\x02\x90y\xe7\
\xc7l\x11\xfa\xc7\x92q\xe4r\xc2\xf8sH\xd2-6\
2\x82\xd8\xe8\x08\x22SS\x08M\xcf 41\x81H\
*AQ\x7f\x08\xe8t\xe50N\x9dr\xfa\xfa\xe6\x06\
\x8cB\x11\x8d\xf5\x0d9\xa1\xc7*\x14\xd0\xd6k\xce\xb0\
\x0e\xb1\xaf\xaf\xf4'\x07\xf7;\xfaP$\xe3\x7f\xa2\xb9\
v\x85\x0b}\xcc\x7f\x85\x05 @\x84\x00\xe4\x8e\x7f\xdc\
\x8eD\xc3Hf\xd2\xc8\xe6\xb2H\x8df\x91\xa0\xc7(\
\x89@8;\x0a\x95\xbeV)\x22@2\x85\xb0\xf0\xe2\
b\xce~\xb3!'\xf2\x14\xe6o\xa0\xb8Da\xbf\x18\
\xc3-\x8c\xde4\xd0mv`\xf7\x9c^\x81m\xc3F\
\xfdORt\xf4\xe1\xab\xcd\xb57\xd6\x07\xfd\xfe\x99\xfd\
\x0f\x0b@\x80H\x018y\xb6\x9cL$F2\xd2\xfb\
g\x91$\xaf\x1f#\x01\x88d\xb3\x08\xe5rP\xe8\xd1\
N\xa5\x9d\x0eA2\xfc^]CW\xaf\xc3*\x16\xb1\
>\xbf\x88\xc2\xf2\x0a\xac\x9as\x5cW\x9c\xf6\xf3&\x05\
\xf5O\x18*r\xce =m\x8aB\x1f\x19\xfe\x8f\x07\
\xfd\xbe\x99\xbb\x07\x16\x80\x00\x11\x020\xfe\xaeO\xbe\x99\
\xca$\xef\x17\x85?\x11\xfe;\xde?K\xde\x9f\x8c\x9f\
\x9e\xf72t\x8bD\xa04[@M\x07t\x0d\xed\x8a\
\x0e\xabRFy-\x8fu\x8a\x00\x0c\xc3p\x07u\xf4\
v\xbc\x82\xff\xf1]#\x19\xf8\x0a\xe5\xfa\x7f\x1b\xf4{\
f\xee.X\x00\x02D\x08\xc0\xe4\xa9O_\xcaf\xd3\
_\xc8N\x8cI\x01\x88\x8d\x08\xef\x9fC\x88\x1e\x91\xcd\
\xc0N\xa6\xe5\xcf\xaa\xc2\xc8\xc9\xf8\xbb\x9a&\xa7\xf3\x88\
\xe9\xbc\xd5\xf5\x226\xf2\xeb0\xeb\x86sz\x0f[\x8f\
\xeez(/\x92\xe7\x7f\x92\xf2}k\xd0\xef\x97\xb9\xfb\
`\x01\x08\x10)\x00\xa7\x1f\xfaQ*\x93\xba863\
\x89\xec\xf8\x18\x09\xc0(\xc2#\x19\xa8\xe4\xfd\xed4\x89\
@4J\xde\xbfI\xde\xbf\x86\x9e0~\xba\xb5H\x00\
L\xd1\xd3_\xaa\xa0\xb4Y\x80i\x88\xe6\x1e\xaf\x9d\xd7\
O\x01Jt\xff\xf5\xe6\xda_\xb9\xd0\xc7\xfc\xcf\xb0\x00\
\x04\x88\x10\x80{>\xf8\xc5\xe3u\xabyu\xfc\xe0L\
t\xfc\xd0\x01$&&H\x00r\xe4\xfd)\xf4O&\
\xe5\xcf)\x86\x09\xa5\xe6x\xfe\x0e\x09\x80E\x8f\x06\x09\
@\xad\x5cE\xb5RE\xc3ll\x11\x00\xf9\x9b\x7fG\
w\xa2\xd0\x97\x1f\xf4{d\xeenX\x00\x02F\x88\xc0\
\xc4\xa9\x87\x7f\x9e\x1c\xc9\x5c\x989~\x14\xb9#\x87\x10\
%\x11\x80H\x01\xa21(\xad6\x19\xbf\x0e[\x9c\xda\
\xd3\x85\xf1S\xfe_\xad\xc0(\xeb\xd0I\x08\xea\x14\x19\
X\x14!\x88\x89?\xf4\xcbj\xf4+\x9f\xa3p\x9f\x8f\
\xee2\xbb\x02\x0b\xc0\x1ep\xf8\xc1\xf3SfY\xbb\x92\
;0sl\xfc\xc4Q\xa4\x8e\x1e&\x11\x98\x94\xa7\x02\
U\xcb\x04\xf4\x1a\xbad\xf8m\xbd\x8a&=\x0a\xefo\
\x90\xf1\xeb\x1a\x19\xbfi\xa2\xdd\xed\xb6z]\xfb%\xbb\
\xd7{\xceZ\xbd\xcc\x03;\x98]\x83\x05`/\xa0(\
\xe0\xf0\xa7\x1e\x9f\xb46\xca\x97\x12\xe3c\x1f\xcd\x1c;\
\x84\xf4\xe1CH\xa6\xd3\x88\x8a\x16^ql\x97D\xa0\
\xa9{\xe1\xbf\x8e\x9a\xa6\x8b\xdc\xbfh\xdb\xf6\xa5\x5c&\
\xf5\xb3\xf97\x7f}]Q\x94\xde\x9d\xffc\x18\xa6\x0f\
\x0b\xc0^A\x22p\xe2\xf9_\xc4\xb4_\xbe\xf2\x8dh\
2\xf5\xf9H6\xf3\x91\xccX.\x9a\x88\xc7\x10\xeat\
`7Lt\x0d\xb3\xd3m\xb7ot\x9a\xed\xb7\xa2\x0a\
.=\xfb\xd4\xd7^>\xf7\x99\xb3m\xb8\xcd\xc1,\x00\
\xccn\xc3\x02\xb0\xc7\x88\x9a\xc0\x0f\x81\xc8\x95\x17~3\
\xae-\xfc\xfbT2\x12\xce\x84\xdbV<\x19\x8e\xd5?\
\xfb\xe8#\xff\xba\xf7\xde\xc3\xf5q\xa0qR\x9c\xe0\x03\
:p\xc6\xfb\x8b\x1e\x7f6~f\xd7a\x01\x18\x10?\
\xe8\xf5\xc4\x81?\xf5\x14\xdd\xd2\xf49$\xdc\xcf\xe2,\
y\xfb\xdf\xd3\xed\xac\x98\xff\xc1F\xcf\x04\x0c\x0b\xc0>\
AD\x06\xdes6|f\xaf`\x01`\x98!\x86\x05\
\x80a\x86\x18\x16\x00\x86\x19bX\x00\x18f\x88a\x01\
`\x98!\x86\x05\x80a\x86\x18\x16\x00\x86\x19bX\x00\
\x18f\x88a\x01`\x98!\x86\x05\x80a\x86\x18\x16\x00\
\x86\x19bX\x00\x18f\x88a\x01`\x98!\x86\x05\x80\
a\x86\x18\x16\x00\x86\x19bX\x00\x18f\x88a\x01`\
\x98!\x86\x05\x80a\x86\x98\xff\x00r\x17Q\xfb,\xdc\
u\xf0\x00\x00\x00\x00IEND\xaeB`\x82\
\x00\x00\x01p\
\x89\
PNG\x0d\x0a\x1a\x0a\x00\x00\x00\x0dIHDR\x00\
\x00\x00\x10\x00\x00\x00\x10\x08\x04\x00\x00\x00\xb5\xfa7\xea\
\x00\x00\x00\x02sBIT\x08\x08U\xecF\x04\x00\x00\
\x00\x09pHYs\x00\x00\x0d\xd7\x00\x00\x0d\xd7\x01B\
(\x9bx\x00\x00\x00\x19tEXtSoftw\
are\x00www.inkscape\
.org\x9b\xee<\x1a\x00\x00\x00\xefIDAT\
x\xdam\x8d1j\x02Q\x14E\x8f\xa0\x08\xee@M\
\xc0\xda\x1d\xe8.\x82\x95 2L\xa9\x0bHk\x1b\xec\
e\xbaq\x1f\xee@H3C\x18\x82\xc5\xdbAH\x11\
5A\xf0\xe5\xfd\xaf\xf9E\xe6s\x9b\xf3/\xe7\xdd\x8f\
\xdeC\x9f\x87\xc0\x8f\xf4\x03\x07\x98/3Z\x9eZF\
\xf3\xba\x90\x1c\x84\xb1\xa7\xb1Q\x12\x11\xae\xea6\xdc\xfd\
Uc\xc2\xa4\x12\xb7\xe1\xee+aR\x17\xbai~\xb1\
\x8dev\xd14\xa7[\x13\x0c\xa7\xa5\xbc[Ja\xaa\
\xc4\x04\xdb\xf8\xd6\x1f\x7f\x1f\x15\x14f\x1f\xe7\xcf33\
%\xbe\xd0\x5cdG=\xea\x22\xa3\x19\x17F\xa5\x14\x96\
R\x18\xfd\x13h\xf3\xcc\x8ab-i\x9e\xe6k\xa1`\
eM\xfb.0\xe0\x95\xca\x9b[_m=W\xd6\x0e\
n\xc2\x86\x17\x1a\xecx\xa3\xe3\x85\x8e\xd1\x8e\x86\xb5\x9b\
\x9b\xb0\xe7\x89\x1e\x07\x86\xe1\xdf\xa1\xbdz\xd6\xee\xff\x16\
N|\x91(!\x90Xsr\x0b\xbf\xf4\x9c\xe4\x8b\xb0\
\xed(\x91\x00\x00\x00\x00IEND\xaeB`\x82\
\x00\x00\x02V\
\x89\
PNG\x0d\x0a\x1a\x0a\x00\x00\x00\x0dIHDR\x00\
\x00\x00\x10\x00\x00\x00\x10\x08\x06\x00\x00\x00\x1f\xf3\xffa\
\x00\x00\x02\x1dIDATx\xda\x8d\x92\xc9\x8aZA\
\x14\x86u\xe5\xc6\x8d \xad\xa8Q\x9c\x05\x83\xa8\xe0B\
\x05!\x01\x17j\x87<C6\x9d\x10\xe8$\x0f\xa1\xaf\
\xe3\x80q\x00\xd7\x82\x88\xba\x93\x04\xe96\x18\x87\xc4\xb1\
\x9d\xc7\xf6\xfe\xb9\xe7\xa6\xbd\x8a6!\x1f\x1c\x94\xa2\xea\
;\x7f\x9d\xba\x823\x82\xcdf\x13\xb5Z\x8d\xabN\xa7\
\x03v\xed\xad\xe0_\x18\x8d\xc6W\x1e\x8fg-\x16\x8b\
Q\xadV\x11\x89D\x18<\x11\x0e\x87\x19Z\x13\x89D\
\xf0z\xbds\xab\xd5\xea\xbf\x10\xe8\xf5\xfan(\x14b\
\xa4R)\x88\xd9l\x86\xc1`@\xc5\xfd'4\x1a\x0d\
\x82\xc1 \xc36\xdb<'\x80\xc9dB\xa9TB,\
\x16C<\x1e\xbf\xa8J\xa5\x02\x85B\x01\x9dN\x87\x0b\
\x01-R\x1d\xba/\x16\x0b,\x97K\xb4Z-\xa4\xd3\
i\xae\xca\xe52w\x0d\x89DB\x82wl}\xa4\x12\
\x0a\x85\xaf\x05\x14\x8f\x8d\x06b<\x1ec:\x9dr\xa2\
h4\x8ag`p\x84d\x9f\x05j\xb5\x9a\x17L&\
\x13>\x05E'\xee\xeb?\xf0\xb3\xd9D\xbb\xf3\x0b\xbf\
\xbb]\xf4\xfa}\xf4\xd9\xf9\xac7\x9b\xbf\x02\xa5RI\
3\xe0\x05\xf3\xf9\x9c\x13$\x12\x09\x10\xcdv\x1b\xdd^\
\x0f\x83\xe1\x10\xa3\x87\x07\x8c\xd9=\x93\xe9\xf4\x98@&\
\x93\xf1\x02\xeaN\x02\x9aA2\x99\x04A\x87\x87\xa3\x11\
\x1d<\x9d\xd1Qpuuu\xb8\x02\xbfa\xbd^#\
\x95J\x81\x18\x0e\x87|\xb2\xd5j\x85\x0d\x1b}\xbb\xdd\
\x1e\x05r\xb9\x1c\x06\x83\x01\xc4\xa1;m\xa2\xe9\x13c\
:\xfc$\xdd\xedv\xd8\xef\xf7`\x18\xe6(P\xa9T\
\xd0j\xb5|\x02\x12P\x87L&\x03b\xca\xaeQ\xe7\
F\xa3\x81\xe4\xd7$w\xb5l6K\x9f:\x09\xbep\
\x1f\x12\xbd\xc49\xf9|\x1e\x04u'a\xbd^G\xb1\
X\xe4\x9f\xf2\xe6\xfdM\x83\x158\x04f\xb3\x19n\xb7\
\x1b\x0e\x87\x03>\x9f\x0f~\xbf\x1f\x81@\x00\x16\x8b\x05\
\x04%\xa2\xe8ww\xf7(\x14\x0ax|\xdc\xe1\xfa\xcd\
\xf5w\xee0\xf1\xe1\xf6ve\xb3\xd9\xe0t:9\x89\
\xddn\xe7~i\xb8\xa7\xd0s\xe6r9\xb8\x5c\xaeo\
\xec1\x8b\xe0?xICb\xeb\xd3Y\xbd8\xdd\xf4\
\x07\xb3\x10t\xba\xbb\xd7\xbd)\x00\x00\x00\x00IEN\
D\xaeB`\x82\
\x00\x00\x05\xf4\
\x00\
\x00\x14\xfdx\xda\xedXM\x8f\xdb6\x10\xbd\x07\xc8\x7f\
`\x95K\x165)~I\x22\x1d{{h\x10 @\
{iS\xf4X\xc8\x12\xd7\xabF\x96\x0cI^\xdb\xf9\
\xf5\x1d\x92\x92,\xaf\xedm\x11\xb4\x97\x226\x16\x129\
\x8fC\xce\xe3\xe3p\xbc\x8b\x1f\x0e\x9b\x12=\x99\xa6-\
\xeaj\x190B\x03d\xaa\xac\xce\x8bj\xbd\x0c~\xfb\
\xf4\x01\xab\x00\xb5]Z\xe5iYWf\x19Tu\xf0\
\xc3\xfd\xebW\x8b\xef0F?6&\xedL\x8e\xf6E\
\xf7\x88>V\x9f\xdb,\xdd\x1a\xf4\xf6\xb1\xeb\xb6\xf30\
\xdc\xef\xf7\xa4\xe8;I\xdd\xac\xc3;\x841\x0c\x85\xc1\
\xed\xd3\xfa\xf5+\x84\x10\xcc]\xb5\xf3<[\x06\xfd\x98\
\xed\xae)\x1d6\xcfBS\x9a\x8d\xa9\xba6d\x84\x85\
\xc1\x04\x9f\x9d\xf0\x99]A\xf1d\xb2z\xb3\xa9\xab\xd6\
\x0d\xad\xda7St\x93?\x8cp\xbb\xa4\xbdp(\xa6\
\xb5\x0e)\x0f9\xc7\x80\xc0\xed\xb1\xea\xd2\x03~6\x16\
\xd6ym,\xa7\x94\x86`\x9b@\xff!l\xde\x02\xb3\
[\xf8\x1b\xf1C\x07i\xeb]\x93\x99\x07\x18hHe\
\xba\xf0\xfd\xa7\xf7\xa3\x11S\x92w\xf9\xd4\xcf@\xec\xd9\
\xbcglW\xe9\xc6\xb4\xdb43m8\xf4{\x07\xfb\
\x22\xef\x1e\x97\x81\xe0\xdb\x83\xefx4\xc5\xfa\xb1\x9b\xf6\
\x14\xf92\x80\x853\xa5\x94\xf0=\x13\x85\xb0\x1e\xd3;\
\x9d\x8f&J\xa4\x22\x125Z\x0b\xed1\xc3\xfa\xe7y\
\x9d\xd9\xf5,\x83\xd5\xae\xeb\xea\xea\x8f\xb6\xd8\xb4\xa6\xeb\
@d-\xb1\x0c\xdd[\xf8b\x84[l\xfeT\x98\xbd\
\xf3\xe2\xd7\xb3J\xdb>\x00\x84\xb6\xe9\x1a\xb6\xbc\xac\x9b\
e\xf0\xe6\xc1}\x06\xcb\xaanr\xd3\x0c\xb6\xd8}\xce\
m5pRtG\xaf\xf5\xc1\xff\x10\x8bu<\x02\xe8\
\x0d@\xfb\x98\xe6\xf5~\x19\xf0\x0b\xeb\x97\xba\xde,\x83\
\x84h\xa6\xa8d\xc9\x85=;\xc0(I\x18\xd52b\
\x97V\xb7\xa8$\xa2\x8a\xe9+cwM\x03\xc7\x01\x97\
\xe9\xd1@l\xee1\xfah\x1f\xeb\xfd\xba\xb14u\xcd\
\xce\x5c\x8c\xb5&\xbcZ\xd5\x87\x1bv\xd8\x9e\x9d=k\
xW\x15\x1dhy\xd0\xc1\x04\xd2V\xe9\xf6%\x17\xce\
\xbe.\xebUZ.\x83\x87\xb4l/!\xfb\xa2\x02\xde\
p\xaf?\xa69\xbd\x05\x19\x14\xc9(S\xb70\xb0\x10\
|\xd3x|\xc9\xb8I\x0f\xc5\xa6\xf8b\x80-\xe6\x95\
\x07\xda;\xe3\xaa\x1f\xe8\x85g;\xe0$\xe8\x91l\x84\
\xba\xa3=y\x87\xa35\x05(\xf4\xea\x0d/\xe5\xeb\x0d\
\xb9yh'B\xb6M{\xb2\xa2q\xe4\xc6ti\x9e\
v\xe9\x044tY\xa0\x1a\x17\x09\x99j\xfe\xcb\xfb\x0f\
\xf7\xc3B\x16Y6\xff\xbdn>\x8f\x0bC\xc8B\xd2\
U\xbd\x03\xf6\x82\xfbS\xff\x22\xcf\xe6\x90[6iw\
_l@\xc36/}\x0f\xa9d\x11\x9e\x0c\xe7h\x1b\
\xe3\xc4\xaf\xf7\xdc\x18\x9f\xa6\xae&\xec<\xdb\x14vT\
\xf8kW\x94\xe5G;\xcd\x10\xe2\xc4m\xd1\x95f\xd2\
\xbb\x08\xfb\x18\x86\x18\xc3i\x90\x8bp \xc27\xd7\x97\
\xca\xaew\xdbM\x9d\x9b\xfeD\x5c\xecy\x99\xae\x0c(\
\xf2'kD\xa73\x97\x8f'h\x98w}\xbe\xe9:\
N\x22\xac0\xc7\x1a'\x98\xc2\x93\xc33\xc6|\x22\x82\
&\xadZK\x1d\xecV\xda5\xc5\xe1-\xe4\xc6$\xe2\
R\xab\x19\x85\xef\xa9\xc5X\xc4I$\xa4\x9ea\x11\xb1\
\x88p\xc5\xe2\xbb\xd3\xeeL\xa6\x86\x93\xdc\x1dK\x08\xe6\
\x01\x18\x9c\xbfQ\xd4~\xdf\xd9\x06\xee\xd3\xd2\x9c\xbdk\
\xbb\xa6\xfelF\xabo\x9e\xec\xc1\xc4\x9b\x0b\x85\xc1\xfc\
\x14G\x98\xc1\x9f\x8d\x82\xbb\xb8\x04DC\xa7\xd8I<\
\xee\xb5\x84\xbb\xfd-\xb6\xca'\x82\xf2\x19\x8b\xa2\x84(\
\xc8[wg\xba\xda\xa6\xdd\xe3\x99LN\x09\xab\xae*\
\x93uu\x83!u=\xa5\xdd\xae\x81\xb8\xcef\xf4\xeb\
\xb3\x1e\x18\xa3\x91\x82ei\x1cIXa\x82%\xac.\
\x86'\xc3\xcfF\xd8\xb3\x814\xe7\x84K\xa1\xc5\x8c\xc9\
H\x93\x98q\x86\xe8\x0c\xf3\x88D\xe7\xe8\xaff\xd3%\
\xa9\xb9\x18\x9ae\x01\xa1\xa4\xdb\xb9\xbd\xbe\xa6}\x7f\xd6\
E5\x07\xd5\x9bf\xe8u\x8d\x12\xf2K7\x97\x17[\
3t\xe4)\xdc!M\x93\x1e\xe7\x15\x14U\xcf\x0e\xc9\
\xbf\xc9\xa8\x80\xafe\xd5\x8aX\x81\x8c\xa5\xdb|q\x8d\
R\xd0\xa5\x8a\x95\xe6\x96R\xb8\xc1\xa8D\x8c\xdb\xcb\x08\
\xb6\x1e\x03\xddT\x09\xf5\x8d\xdbsn\xb9c\xd6\x1e+\
{\x988\xf0\x1b\x03\xc3\xfa\x82\xdd\x9f\x81]F8\xe5\
4\xb6\xec\x0a\xc2E\xc2\x91\x16\xf0\xa2\x22H\x0fR\xda\
\xd2)\xf9F\xefsz%\x96._IhE\xee\x9d\
Z\xc2\xaf\xc9\x97j\x22\xb5P\xd2\xb2\x19\x83\x929G\
6\x1dP\xa8 @\xbf\x06\xcbo\xec^\xb2\x1b\xbb\x84\
\x109v\xa9K\x10\x0c\xfa\xd4\xd5\xf4`\x05\xcc\xf4I\
\xad\x0c\xf9\xac\xa0g.O|\xa3\xf7\x1a\xbdq\x9f\x17\
\x98\xcb\x14\xb1\xcb\x13\xe2\xba\x80}\xfeU6\xff\x0ax\
\x85l\xd1'`\xceg\xff\x8f\xfc\xbb\x08\xd7\xa7\xf7g\
l\x8f\xb5\xb3/\xad\xd3&\x0b\xfe\xd3\xa2\xc8o\x15\x8b\
\xec\xe5\xa8\xfa:\x8f\xba\x1c\x13A\x969K\xe1\xe3\xd2\
\xec\xaf7\xcd\xa1\xacS\x82\xdf@\xd8_pRJ\xa2\
\x01r\x15\xd1X\x1f$\xe1<a\x89\xb8\x8e8\xde@\
x\x99\x08\x0awsL\xd9l\x9c\x07eP\xfbDD\
\xc4:AX\x12\x11\x09\xb0z\x0f\x08\xfb'\x1f\xdb\x1e\
\xc7f\xf4d\xf2c&\xed\x1e\x0b\x05\x95C+48\
\xf5\x16\x85\xce\x91\x0a\x9d\x9c\x0e\x16\xef\xf2lr\x85\xbe\
\xdc\xa86\xfb\xea\x19\x02SR\xaa\xd8\x15\xcfc\x03\x0a\
\xd0D\x10\x1d\xd9\x88#\xc5\x09\x93,\xba;S\xd5\xd7\
+\xc9\xff\xeb\xe0\x86\x92\x9cz\xaf\xab&\xa1}\x05-\
\x5c\xce\xb4_[^E/\xa8\x86\x12\x91H-_R\
\x0d\x14]*\xb9\xad\x1a\xee<h\xadn\xaa\xe6*b\
\xac\x97\xad\xc9\xdd\x8e~\x1e\xa7\x1aF\x04D\x830#\
4\x16\x02\xf2\x0cx\x88\x10v\x8f\xa1\xe10\xb1\xb2\x8a\
\xf1\xfd=zlz\x1c\x9d\xe1\xde\xdb\xe0\xac7\x9c\xa1\
N\xce|w\xefj:\xe1\xdf\xa8\x84\x11\xb8\xdf#\xb8\
\xe9\xfb\xdfXC\x0bjT\xad\x88\x8c\xc1\xb9f\x94\xd0\
(\xd1\x13\x99\x0c\xa9\xc7?\x17\xf6\xd7/<\xff\x02?\
\x8a\xb6\x84\
"

qt_resource_name = b"\
\x00\x05\
\x00o\xa6S\
\x00i\
\x00c\x00o\x00n\x00s\
\x00\x08\
\x0b\xb2XG\
\x00r\
\x00e\x00d\x00o\x00.\x00p\x00n\x00g\
\x00\x0d\
\x01\x01&G\
\x00a\
\x00n\x00i\x00m\x00a\x00t\x00i\x00o\x00n\x00.\x00p\x00n\x00g\
\x00\x0a\
\x09\xb2g\xc7\
\x00c\
\x00a\x00n\x00c\x00e\x00l\x00.\x00p\x00n\x00g\
\x00\x0f\
\x02r\xf5\x87\
\x00u\
\x00s\x00e\x00r\x00_\x00m\x00a\x00n\x00u\x00a\x00l\x00.\x00p\x00n\x00g\
\x00\x12\
\x05`\xbdg\
\x00b\
\x00u\x00t\x00t\x00o\x00n\x00_\x00r\x00u\x00n\x00m\x00a\x00i\x00n\x00.\x00s\x00v\
\x00g\
\x00#\
\x03\x12\xc3g\
\x00m\
\x00o\x00d\x00e\x00l\x00_\x00v\x00i\x00e\x00w\x00_\x00d\x00e\x00t\x00a\x00i\x00l\
\x00_\x00l\x00e\x00v\x00e\x00l\x00_\x00m\x00i\x00n\x00i\x00m\x00a\x00l\x00.\x00p\
\x00n\x00g\
\x00 \
\x00\xfeVg\
\x00m\
\x00o\x00d\x00e\x00l\x00_\x00v\x00i\x00e\x00w\x00_\x00d\x00e\x00t\x00a\x00i\x00l\
\x00_\x00l\x00e\x00v\x00e\x00l\x00_\x00f\x00u\x00l\x00l\x00.\x00p\x00n\x00g\
\x00\x0a\
\x0a\xc8\xf7'\
\x00f\
\x00i\x00l\x00t\x00e\x00r\x00.\x00p\x00n\x00g\
\x00\x0a\
\x0c\xad\x0f\x07\
\x00d\
\x00e\x00l\x00e\x00t\x00e\x00.\x00p\x00n\x00g\
\x00\x18\
\x0e\x5c\xde\xa7\
\x00b\
\x00u\x00t\x00t\x00o\x00n\x00_\x00b\x00a\x00t\x00c\x00h\x00s\x00e\x00t\x00t\x00i\
\x00n\x00g\x00s\x00.\x00s\x00v\x00g\
\x00\x0c\
\x09j\x01\x87\
\x00f\
\x00i\x00l\x00e\x00_\x00n\x00e\x00w\x00.\x00p\x00n\x00g\
\x00\x0e\
\x02U\x93\x07\
\x00l\
\x00i\x00n\x00k\x00_\x00v\x00a\x00l\x00i\x00d\x00.\x00p\x00n\x00g\
\x00\x0f\
\x0b\xa9.\x87\
\x00c\
\x00l\x00e\x00a\x00r\x00_\x00q\x00u\x00e\x00u\x00e\x00.\x00p\x00n\x00g\
\x00\x09\
\x0c\x98\xbaG\
\x00p\
\x00a\x00u\x00s\x00e\x00.\x00p\x00n\x00g\
\x00\x0a\
\x06\x9a\xc9\xa7\
\x00e\
\x00x\x00p\x00o\x00r\x00t\x00.\x00p\x00n\x00g\
\x00\x0b\
\x05yN'\
\x00s\
\x00a\x00v\x00e\x00_\x00a\x00s\x00.\x00p\x00n\x00g\
\x00\x08\
\x06\x97X\x07\
\x00s\
\x00o\x00r\x00t\x00.\x00p\x00n\x00g\
\x00\x0a\
\x06\x99_\xa7\
\x00i\
\x00m\x00p\x00o\x00r\x00t\x00.\x00p\x00n\x00g\
\x00\x10\
\x0d\x08SG\
\x00r\
\x00o\x00l\x00e\x00_\x00s\x00t\x00a\x00r\x00t\x00u\x00p\x00.\x00s\x00v\x00g\
\x00\x09\
\x09\xba\x82'\
\x00d\
\x00e\x00b\x00u\x00g\x00.\x00p\x00n\x00g\
\x00\x09\
\x0a\xcb\xb7\xc7\
\x00i\
\x00n\x00d\x00e\x00x\x00.\x00p\x00n\x00g\
\x00\x10\
\x0a\x1d\xb3'\
\x00d\
\x00e\x00f\x00a\x00u\x00l\x00t\x00_\x00c\x00u\x00b\x00e\x00.\x00p\x00n\x00g\
\x00\x13\
\x00\x85\x17\x87\
\x00b\
\x00u\x00t\x00t\x00o\x00n\x00_\x00r\x00u\x00n\x00b\x00a\x00t\x00c\x00h\x00.\x00s\
\x00v\x00g\
\x00\x08\
\x04\xb2X\xc7\
\x00u\
\x00n\x00d\x00o\x00.\x00p\x00n\x00g\
\x00\x12\
\x0c\x93\xb1\x07\
\x00z\
\x00o\x00o\x00m\x00_\x002\x00d\x00_\x00t\x00o\x00_\x00f\x00i\x00t\x00.\x00p\x00n\
\x00g\
\x00\x08\
\x06|Z\x07\
\x00c\
\x00o\x00p\x00y\x00.\x00p\x00n\x00g\
\x00\x13\
\x03\xcb\xbf\xe7\
\x00b\
\x00u\x00t\x00t\x00o\x00n\x00_\x00r\x00e\x00s\x00e\x00t\x00s\x00i\x00m\x00.\x00s\
\x00v\x00g\
\x00\x12\
\x0b[\xef\xe7\
\x00b\
\x00u\x00t\x00t\x00o\x00n\x00_\x00s\x00t\x00e\x00p\x00s\x00i\x00m\x00.\x00s\x00v\
\x00g\
\x00\x12\
\x0bD\xe5\x07\
\x00b\
\x00u\x00t\x00t\x00o\x00n\x00_\x00p\x00l\x00a\x00y\x00s\x00i\x00m\x00.\x00s\x00v\
\x00g\
\x00\x13\
\x03\x87\x95\xe7\
\x00b\
\x00u\x00t\x00t\x00o\x00n\x00_\x00s\x00t\x00a\x00r\x00t\x00s\x00i\x00m\x00.\x00s\
\x00v\x00g\
\x00\x08\
\x02\x8cY\xa7\
\x00p\
\x00l\x00a\x00y\x00.\x00p\x00n\x00g\
\x00\x1b\
\x0e\xa5\xa3'\
\x00v\
\x00i\x00e\x00w\x00_\x00c\x00o\x00n\x00t\x00e\x00n\x00t\x00_\x00i\x00n\x00d\x00i\
\x00v\x00i\x00d\x00u\x00a\x00l\x00.\x00p\x00n\x00g\
\x00\x06\
\x06\xe2WG\
\x00g\
\x00o\x00.\x00p\x00n\x00g\
\x00\x07\
\x0a\xc7W\x87\
\x00c\
\x00u\x00t\x00.\x00p\x00n\x00g\
\x00\x09\
\x0a\xa8\xbaG\
\x00p\
\x00a\x00s\x00t\x00e\x00.\x00p\x00n\x00g\
\x00\x16\
\x00\x1am\x87\
\x00b\
\x00u\x00t\x00t\x00o\x00n\x00_\x00s\x00i\x00m\x00s\x00e\x00t\x00t\x00i\x00n\x00g\
\x00s\x00.\x00s\x00v\x00g\
"

qt_resource_struct = b"\
\x00\x00\x00\x00\x00\x02\x00\x00\x00\x01\x00\x00\x00\x01\
\x00\x00\x00\x00\x00\x00\x00\x00\
\x00\x00\x00\x00\x00\x02\x00\x00\x00$\x00\x00\x00\x02\
\x00\x00\x00\x00\x00\x00\x00\x00\
\x00\x00\x04\xc6\x00\x01\x00\x00\x00\x01\x00\x012\x15\
\x00\x00\x01\x94L\x9e\xee\xb3\
\x00\x00\x03\x08\x00\x01\x00\x00\x00\x01\x00\x00q\xe1\
\x00\x00\x01\x94L\x9e\xee\xa9\
\x00\x00\x00\xfa\x00\x00\x00\x00\x00\x01\x00\x00\x16\xdf\
\x00\x00\x01\x86\x17\x96G\xe0\
\x00\x00\x00&\x00\x00\x00\x00\x00\x01\x00\x00\x02\xf5\
\x00\x00\x01\x86\x17\x96G\xc8\
\x00\x00\x01\xc8\x00\x00\x00\x00\x00\x01\x00\x009\x98\
\x00\x00\x01\x86\x17\x96G\xdf\
\x00\x00\x00`\x00\x00\x00\x00\x00\x01\x00\x00\x08\x1f\
\x00\x00\x01\x86\x17\x96H\x1a\
\x00\x00\x046\x00\x00\x00\x00\x00\x01\x00\x00\xa5X\
\x00\x00\x01\x86\x17\x96G\xf0\
\x00\x00\x00\xae\x00\x00\x00\x00\x00\x01\x00\x00\x16\x0e\
\x00\x00\x01\x86\x17\x96G\xe1\
\x00\x00\x04\x0a\x00\x00\x00\x00\x00\x01\x00\x00\x9a-\
\x00\x00\x01\x94L\x9e\xee\xb7\
\x00\x00\x03\x8a\x00\x00\x00\x00\x00\x01\x00\x00}\x7f\
\x00\x00\x01\x94L\x9e\xee\xa4\
\x00\x00\x034\x00\x00\x00\x00\x00\x01\x00\x00wh\
\x00\x00\x01\x86\x17\x96H\x19\
\x00\x00\x00\x84\x00\x00\x00\x00\x00\x01\x00\x00\x0aK\
\x00\x00\x01\x94L\x9e\xee\xad\
\x00\x00\x02@\x00\x00\x00\x00\x00\x01\x00\x00Mj\
\x00\x00\x01\x86\x17\x96H\x0c\
\x00\x00\x03t\x00\x00\x00\x00\x00\x01\x00\x00{\xc7\
\x00\x00\x01\x86\x17\x96G\xd6\
\x00\x00\x02\x5c\x00\x00\x00\x00\x00\x01\x00\x00PD\
\x00\x00\x01\x86\x17\x96H\x19\
\x00\x00\x02r\x00\x00\x00\x00\x00\x01\x00\x00X}\
\x00\x00\x01\x86\x17\x96G\xdc\
\x00\x00\x02&\x00\x00\x00\x00\x00\x01\x00\x00H\x11\
\x00\x00\x01\x86\x17\x96G\xd9\
\x00\x00\x04\x88\x00\x00\x00\x00\x00\x01\x00\x00\xbc4\
\x00\x00\x01\x86\x17\x96G\xdb\
\x00\x00\x01\xaa\x00\x00\x00\x00\x00\x01\x00\x000%\
\x00\x00\x01\x86\x17\x96G\xd9\
\x00\x00\x00F\x00\x00\x00\x00\x00\x01\x00\x00\x05(\
\x00\x00\x01\x86\x17\x96G\xd5\
\x00\x00\x02\xb2\x00\x00\x00\x00\x00\x01\x00\x00h\xfe\
\x00\x00\x01\x86\x17\x96G\xd7\
\x00\x00\x02\xe2\x00\x00\x00\x00\x00\x01\x00\x00qN\
\x00\x00\x01\x86\x17\x96G\xd7\
\x00\x00\x04\xae\x00\x00\x00\x00\x00\x01\x00\x01/\xbb\
\x00\x00\x01\x86\x17\x96G\xec\
\x00\x00\x04\x9a\x00\x00\x00\x00\x00\x01\x00\x01.G\
\x00\x00\x01\x86\x17\x96G\xd6\
\x00\x00\x01@\x00\x00\x00\x00\x00\x01\x00\x00\x18\x0f\
\x00\x00\x01\x86\x17\x96G\xda\
\x00\x00\x02\xca\x00\x00\x00\x00\x00\x01\x00\x00k{\
\x00\x00\x01\x86\x17\x96G\xdc\
\x00\x00\x03\xe0\x00\x00\x00\x00\x00\x01\x00\x00\x92%\
\x00\x00\x01\x94L\x9e\xee\x9f\
\x00\x00\x03\xb6\x00\x00\x00\x00\x00\x01\x00\x00\x88\x81\
\x00\x00\x01\x94L\x9e\xee\xbb\
\x00\x00\x01\xea\x00\x00\x00\x00\x00\x01\x00\x00<\xb0\
\x00\x00\x01\x86\x17\x96G\xd5\
\x00\x00\x00\x10\x00\x00\x00\x00\x00\x01\x00\x00\x00\x00\
\x00\x00\x01\x86\x17\x96G\xf1\
\x00\x00\x03J\x00\x00\x00\x00\x00\x01\x00\x00z\x96\
\x00\x00\x01\x86\x17\x96H\x1b\
\x00\x00\x02\x0e\x00\x00\x00\x00\x00\x01\x00\x00A\x81\
\x00\x00\x01\x86\x17\x96G\xef\
\x00\x00\x01Z\x00\x00\x00\x00\x00\x01\x00\x00&\xe8\
\x00\x00\x01\x86\x17\x96G\xd8\
\x00\x00\x02\x8c\x00\x00\x00\x00\x00\x01\x00\x00^\x91\
\x00\x00\x01\x94L\x9e\xef\xbb\
\x00\x00\x01t\x00\x01\x00\x00\x00\x01\x00\x00)%\
\x00\x00\x01\x94L\x9e\xeef\
\x00\x00\x04L\x00\x00\x00\x00\x00\x01\x00\x00\xbaH\
\x00\x00\x01\x86\x17\x96H\x1a\
"

def qInitResources():
    QtCore.qRegisterResourceData(0x03, qt_resource_struct, qt_resource_name, qt_resource_data)

def qCleanupResources():
    QtCore.qUnregisterResourceData(0x03, qt_resource_struct, qt_resource_name, qt_resource_data)

qInitResources()
